tenant_id,shipment_no,trade_type,origin_port,destination_port,container_count,chargeable_weight,customer_id,status,billing_currency,is_billed
tnt_demo,SHP-000001,export,INNSA,CNSHA,4,4550.422,CUST-030,in_transit,INR,false
tnt_demo,SHP-000002,import,CNSHA,SGSIN,2,16591.865,CUST-011,booked,USD,false
tnt_demo,SHP-000003,import,CNSHA,INNSA,4,20783.670,CUST-040,arrived,USD,false
tnt_demo,SHP-000004,export,INNSA,DEHAM,3,11634.878,CUST-032,delivered,USD,false
tnt_demo,SHP-000005,export,INNSA,CNSHA,1,11502.888,CUST-040,booked,USD,false
tnt_demo,SHP-000006,import,SGSIN,CNSHA,6,13559.190,CUST-011,in_transit,INR,false
tnt_demo,SHP-000007,export,INNSA,INMAA,3,8066.154,CUST-001,in_transit,USD,true
tnt_acme,SHP-000008,export,INNSA,AEJEA,6,19145.813,CUST-001,in_transit,EUR,false
tnt_demo,SHP-000009,export,INMAA,SGSIN,5,7695.338,CUST-008,in_transit,INR,false
tnt_demo,SHP-000010,export,INNSA,SGSIN,6,5171.258,CUST-009,in_transit,INR,false
tnt_demo,SHP-000011,import,SGSIN,USNYC,1,17735.465,CUST-049,delivered,EUR,false
tnt_demo,SHP-000012,import,AEJEA,INMAA,6,15154.956,CUST-038,arrived,INR,true
tnt_demo,SHP-000013,export,INNSA,INMAA,5,7820.811,CUST-026,in_transit,USD,false
tnt_demo,SHP-000014,import,DEHAM,NLRTM,3,2952.055,CUST-024,in_transit,INR,false
tnt_demo,SHP-000015,import,USNYC,DEHAM,6,22508.339,CUST-016,in_transit,USD,false
tnt_demo,SHP-000016,export,INNSA,DEHAM,4,20525.594,CUST-036,booked,USD,true
tnt_demo,SHP-000017,export,INMAA,SGSIN,1,8820.569,CUST-048,arrived,INR,false
tnt_demo,SHP-000018,import,CNSHA,USNYC,2,12048.194,CUST-010,in_transit,INR,false
tnt_demo,SHP-000019,import,SGSIN,DEHAM,3,18586.059,CUST-015,in_transit,INR,true
tnt_demo,SHP-000020,export,INNSA,AEJEA,4,9508.365,CUST-031,in_transit,AED,false
tnt_demo,SHP-000021,import,CNSHA,INMAA,6,7402.121,CUST-025,in_transit,USD,false
tnt_demo,SHP-000022,export,INMAA,AEJEA,2,9880.979,CUST-002,delivered,INR,false
tnt_demo,SHP-000023,export,INNSA,SGSIN,5,15303.698,CUST-035,arrived,EUR,false
tnt_demo,SHP-000024,export,INMAA,CNSHA,1,10726.118,CUST-047,delivered,EUR,false
tnt_acme,SHP-000025,import,CNSHA,DEHAM,5,21012.770,CUST-015,arrived,EUR,false
tnt_demo,SHP-000026,export,INMAA,AEJEA,2,877.763,CUST-008,arrived,USD,false
tnt_demo,SHP-000027,import,SGSIN,DEHAM,6,6472.457,CUST-049,delivered,USD,true
tnt_demo,SHP-000028,import,CNSHA,AEJEA,2,6715.337,CUST-041,arrived,USD,false
tnt_acme,SHP-000029,export,INNSA,SGSIN,2,1186.435,CUST-023,booked,INR,false
tnt_demo,SHP-000030,export,INNSA,CNSHA,1,12547.377,CUST-028,in_transit,INR,false
tnt_demo,SHP-000031,export,INNSA,CNSHA,5,13513.730,CUST-018,booked,USD,false
tnt_demo,SHP-000032,export,INNSA,NLRTM,2,3821.862,CUST-042,in_transit,INR,false
tnt_demo,SHP-000033,import,SGSIN,AEJEA,3,19704.606,CUST-011,arrived,AED,false
tnt_demo,SHP-000034,import,SGSIN,INNSA,3,10104.316,CUST-046,in_transit,USD,false
tnt_demo,SHP-000035,export,INMUN,DEHAM,4,21375.176,CUST-049,in_transit,INR,false
tnt_acme,SHP-000036,export,INMAA,NLRTM,5,13819.356,CUST-020,booked,INR,false
tnt_demo,SHP-000037,import,NLRTM,SGSIN,2,19386.989,CUST-017,arrived,USD,false
tnt_demo,SHP-000038,export,INMAA,AEJEA,5,7689.917,CUST-044,in_transit,INR,false
tnt_demo,SHP-000039,export,INNSA,SGSIN,5,13137.324,CUST-018,arrived,USD,false
tnt_demo,SHP-000040,export,INNSA,DEHAM,4,,CUST-005,in_transit,USD,false
tnt_demo,SHP-000041,export,INNSA,DEHAM,1,9308.337,CUST-032,arrived,EUR,false
tnt_demo,SHP-000042,import,USNYC,NLRTM,2,21015.987,CUST-013,in_transit,USD,false
tnt_demo,SHP-000043,export,INMAA,INMUN,6,15332.986,CUST-018,arrived,USD,false
tnt_demo,SHP-000044,export,INNSA,USNYC,5,3535.010,CUST-022,booked,INR,false
tnt_demo,SHP-000045,export,INNSA,INMAA,6,15891.052,CUST-015,in_transit,USD,false
tnt_demo,SHP-000046,export,INNSA,CNSHA,4,18155.044,CUST-011,arrived,INR,false
tnt_demo,SHP-000047,export,INNSA,AEJEA,2,21599.105,CUST-014,booked,INR,false
tnt_demo,SHP-000048,import,AEJEA,NLRTM,4,849.562,CUST-035,in_transit,USD,false
tnt_demo,SHP-000049,export,INNSA,INMAA,4,22982.934,CUST-042,in_transit,USD,false
tnt_demo,SHP-000050,export,INNSA,AEJEA,2,21799.204,CUST-025,arrived,USD,false
tnt_demo,SHP-000051,export,INNSA,NLRTM,6,828.325,CUST-026,in_transit,INR,false
tnt_demo,SHP-000052,export,INMAA,AEJEA,1,1985.792,CUST-021,in_transit,EUR,false
tnt_demo,SHP-000053,export,INMAA,SGSIN,2,6413.613,CUST-023,in_transit,INR,false
tnt_demo,SHP-000054,export,INMAA,USNYC,2,8003.025,CUST-048,in_transit,USD,false
tnt_acme,SHP-000055,import,SGSIN,AEJEA,5,4687.855,CUST-016,in_transit,INR,false
tnt_demo,SHP-000056,export,INNSA,AEJEA,2,20517.941,CUST-021,booked,USD,false
tnt_demo,SHP-000057,import,CNSHA,INMAA,5,7681.590,CUST-031,arrived,INR,false
tnt_demo,SHP-000058,export,INMAA,INMUN,3,10516.305,CUST-016,arrived,USD,false
tnt_demo,SHP-000059,export,INNSA,INMUN,1,23119.274,CUST-007,in_transit,USD,false
tnt_demo,SHP-000060,import,NLRTM,INMUN,5,1689.266,CUST-007,booked,USD,false
tnt_demo,SHP-000061,import,AEJEA,USNYC,5,15575.801,CUST-042,in_transit,EUR,false
tnt_acme,SHP-000062,import,SGSIN,NLRTM,2,1474.254,CUST-004,booked,INR,false
tnt_demo,SHP-000063,export,INNSA,DEHAM,3,13611.010,CUST-040,booked,USD,false
tnt_demo,SHP-000064,export,INMUN,INMAA,1,15672.942,CUST-024,booked,USD,false
tnt_demo,SHP-000065,export,INNSA,USNYC,1,8174.213,CUST-040,in_transit,USD,false
tnt_demo,SHP-000066,import,CNSHA,DEHAM,1,9675.841,CUST-032,booked,USD,false
tnt_demo,SHP-000067,export,INMAA,DEHAM,5,1701.989,CUST-028,arrived,INR,false
tnt_demo,SHP-000068,export,INNSA,INMUN,1,12391.798,CUST-043,in_transit,USD,false
tnt_demo,SHP-000069,import,USNYC,INMUN,5,5878.655,CUST-049,in_transit,INR,true
tnt_demo,SHP-000070,export,INNSA,DEHAM,3,14357.501,CUST-022,booked,EUR,true
tnt_demo,SHP-000071,export,INMUN,CNSHA,6,1646.625,CUST-042,in_transit,USD,false
tnt_demo,SHP-000072,import,SGSIN,CNSHA,5,529.822,CUST-002,in_transit,USD,false
tnt_demo,SHP-000073,import,DEHAM,CNSHA,4,12318.441,CUST-042,booked,INR,false
tnt_demo,SHP-000074,import,NLRTM,CNSHA,6,15923.454,CUST-011,booked,USD,false
tnt_demo,SHP-000075,import,SGSIN,USNYC,2,13296.160,CUST-001,in_transit,USD,false
tnt_demo,SHP-000076,export,INNSA,DEHAM,3,17722.522,CUST-046,in_transit,INR,false
tnt_demo,SHP-000077,export,INMAA,DEHAM,4,6371.522,CUST-010,in_transit,INR,false
tnt_acme,SHP-000078,import,CNSHA,DEHAM,5,8051.379,CUST-027,in_transit,INR,false
tnt_demo,SHP-000079,export,INNSA,DEHAM,1,3892.955,CUST-016,arrived,USD,false
tnt_demo,SHP-000080,export,INNSA,SGSIN,2,9684.762,CUST-015,in_transit,INR,false
tnt_demo,SHP-000081,export,INMUN,INNSA,6,2910.143,CUST-009,arrived,USD,false
tnt_demo,SHP-000082,export,INMAA,DEHAM,5,22530.268,CUST-043,booked,USD,false
tnt_demo,SHP-000083,export,INMUN,SGSIN,2,18907.598,CUST-041,in_transit,EUR,false
tnt_demo,SHP-000084,import,SGSIN,INNSA,6,786.976,CUST-022,in_transit,USD,false
tnt_demo,SHP-000085,export,INNSA,DEHAM,1,18121.036,CUST-049,booked,AED,false
tnt_demo,SHP-000086,import,CNSHA,SGSIN,4,,CUST-026,in_transit,USD,false
tnt_demo,SHP-000087,import,AEJEA,USNYC,4,12860.407,CUST-029,booked,USD,false
tnt_demo,SHP-000088,import,USNYC,INMUN,4,7350.782,CUST-035,booked,USD,false
tnt_demo,SHP-000089,export,INNSA,SGSIN,4,4405.237,CUST-038,booked,INR,false
tnt_demo,SHP-000090,export,INMAA,SGSIN,5,17443.386,CUST-011,booked,INR,true
tnt_demo,SHP-000091,export,INNSA,CNSHA,3,10138.095,CUST-041,booked,INR,false
tnt_demo,SHP-000092,export,INNSA,NLRTM,4,3587.369,CUST-033,in_transit,USD,false
tnt_demo,SHP-000093,export,INMAA,DEHAM,6,3165.482,CUST-045,in_transit,INR,false
tnt_demo,SHP-000094,export,INNSA,SGSIN,4,9735.369,CUST-046,in_transit,EUR,false
tnt_demo,SHP-000095,export,INMAA,DEHAM,4,19498.417,CUST-011,in_transit,EUR,false
tnt_demo,SHP-000096,import,NLRTM,USNYC,3,941.521,CUST-012,delivered,INR,true
tnt_demo,SHP-000097,export,INNSA,INMAA,1,15366.883,CUST-030,delivered,EUR,false
tnt_demo,SHP-000098,export,INNSA,DEHAM,5,11318.465,CUST-042,in_transit,INR,false
tnt_demo,SHP-000099,import,CNSHA,NLRTM,3,,CUST-032,arrived,USD,false
tnt_acme,SHP-000100,export,INNSA,INMAA,6,15592.704,CUST-037,in_transit,INR,false
tnt_demo,SHP-000101,export,INNSA,AEJEA,2,14974.318,CUST-036,booked,USD,false
tnt_acme,SHP-000102,import,SGSIN,INMAA,4,13532.005,CUST-006,in_transit,USD,false
tnt_demo,SHP-000103,import,SGSIN,NLRTM,3,7135.912,CUST-004,booked,INR,false
tnt_demo,SHP-000104,import,USNYC,AEJEA,6,11029.129,CUST-018,booked,USD,false
tnt_demo,SHP-000105,export,INNSA,INMAA,1,9515.773,CUST-017,in_transit,USD,false
tnt_demo,SHP-000106,import,SGSIN,INMUN,1,23525.621,CUST-034,booked,USD,false
tnt_demo,SHP-000107,export,INNSA,NLRTM,2,14818.580,CUST-013,booked,USD,false
tnt_demo,SHP-000108,import,AEJEA,USNYC,1,24998.998,CUST-001,in_transit,USD,false
tnt_demo,SHP-000109,export,INNSA,CNSHA,1,1223.872,CUST-040,booked,USD,false
tnt_demo,SHP-000110,import,CNSHA,INNSA,4,13442.487,CUST-011,in_transit,USD,false
tnt_demo,SHP-000111,import,SGSIN,DEHAM,5,19654.013,CUST-046,in_transit,EUR,false
tnt_demo,SHP-000112,export,INNSA,INMUN,2,13573.475,CUST-022,booked,USD,false
tnt_acme,SHP-000113,export,INNSA,INMUN,5,12463.271,CUST-045,in_transit,INR,true
tnt_demo,SHP-000114,import,SGSIN,INNSA,4,15707.639,CUST-037,in_transit,INR,false
tnt_demo,SHP-000115,export,INNSA,NLRTM,6,7828.874,CUST-043,arrived,EUR,false
tnt_demo,SHP-000116,export,INMAA,AEJEA,2,11232.832,CUST-003,in_transit,USD,false
tnt_demo,SHP-000117,export,INNSA,NLRTM,5,8765.601,CUST-038,booked,USD,true
tnt_acme,SHP-000118,import,CNSHA,NLRTM,6,13432.591,CUST-006,in_transit,USD,false
tnt_demo,SHP-000119,import,CNSHA,USNYC,2,18036.086,CUST-008,booked,AED,false
tnt_demo,SHP-000120,import,CNSHA,INMAA,3,11605.015,CUST-007,arrived,INR,false
tnt_demo,SHP-000121,import,SGSIN,INMAA,3,14629.224,CUST-017,in_transit,USD,false
tnt_demo,SHP-000122,import,SGSIN,NLRTM,2,8393.530,CUST-004,booked,USD,false
tnt_demo,SHP-000123,import,SGSIN,AEJEA,3,21262.565,CUST-048,arrived,EUR,false
tnt_demo,SHP-000124,export,INNSA,USNYC,5,1423.789,CUST-044,booked,USD,false
tnt_demo,SHP-000125,export,INNSA,SGSIN,5,19113.164,CUST-031,in_transit,USD,false
tnt_demo,SHP-000126,import,SGSIN,DEHAM,4,4505.896,CUST-045,booked,INR,false
tnt_demo,SHP-000127,export,INNSA,AEJEA,5,13643.543,CUST-044,delivered,USD,false
tnt_demo,SHP-000128,import,CNSHA,INMUN,2,12418.786,CUST-049,booked,USD,false
tnt_demo,SHP-000129,export,INMUN,USNYC,5,4793.511,CUST-020,in_transit,USD,false
tnt_demo,SHP-000130,import,SGSIN,CNSHA,2,23903.801,CUST-028,arrived,USD,false
tnt_acme,SHP-000131,export,INNSA,AEJEA,4,24544.957,CUST-047,in_transit,USD,false
tnt_acme,SHP-000132,import,DEHAM,USNYC,1,,CUST-038,in_transit,INR,false
tnt_demo,SHP-000133,import,CNSHA,USNYC,1,5412.383,CUST-025,in_transit,USD,false
tnt_demo,SHP-000134,export,INMAA,NLRTM,2,3191.549,CUST-018,in_transit,USD,false
tnt_demo,SHP-000135,export,INNSA,USNYC,5,6769.826,CUST-001,in_transit,EUR,true
tnt_demo,SHP-000136,export,INNSA,INMUN,1,6012.236,CUST-016,booked,USD,false
tnt_demo,SHP-000137,import,SGSIN,INMAA,6,10542.853,CUST-022,in_transit,INR,false
tnt_demo,SHP-000138,export,INNSA,INMAA,6,4208.211,CUST-019,in_transit,USD,false
tnt_demo,SHP-000139,import,SGSIN,CNSHA,3,15801.433,CUST-028,booked,USD,false
tnt_demo,SHP-000140,export,INMAA,DEHAM,2,4501.846,CUST-035,arrived,INR,false
tnt_demo,SHP-000141,import,CNSHA,DEHAM,2,21221.272,CUST-037,arrived,INR,true
tnt_acme,SHP-000142,export,INNSA,INMAA,4,12636.616,CUST-021,arrived,EUR,false
tnt_demo,SHP-000143,export,INNSA,CNSHA,3,22394.247,CUST-044,in_transit,USD,false
tnt_demo,SHP-000144,import,SGSIN,NLRTM,2,24288.271,CUST-024,in_transit,EUR,false
tnt_acme,SHP-000145,export,INMAA,AEJEA,5,10732.228,CUST-037,booked,INR,false
tnt_demo,SHP-000146,export,INNSA,INMAA,2,11858.817,CUST-047,in_transit,USD,false
tnt_demo,SHP-000147,import,CNSHA,DEHAM,5,22834.032,CUST-040,booked,EUR,false
tnt_demo,SHP-000148,import,CNSHA,AEJEA,2,7993.776,CUST-020,delivered,EUR,false
tnt_demo,SHP-000149,import,CNSHA,INMAA,3,13860.599,CUST-016,in_transit,EUR,false
tnt_acme,SHP-000150,export,INNSA,SGSIN,5,11633.165,CUST-036,arrived,EUR,false
tnt_demo,SHP-000151,import,SGSIN,INMAA,5,16650.730,CUST-010,booked,USD,false
tnt_acme,SHP-000152,export,INNSA,CNSHA,6,12276.055,CUST-014,in_transit,USD,false
tnt_demo,SHP-000153,export,INMAA,INMUN,2,609.985,CUST-038,booked,INR,false
tnt_demo,SHP-000154,import,CNSHA,SGSIN,2,13654.517,CUST-038,in_transit,USD,false
tnt_demo,SHP-000155,import,CNSHA,INMAA,5,702.963,CUST-036,in_transit,INR,false
tnt_demo,SHP-000156,export,INNSA,NLRTM,4,12196.532,CUST-036,booked,USD,false
tnt_demo,SHP-000157,export,INMAA,NLRTM,1,3827.594,CUST-004,booked,EUR,false
tnt_demo,SHP-000158,export,INNSA,NLRTM,3,2163.725,CUST-025,arrived,INR,false
tnt_demo,SHP-000159,import,NLRTM,DEHAM,1,22393.350,CUST-044,booked,USD,false
tnt_demo,SHP-000160,import,CNSHA,INMUN,4,,CUST-041,in_transit,USD,false
tnt_demo,SHP-000161,export,INMAA,USNYC,2,3194.048,CUST-037,in_transit,INR,false
tnt_demo,SHP-000162,import,USNYC,INNSA,1,11118.851,CUST-002,in_transit,USD,false
tnt_demo,SHP-000163,export,INNSA,SGSIN,3,23832.432,CUST-047,booked,USD,false
tnt_demo,SHP-000164,import,NLRTM,INMUN,1,14317.953,CUST-022,in_transit,USD,false
tnt_demo,SHP-000165,export,INNSA,USNYC,1,19910.607,CUST-009,booked,INR,false
tnt_demo,SHP-000166,import,CNSHA,INMAA,3,11498.579,CUST-004,booked,INR,false
tnt_demo,SHP-000167,export,INMAA,USNYC,6,11441.494,CUST-012,in_transit,INR,false
tnt_demo,SHP-000168,export,INMAA,DEHAM,6,14545.206,CUST-040,arrived,EUR,false
tnt_demo,SHP-000169,import,CNSHA,USNYC,1,3452.153,CUST-042,booked,USD,false
tnt_demo,SHP-000170,import,SGSIN,CNSHA,1,5637.639,CUST-022,in_transit,INR,false
tnt_demo,SHP-000171,export,INNSA,AEJEA,4,7173.665,CUST-020,in_transit,EUR,true
tnt_demo,SHP-000172,export,INNSA,NLRTM,1,10135.854,CUST-018,in_transit,USD,false
tnt_demo,SHP-000173,import,CNSHA,INMAA,5,13438.142,CUST-043,booked,EUR,false
tnt_demo,SHP-000174,export,INNSA,INMAA,6,10577.029,CUST-046,arrived,INR,false
tnt_demo,SHP-000175,export,INNSA,DEHAM,4,6345.543,CUST-003,arrived,INR,false
tnt_demo,SHP-000176,export,INMUN,DEHAM,1,16835.449,CUST-014,in_transit,INR,false
tnt_demo,SHP-000177,import,CNSHA,SGSIN,5,4566.573,CUST-032,in_transit,USD,false
tnt_demo,SHP-000178,export,INNSA,AEJEA,6,4505.025,CUST-040,in_transit,EUR,false
tnt_demo,SHP-000179,import,CNSHA,INNSA,5,13937.723,CUST-037,in_transit,USD,false
tnt_demo,SHP-000180,export,INMAA,DEHAM,4,17247.974,CUST-019,in_transit,USD,false
tnt_demo,SHP-000181,export,INNSA,AEJEA,4,2205.515,CUST-019,in_transit,USD,false
tnt_demo,SHP-000182,import,DEHAM,INNSA,1,6645.238,CUST-009,arrived,EUR,false
tnt_demo,SHP-000183,export,INNSA,USNYC,4,24409.087,CUST-041,booked,USD,false
tnt_demo,SHP-000184,export,INNSA,CNSHA,5,14141.371,CUST-033,booked,USD,false
tnt_demo,SHP-000185,export,INMAA,NLRTM,6,21811.970,CUST-020,in_transit,INR,false
tnt_demo,SHP-000186,import,CNSHA,INMUN,3,7183.468,CUST-026,delivered,USD,false
tnt_demo,SHP-000187,export,INNSA,INMUN,3,16379.764,CUST-042,in_transit,USD,false
tnt_demo,SHP-000188,export,INMUN,CNSHA,6,10229.760,CUST-040,in_transit,AED,false
tnt_demo,SHP-000189,export,INMUN,AEJEA,6,3450.117,CUST-047,in_transit,USD,false
tnt_demo,SHP-000190,import,AEJEA,USNYC,6,18344.120,CUST-028,arrived,EUR,false
tnt_demo,SHP-000191,import,SGSIN,INNSA,3,20025.899,CUST-036,in_transit,USD,false
tnt_demo,SHP-000192,import,DEHAM,INNSA,4,3284.790,CUST-021,in_transit,USD,false
tnt_demo,SHP-000193,import,NLRTM,USNYC,6,15717.936,CUST-046,booked,USD,false
tnt_acme,SHP-000194,import,SGSIN,AEJEA,2,13899.624,CUST-037,in_transit,USD,false
tnt_demo,SHP-000195,export,INNSA,DEHAM,2,6355.548,CUST-035,in_transit,INR,false
tnt_demo,SHP-000196,import,SGSIN,AEJEA,3,2017.023,CUST-008,booked,USD,true
tnt_demo,SHP-000197,import,SGSIN,INMAA,5,9717.110,CUST-011,booked,EUR,false
tnt_demo,SHP-000198,export,INMAA,CNSHA,4,4381.783,CUST-012,in_transit,USD,false
tnt_demo,SHP-000199,export,INNSA,INMAA,5,16286.716,CUST-026,booked,INR,false
tnt_demo,SHP-000200,export,INMAA,INNSA,2,18710.197,CUST-014,in_transit,EUR,false
tnt_demo,SHP-000201,import,SGSIN,AEJEA,2,11002.886,CUST-044,booked,EUR,false
tnt_demo,SHP-000202,import,CNSHA,USNYC,3,12719.598,CUST-006,in_transit,USD,false
tnt_acme,SHP-000203,import,CNSHA,SGSIN,1,17366.754,CUST-019,delivered,EUR,false
tnt_demo,SHP-000204,import,SGSIN,USNYC,5,19537.278,CUST-022,booked,USD,false
tnt_demo,SHP-000205,export,INNSA,INMUN,5,8420.931,CUST-044,arrived,EUR,false
tnt_demo,SHP-000206,export,INMAA,AEJEA,3,13769.489,CUST-002,delivered,AED,false
tnt_acme,SHP-000207,import,CNSHA,AEJEA,3,24312.114,CUST-008,in_transit,AED,false
tnt_demo,SHP-000208,export,INNSA,INMAA,6,19024.305,CUST-046,delivered,USD,true
tnt_demo,SHP-000209,export,INMAA,DEHAM,4,5023.618,CUST-021,arrived,USD,false
tnt_demo,SHP-000210,import,CNSHA,INMAA,6,12747.910,CUST-012,booked,INR,false
tnt_demo,SHP-000211,export,INNSA,INMAA,4,15265.868,CUST-024,booked,EUR,true
tnt_demo,SHP-000212,export,INNSA,SGSIN,5,,CUST-035,booked,AED,false
tnt_demo,SHP-000213,export,INNSA,SGSIN,3,4395.573,CUST-028,booked,USD,false
tnt_demo,SHP-000214,import,SGSIN,INMUN,6,21245.664,CUST-034,delivered,USD,false
tnt_demo,SHP-000215,export,INMAA,INMUN,1,23157.687,CUST-024,booked,USD,false
tnt_demo,SHP-000216,import,USNYC,DEHAM,4,11459.455,CUST-005,in_transit,INR,false
tnt_demo,SHP-000217,import,CNSHA,SGSIN,5,,CUST-016,booked,USD,false
tnt_demo,SHP-000218,export,INMAA,SGSIN,4,5371.451,CUST-026,arrived,AED,false
tnt_acme,SHP-000219,import,USNYC,INNSA,1,9693.979,CUST-017,in_transit,AED,false
tnt_demo,SHP-000220,export,INMAA,USNYC,3,11411.398,CUST-015,delivered,INR,false
tnt_acme,SHP-000221,export,INMAA,INNSA,3,976.160,CUST-039,in_transit,USD,false
tnt_demo,SHP-000222,import,CNSHA,INMAA,5,13265.129,CUST-019,in_transit,USD,true
tnt_demo,SHP-000223,export,INMAA,CNSHA,6,1549.292,CUST-048,booked,USD,false
tnt_demo,SHP-000224,export,INMAA,USNYC,6,12572.795,CUST-035,in_transit,USD,false
tnt_demo,SHP-000225,export,INMAA,NLRTM,5,3511.655,CUST-028,booked,USD,false
tnt_demo,SHP-000226,export,INNSA,INMUN,2,776.668,CUST-013,in_transit,USD,false
tnt_demo,SHP-000227,import,SGSIN,CNSHA,1,15889.707,CUST-038,delivered,INR,false
tnt_acme,SHP-000228,export,INMAA,DEHAM,3,11050.302,CUST-047,in_transit,USD,false
tnt_demo,SHP-000229,import,SGSIN,INMAA,2,,CUST-025,in_transit,USD,false
tnt_demo,SHP-000230,import,SGSIN,USNYC,3,18118.093,CUST-008,booked,EUR,false
tnt_demo,SHP-000231,export,INMAA,SGSIN,6,22406.546,CUST-039,in_transit,USD,false
tnt_demo,SHP-000232,export,INNSA,DEHAM,2,13285.650,CUST-035,delivered,INR,false
tnt_demo,SHP-000233,export,INNSA,DEHAM,4,,CUST-034,arrived,AED,false
tnt_demo,SHP-000234,export,INNSA,SGSIN,4,14616.904,CUST-022,in_transit,USD,false
tnt_demo,SHP-000235,export,INNSA,NLRTM,1,6054.670,CUST-037,booked,USD,false
tnt_demo,SHP-000236,export,INMAA,NLRTM,5,11942.249,CUST-016,booked,INR,false
tnt_demo,SHP-000237,export,INMUN,INNSA,3,1406.275,CUST-008,booked,USD,false
tnt_demo,SHP-000238,import,SGSIN,CNSHA,3,15671.552,CUST-045,booked,USD,false
tnt_demo,SHP-000239,import,SGSIN,INMUN,4,,CUST-013,in_transit,USD,false
tnt_demo,SHP-000240,export,INNSA,DEHAM,3,22422.893,CUST-026,booked,INR,false
tnt_demo,SHP-000241,import,USNYC,DEHAM,4,22591.631,CUST-039,in_transit,USD,false
tnt_demo,SHP-000242,export,INMAA,NLRTM,4,1211.215,CUST-005,in_transit,USD,false
tnt_demo,SHP-000243,export,INNSA,NLRTM,4,17947.743,CUST-022,in_transit,INR,false
tnt_demo,SHP-000244,import,AEJEA,NLRTM,5,8798.126,CUST-032,booked,INR,false
tnt_demo,SHP-000245,import,NLRTM,AEJEA,6,8812.809,CUST-009,arrived,USD,false
tnt_demo,SHP-000246,import,CNSHA,INMUN,4,10842.142,CUST-007,arrived,USD,false
tnt_demo,SHP-000247,export,INNSA,AEJEA,1,14044.335,CUST-011,in_transit,EUR,false
tnt_demo,SHP-000248,import,NLRTM,USNYC,2,3610.172,CUST-004,arrived,EUR,false
tnt_acme,SHP-000249,export,INNSA,SGSIN,1,4819.945,CUST-020,in_transit,INR,false
tnt_demo,SHP-000250,import,SGSIN,DEHAM,1,17383.463,CUST-036,delivered,AED,false
tnt_demo,SHP-000251,export,INNSA,CNSHA,5,6451.282,CUST-005,booked,EUR,false
tnt_demo,SHP-000252,export,INNSA,SGSIN,1,7256.170,CUST-001,booked,USD,false
tnt_acme,SHP-000253,import,CNSHA,INNSA,4,3611.363,CUST-016,arrived,INR,false
tnt_demo,SHP-000254,import,CNSHA,INMAA,4,16394.411,CUST-028,delivered,INR,false
tnt_demo,SHP-000255,import,CNSHA,AEJEA,2,13963.271,CUST-044,arrived,USD,false
tnt_demo,SHP-000256,export,INNSA,INMUN,4,21553.967,CUST-001,booked,USD,false
tnt_demo,SHP-000257,import,SGSIN,AEJEA,6,8421.518,CUST-038,delivered,USD,false
tnt_demo,SHP-000258,export,INNSA,CNSHA,1,6435.864,CUST-047,in_transit,USD,false
tnt_demo,SHP-000259,export,INNSA,INMAA,4,19712.434,CUST-026,arrived,USD,false
tnt_demo,SHP-000260,import,USNYC,NLRTM,6,7131.152,CUST-020,in_transit,INR,false
tnt_demo,SHP-000261,export,INMAA,DEHAM,1,1831.198,CUST-028,arrived,USD,false
tnt_demo,SHP-000262,import,AEJEA,INNSA,3,14275.999,CUST-022,in_transit,USD,true
tnt_demo,SHP-000263,export,INMUN,AEJEA,2,1614.246,CUST-033,arrived,AED,false
tnt_acme,SHP-000264,import,AEJEA,NLRTM,1,20505.692,CUST-021,in_transit,INR,false
tnt_demo,SHP-000265,import,CNSHA,DEHAM,4,16396.516,CUST-015,booked,EUR,false
tnt_demo,SHP-000266,import,CNSHA,INMAA,2,22055.855,CUST-009,delivered,AED,false
tnt_demo,SHP-000267,import,DEHAM,SGSIN,4,13550.572,CUST-041,arrived,EUR,false
tnt_demo,SHP-000268,export,INNSA,USNYC,1,13113.212,CUST-038,booked,USD,false
tnt_demo,SHP-000269,import,CNSHA,NLRTM,5,15921.196,CUST-035,in_transit,INR,false
tnt_demo,SHP-000270,export,INMAA,USNYC,2,10607.853,CUST-015,booked,USD,false
tnt_demo,SHP-000271,export,INNSA,INMUN,1,5683.050,CUST-044,in_transit,INR,false
tnt_demo,SHP-000272,export,INMAA,AEJEA,3,19897.215,CUST-028,in_transit,USD,false
tnt_demo,SHP-000273,import,SGSIN,INMUN,4,9389.688,CUST-028,arrived,USD,false
tnt_demo,SHP-000274,import,CNSHA,INNSA,1,16225.015,CUST-009,arrived,AED,false
tnt_demo,SHP-000275,import,DEHAM,USNYC,6,1419.095,CUST-024,delivered,USD,false
tnt_demo,SHP-000276,export,INNSA,SGSIN,1,13423.326,CUST-048,in_transit,USD,false
tnt_demo,SHP-000277,export,INNSA,SGSIN,5,16362.364,CUST-025,booked,INR,false
tnt_demo,SHP-000278,export,INNSA,INMAA,6,1307.989,CUST-021,in_transit,EUR,false
tnt_demo,SHP-000279,import,SGSIN,AEJEA,4,22032.943,CUST-033,in_transit,INR,false
tnt_demo,SHP-000280,export,INNSA,SGSIN,2,,CUST-030,booked,EUR,false
tnt_demo,SHP-000281,import,SGSIN,CNSHA,3,3038.622,CUST-045,in_transit,INR,false
tnt_demo,SHP-000282,export,INNSA,AEJEA,2,24699.011,CUST-027,booked,USD,false
tnt_acme,SHP-000283,import,CNSHA,INNSA,6,12337.847,CUST-037,booked,USD,false
tnt_demo,SHP-000284,import,SGSIN,DEHAM,4,5305.640,CUST-046,in_transit,USD,false
tnt_demo,SHP-000285,import,SGSIN,USNYC,4,2650.984,CUST-022,booked,INR,false
tnt_demo,SHP-000286,import,SGSIN,DEHAM,5,599.942,CUST-029,booked,USD,false
tnt_demo,SHP-000287,export,INNSA,AEJEA,6,5843.307,CUST-032,booked,USD,false
tnt_demo,SHP-000288,export,INNSA,SGSIN,4,21843.951,CUST-001,delivered,INR,false
tnt_demo,SHP-000289,export,INNSA,INMAA,3,22298.042,CUST-003,booked,USD,false
tnt_demo,SHP-000290,import,CNSHA,INMUN,3,5256.267,CUST-017,delivered,EUR,false
tnt_demo,SHP-000291,export,INMAA,USNYC,3,8539.970,CUST-018,arrived,USD,false
tnt_demo,SHP-000292,import,CNSHA,INNSA,1,24316.511,CUST-045,delivered,INR,false
tnt_demo,SHP-000293,export,INNSA,CNSHA,5,2278.522,CUST-047,arrived,INR,false
tnt_acme,SHP-000294,export,INMAA,DEHAM,5,2545.118,CUST-048,arrived,USD,false
tnt_acme,SHP-000295,export,INMAA,INMUN,3,4122.406,CUST-047,in_transit,EUR,false
tnt_acme,SHP-000296,export,INNSA,INMAA,6,3113.906,CUST-021,in_transit,AED,false
tnt_demo,SHP-000297,import,AEJEA,CNSHA,3,1230.228,CUST-040,arrived,USD,false
tnt_demo,SHP-000298,export,INNSA,DEHAM,5,8321.153,CUST-016,delivered,INR,false
tnt_demo,SHP-000299,import,CNSHA,NLRTM,3,22176.734,CUST-017,booked,INR,false
tnt_demo,SHP-000300,import,USNYC,SGSIN,4,19926.915,CUST-038,in_transit,USD,false
tnt_demo,SHP-000301,import,AEJEA,SGSIN,5,17265.951,CUST-005,in_transit,EUR,false
tnt_demo,SHP-000302,import,SGSIN,AEJEA,5,13338.937,CUST-033,booked,USD,false
tnt_demo,SHP-000303,export,INNSA,SGSIN,1,21570.573,CUST-044,booked,INR,false
tnt_demo,SHP-000304,export,INMAA,CNSHA,4,9944.470,CUST-014,booked,USD,false
tnt_demo,SHP-000305,import,SGSIN,NLRTM,2,1181.283,CUST-029,delivered,USD,false
tnt_demo,SHP-000306,export,INNSA,INMUN,5,5088.012,CUST-004,booked,INR,false
tnt_demo,SHP-000307,export,INNSA,USNYC,2,7924.456,CUST-006,delivered,INR,false
tnt_demo,SHP-000308,export,INNSA,INMUN,1,19630.685,CUST-008,delivered,INR,false
tnt_demo,SHP-000309,export,INNSA,INMUN,2,24736.051,CUST-041,booked,EUR,false
tnt_demo,SHP-000310,export,INNSA,DEHAM,2,13528.998,CUST-048,arrived,INR,false
tnt_demo,SHP-000311,export,INMAA,AEJEA,4,6927.554,CUST-044,delivered,USD,true
tnt_demo,SHP-000312,export,INNSA,USNYC,4,19967.119,CUST-025,booked,USD,true
tnt_demo,SHP-000313,import,CNSHA,AEJEA,2,23483.279,CUST-042,booked,USD,false
tnt_demo,SHP-000314,export,INNSA,NLRTM,4,18521.421,CUST-004,delivered,INR,false
tnt_demo,SHP-000315,export,INMAA,NLRTM,6,11530.653,CUST-003,arrived,INR,false
tnt_acme,SHP-000316,import,NLRTM,INNSA,3,6814.129,CUST-010,booked,AED,false
tnt_demo,SHP-000317,export,INNSA,SGSIN,5,13221.621,CUST-047,in_transit,EUR,false
tnt_demo,SHP-000318,export,INMAA,SGSIN,5,19631.182,CUST-025,booked,INR,false
tnt_demo,SHP-000319,export,INNSA,CNSHA,2,17494.634,CUST-021,booked,INR,false
tnt_demo,SHP-000320,import,USNYC,INMUN,4,17836.598,CUST-039,booked,INR,false
tnt_demo,SHP-000321,export,INMAA,NLRTM,6,19673.731,CUST-022,booked,INR,false
tnt_acme,SHP-000322,export,INNSA,AEJEA,2,1086.269,CUST-024,in_transit,INR,false
tnt_demo,SHP-000323,export,INNSA,NLRTM,4,7850.723,CUST-025,arrived,USD,false
tnt_demo,SHP-000324,export,INNSA,CNSHA,5,9247.993,CUST-024,delivered,EUR,false
tnt_demo,SHP-000325,import,AEJEA,INMUN,5,10598.333,CUST-043,booked,INR,false
tnt_demo,SHP-000326,export,INNSA,SGSIN,5,24550.894,CUST-048,in_transit,USD,false
tnt_demo,SHP-000327,export,INMAA,SGSIN,1,10395.709,CUST-048,booked,AED,false
tnt_demo,SHP-000328,export,INMUN,INNSA,1,21390.848,CUST-046,in_transit,USD,false
tnt_demo,SHP-000329,export,INNSA,USNYC,6,23148.129,CUST-012,booked,INR,false
tnt_demo,SHP-000330,export,INNSA,DEHAM,2,23177.711,CUST-027,in_transit,USD,true
tnt_demo,SHP-000331,export,INNSA,USNYC,5,812.612,CUST-025,delivered,INR,false
tnt_demo,SHP-000332,import,DEHAM,INNSA,1,632.521,CUST-047,in_transit,INR,false
tnt_demo,SHP-000333,export,INMUN,NLRTM,3,14435.484,CUST-029,in_transit,USD,false
tnt_demo,SHP-000334,export,INNSA,SGSIN,3,17637.708,CUST-006,in_transit,EUR,false
tnt_demo,SHP-000335,export,INNSA,NLRTM,2,1278.918,CUST-026,in_transit,USD,false
tnt_demo,SHP-000336,import,SGSIN,INMUN,1,,CUST-045,in_transit,EUR,false
tnt_demo,SHP-000337,import,SGSIN,AEJEA,4,15929.181,CUST-024,arrived,USD,false
tnt_demo,SHP-000338,export,INNSA,INMUN,3,19850.082,CUST-009,booked,USD,false
tnt_acme,SHP-000339,export,INNSA,DEHAM,5,13222.517,CUST-045,in_transit,INR,false
tnt_acme,SHP-000340,import,CNSHA,INMAA,5,12865.528,CUST-012,booked,USD,false
tnt_demo,SHP-000341,export,INNSA,INMAA,4,,CUST-036,in_transit,USD,false
tnt_demo,SHP-000342,import,CNSHA,USNYC,2,20378.645,CUST-037,in_transit,USD,false
tnt_demo,SHP-000343,import,SGSIN,NLRTM,2,7550.957,CUST-006,arrived,EUR,false
tnt_demo,SHP-000344,export,INNSA,USNYC,2,16035.039,CUST-047,arrived,AED,false
tnt_demo,SHP-000345,export,INNSA,DEHAM,1,16625.365,CUST-023,booked,USD,false
tnt_demo,SHP-000346,import,DEHAM,INMUN,3,1264.795,CUST-022,in_transit,USD,false
tnt_demo,SHP-000347,import,SGSIN,DEHAM,3,20627.432,CUST-024,arrived,EUR,false
tnt_demo,SHP-000348,export,INMAA,INMUN,6,16158.999,CUST-022,arrived,INR,false
tnt_demo,SHP-000349,import,CNSHA,INMAA,6,19074.192,CUST-013,arrived,USD,false
tnt_demo,SHP-000350,export,INMUN,AEJEA,5,18608.748,CUST-023,booked,USD,false
tnt_demo,SHP-000351,import,SGSIN,INMAA,2,998.080,CUST-035,booked,USD,false
tnt_demo,SHP-000352,import,CNSHA,AEJEA,6,12956.760,CUST-031,in_transit,EUR,false
tnt_demo,SHP-000353,import,DEHAM,NLRTM,1,5541.149,CUST-007,delivered,EUR,true
tnt_demo,SHP-000354,import,NLRTM,INMUN,5,17377.967,CUST-017,arrived,INR,false
tnt_demo,SHP-000355,export,INNSA,SGSIN,2,,CUST-035,booked,INR,false
tnt_demo,SHP-000356,import,CNSHA,SGSIN,1,520.745,CUST-004,delivered,INR,false
tnt_demo,SHP-000357,export,INMAA,NLRTM,1,21590.382,CUST-050,booked,INR,false
tnt_demo,SHP-000358,export,INNSA,INMUN,2,17965.762,CUST-018,arrived,USD,false
tnt_demo,SHP-000359,export,INMUN,CNSHA,6,2396.989,CUST-016,booked,INR,false
tnt_demo,SHP-000360,export,INNSA,DEHAM,2,17800.867,CUST-029,arrived,INR,false
tnt_demo,SHP-000361,export,INMAA,SGSIN,6,19979.585,CUST-026,arrived,USD,false
tnt_acme,SHP-000362,import,CNSHA,SGSIN,5,10189.321,CUST-010,booked,EUR,false
tnt_demo,SHP-000363,export,INMAA,AEJEA,4,10704.872,CUST-021,booked,USD,false
tnt_demo,SHP-000364,export,INMAA,INNSA,2,5963.335,CUST-022,in_transit,USD,false
tnt_demo,SHP-000365,import,CNSHA,INNSA,2,5355.879,CUST-015,booked,INR,false
tnt_demo,SHP-000366,import,SGSIN,CNSHA,2,17232.582,CUST-048,in_transit,INR,false
tnt_demo,SHP-000367,export,INMAA,USNYC,6,,CUST-041,booked,AED,false
tnt_demo,SHP-000368,import,CNSHA,INMAA,1,4930.825,CUST-007,arrived,EUR,false
tnt_demo,SHP-000369,import,SGSIN,AEJEA,3,15550.842,CUST-001,in_transit,INR,false
tnt_demo,SHP-000370,import,CNSHA,INNSA,4,9111.347,CUST-043,arrived,USD,false
tnt_demo,SHP-000371,export,INNSA,INMUN,3,16560.941,CUST-001,in_transit,INR,false
tnt_demo,SHP-000372,export,INNSA,DEHAM,5,7010.388,CUST-034,booked,INR,false
tnt_demo,SHP-000373,export,INNSA,NLRTM,5,16055.053,CUST-001,delivered,INR,false
tnt_demo,SHP-000374,import,SGSIN,DEHAM,5,4038.886,CUST-034,arrived,EUR,false
tnt_acme,SHP-000375,import,DEHAM,AEJEA,3,22682.961,CUST-021,arrived,USD,false
tnt_demo,SHP-000376,export,INNSA,INMUN,1,15470.563,CUST-046,in_transit,USD,false
tnt_demo,SHP-000377,import,SGSIN,INMAA,4,12643.649,CUST-003,booked,INR,false
tnt_demo,SHP-000378,import,CNSHA,SGSIN,6,21795.442,CUST-035,booked,INR,false
tnt_demo,SHP-000379,export,INNSA,INMUN,1,10564.612,CUST-023,in_transit,EUR,false
tnt_demo,SHP-000380,export,INNSA,NLRTM,1,11486.924,CUST-019,booked,USD,false
tnt_demo,SHP-000381,import,CNSHA,AEJEA,4,14541.852,CUST-010,delivered,INR,false
tnt_demo,SHP-000382,import,CNSHA,SGSIN,4,,CUST-037,arrived,USD,false
tnt_demo,SHP-000383,import,SGSIN,USNYC,1,24688.869,CUST-017,arrived,INR,false
tnt_demo,SHP-000384,export,INNSA,INMUN,4,,CUST-045,booked,USD,false
tnt_demo,SHP-000385,import,AEJEA,SGSIN,3,16744.699,CUST-004,arrived,USD,false
tnt_acme,SHP-000386,import,USNYC,SGSIN,4,9901.438,CUST-024,booked,USD,false
tnt_demo,SHP-000387,import,CNSHA,INNSA,5,2031.132,CUST-039,booked,INR,false
tnt_demo,SHP-000388,import,SGSIN,AEJEA,6,4461.876,CUST-032,arrived,INR,false
tnt_demo,SHP-000389,export,INNSA,SGSIN,6,21874.869,CUST-048,booked,USD,false
tnt_demo,SHP-000390,export,INNSA,AEJEA,3,7045.460,CUST-018,booked,USD,false
tnt_demo,SHP-000391,export,INMUN,USNYC,5,1872.004,CUST-011,arrived,USD,false
tnt_demo,SHP-000392,import,CNSHA,INMAA,6,9765.494,CUST-021,booked,AED,false
tnt_demo,SHP-000393,export,INMAA,INMUN,3,3620.864,CUST-024,arrived,INR,false
tnt_demo,SHP-000394,export,INNSA,USNYC,3,12681.716,CUST-019,in_transit,USD,false
tnt_demo,SHP-000395,import,CNSHA,AEJEA,2,9146.456,CUST-025,booked,INR,false
tnt_demo,SHP-000396,export,INMAA,SGSIN,4,3105.699,CUST-005,in_transit,INR,false
tnt_demo,SHP-000397,import,CNSHA,INMUN,3,,CUST-006,in_transit,INR,false
tnt_demo,SHP-000398,import,SGSIN,INNSA,6,21636.163,CUST-030,delivered,INR,false
tnt_demo,SHP-000399,import,CNSHA,NLRTM,3,,CUST-037,booked,USD,false
tnt_demo,SHP-000400,import,CNSHA,INMAA,4,14888.782,CUST-009,booked,EUR,false
tnt_demo,SHP-000401,import,CNSHA,INNSA,1,2654.852,CUST-028,booked,AED,false
tnt_demo,SHP-000402,export,INNSA,SGSIN,3,14194.629,CUST-023,booked,INR,false
tnt_demo,SHP-000403,export,INNSA,INMUN,3,3765.945,CUST-016,delivered,EUR,false
tnt_demo,SHP-000404,import,SGSIN,CNSHA,2,22547.385,CUST-034,delivered,AED,false
tnt_demo,SHP-000405,export,INNSA,SGSIN,3,4856.785,CUST-047,in_transit,EUR,false
tnt_demo,SHP-000406,export,INMUN,INNSA,4,2040.478,CUST-042,delivered,INR,false
tnt_demo,SHP-000407,export,INMAA,USNYC,4,6611.981,CUST-037,booked,INR,false
tnt_demo,SHP-000408,import,DEHAM,INNSA,6,13501.217,CUST-017,arrived,USD,false
tnt_demo,SHP-000409,export,INMAA,NLRTM,6,13588.252,CUST-034,booked,EUR,false
tnt_demo,SHP-000410,export,INNSA,USNYC,5,20287.838,CUST-003,delivered,INR,false
tnt_demo,SHP-000411,import,SGSIN,NLRTM,3,1267.234,CUST-029,booked,USD,false
tnt_demo,SHP-000412,import,NLRTM,SGSIN,4,19773.736,CUST-011,booked,INR,false
tnt_demo,SHP-000413,export,INNSA,INMAA,5,19600.837,CUST-028,in_transit,USD,false
tnt_demo,SHP-000414,import,NLRTM,INMUN,3,20413.353,CUST-009,in_transit,INR,false
tnt_demo,SHP-000415,export,INNSA,INMUN,6,5878.537,CUST-032,arrived,EUR,false
tnt_demo,SHP-000416,export,INNSA,USNYC,2,21484.604,CUST-038,in_transit,INR,false
tnt_demo,SHP-000417,import,DEHAM,INMAA,4,17118.419,CUST-003,in_transit,USD,false
tnt_demo,SHP-000418,export,INNSA,INMAA,5,,CUST-027,booked,USD,false
tnt_demo,SHP-000419,import,CNSHA,SGSIN,3,14169.974,CUST-015,booked,AED,false
tnt_demo,SHP-000420,export,INMAA,CNSHA,3,1499.609,CUST-043,delivered,INR,false
tnt_demo,SHP-000421,export,INNSA,CNSHA,5,6097.988,CUST-006,delivered,INR,true
tnt_acme,SHP-000422,export,INNSA,USNYC,3,24886.277,CUST-009,arrived,INR,false
tnt_demo,SHP-000423,import,USNYC,INMAA,2,7019.811,CUST-034,in_transit,USD,false
tnt_demo,SHP-000424,import,SGSIN,AEJEA,6,2274.865,CUST-005,in_transit,EUR,false
tnt_demo,SHP-000425,export,INMUN,CNSHA,3,5935.918,CUST-034,in_transit,USD,false
tnt_demo,SHP-000426,export,INNSA,USNYC,3,23996.103,CUST-028,in_transit,INR,false
tnt_demo,SHP-000427,export,INMAA,CNSHA,6,6276.135,CUST-016,in_transit,USD,false
tnt_demo,SHP-000428,import,CNSHA,DEHAM,6,7767.292,CUST-050,in_transit,USD,false
tnt_demo,SHP-000429,export,INNSA,SGSIN,3,6737.451,CUST-017,delivered,INR,false
tnt_demo,SHP-000430,import,SGSIN,AEJEA,5,15449.129,CUST-014,booked,INR,false
tnt_demo,SHP-000431,export,INNSA,INMAA,6,11464.409,CUST-005,booked,EUR,false
tnt_demo,SHP-000432,import,DEHAM,USNYC,6,1942.009,CUST-009,in_transit,USD,false
tnt_demo,SHP-000433,import,CNSHA,DEHAM,4,20633.200,CUST-048,booked,USD,false
tnt_demo,SHP-000434,export,INNSA,INMUN,6,3141.734,CUST-025,in_transit,INR,false
tnt_demo,SHP-000435,export,INNSA,USNYC,2,12668.673,CUST-038,in_transit,USD,false
tnt_demo,SHP-000436,export,INNSA,AEJEA,5,20779.468,CUST-040,in_transit,INR,false
tnt_demo,SHP-000437,import,CNSHA,NLRTM,2,16134.899,CUST-012,booked,USD,false
tnt_demo,SHP-000438,export,INMAA,INNSA,2,17092.498,CUST-045,arrived,USD,false
tnt_acme,SHP-000439,export,INNSA,NLRTM,3,14149.992,CUST-026,arrived,INR,false
tnt_demo,SHP-000440,import,SGSIN,DEHAM,1,10883.248,CUST-002,in_transit,USD,false
tnt_demo,SHP-000441,import,AEJEA,DEHAM,1,6063.148,CUST-027,booked,EUR,false
tnt_demo,SHP-000442,import,CNSHA,USNYC,3,5355.173,CUST-005,delivered,EUR,false
tnt_demo,SHP-000443,import,CNSHA,INMUN,1,,CUST-005,arrived,USD,false
tnt_demo,SHP-000444,export,INNSA,USNYC,5,18670.051,CUST-028,in_transit,INR,false
tnt_demo,SHP-000445,export,INMAA,SGSIN,6,22864.998,CUST-041,in_transit,EUR,false
tnt_demo,SHP-000446,export,INNSA,SGSIN,4,9448.360,CUST-025,in_transit,INR,false
tnt_demo,SHP-000447,import,NLRTM,INMUN,4,6300.887,CUST-025,arrived,INR,false
tnt_demo,SHP-000448,export,INNSA,NLRTM,2,19713.874,CUST-034,in_transit,INR,false
tnt_demo,SHP-000449,export,INNSA,INMUN,6,15784.805,CUST-022,booked,EUR,false
tnt_demo,SHP-000450,export,INMAA,INMUN,2,23667.483,CUST-006,arrived,INR,false
tnt_demo,SHP-000451,export,INNSA,DEHAM,2,16075.483,CUST-015,delivered,USD,false
tnt_demo,SHP-000452,import,USNYC,CNSHA,3,3275.689,CUST-038,in_transit,USD,true
tnt_demo,SHP-000453,import,CNSHA,SGSIN,5,18426.120,CUST-016,in_transit,USD,true
tnt_demo,SHP-000454,export,INNSA,INMUN,1,21527.362,CUST-020,booked,AED,false
tnt_demo,SHP-000455,export,INMAA,USNYC,1,14090.607,CUST-033,delivered,INR,false
tnt_demo,SHP-000456,export,INNSA,AEJEA,4,20484.540,CUST-048,in_transit,USD,false
tnt_demo,SHP-000457,export,INMAA,NLRTM,6,9954.809,CUST-046,arrived,INR,false
tnt_demo,SHP-000458,import,CNSHA,AEJEA,1,10568.857,CUST-046,in_transit,USD,false
tnt_demo,SHP-000459,export,INNSA,NLRTM,6,21695.830,CUST-021,in_transit,INR,false
tnt_demo,SHP-000460,import,CNSHA,SGSIN,3,19911.190,CUST-002,booked,EUR,false
tnt_demo,SHP-000461,export,INNSA,INMUN,1,6459.349,CUST-010,booked,USD,true
tnt_demo,SHP-000462,export,INNSA,SGSIN,4,8298.638,CUST-021,booked,EUR,false
tnt_demo,SHP-000463,import,DEHAM,INNSA,6,9567.548,CUST-001,in_transit,USD,false
tnt_demo,SHP-000464,import,CNSHA,NLRTM,2,1385.272,CUST-004,delivered,AED,false
tnt_demo,SHP-000465,export,INMAA,AEJEA,1,3698.123,CUST-012,booked,INR,false
tnt_demo,SHP-000466,import,SGSIN,AEJEA,6,13844.511,CUST-009,booked,USD,false
tnt_demo,SHP-000467,export,INMAA,SGSIN,5,2307.303,CUST-019,in_transit,USD,false
tnt_demo,SHP-000468,export,INNSA,NLRTM,5,24166.665,CUST-002,in_transit,USD,false
tnt_demo,SHP-000469,import,CNSHA,NLRTM,4,9882.002,CUST-021,arrived,INR,false
tnt_demo,SHP-000470,import,CNSHA,INNSA,2,,CUST-012,booked,INR,true
tnt_demo,SHP-000471,import,SGSIN,INMAA,3,1012.668,CUST-048,arrived,INR,false
tnt_demo,SHP-000472,export,INMAA,INMUN,4,3939.180,CUST-023,delivered,USD,false
tnt_demo,SHP-000473,export,INMAA,USNYC,1,14741.402,CUST-037,booked,USD,false
tnt_demo,SHP-000474,import,CNSHA,USNYC,3,,CUST-006,arrived,EUR,false
tnt_demo,SHP-000475,import,SGSIN,CNSHA,3,14453.068,CUST-039,in_transit,USD,false
tnt_demo,SHP-000476,export,INNSA,DEHAM,4,13690.537,CUST-004,arrived,INR,false
tnt_demo,SHP-000477,export,INNSA,NLRTM,6,16161.322,CUST-004,in_transit,INR,false
tnt_demo,SHP-000478,import,SGSIN,AEJEA,3,,CUST-029,delivered,USD,false
tnt_demo,SHP-000479,import,CNSHA,NLRTM,3,20325.724,CUST-011,in_transit,INR,false
tnt_demo,SHP-000480,export,INNSA,INMAA,1,8187.752,CUST-034,in_transit,USD,false
tnt_acme,SHP-000481,export,INMAA,INNSA,6,13645.496,CUST-042,delivered,USD,false
tnt_demo,SHP-000482,export,INNSA,INMAA,2,6951.943,CUST-011,delivered,USD,false
tnt_demo,SHP-000483,export,INNSA,AEJEA,1,14224.045,CUST-039,booked,USD,false
tnt_demo,SHP-000484,export,INNSA,CNSHA,1,4410.459,CUST-002,arrived,INR,false
tnt_demo,SHP-000485,export,INNSA,INMAA,4,2816.078,CUST-027,booked,USD,false
tnt_demo,SHP-000486,export,INMAA,CNSHA,2,23618.463,CUST-050,booked,INR,false
tnt_demo,SHP-000487,export,INNSA,NLRTM,4,19296.123,CUST-004,booked,INR,false
tnt_demo,SHP-000488,export,INNSA,INMUN,4,5576.529,CUST-033,arrived,USD,false
tnt_demo,SHP-000489,import,AEJEA,INMUN,6,19674.265,CUST-012,booked,USD,true
tnt_demo,SHP-000490,import,CNSHA,DEHAM,4,8916.276,CUST-002,delivered,USD,false
tnt_demo,SHP-000491,import,CNSHA,INMAA,6,684.600,CUST-031,in_transit,USD,false
tnt_demo,SHP-000492,import,SGSIN,USNYC,1,3198.347,CUST-043,in_transit,AED,false
tnt_demo,SHP-000493,import,SGSIN,CNSHA,5,12002.870,CUST-005,in_transit,INR,false
tnt_demo,SHP-000494,export,INNSA,INMAA,1,19679.990,CUST-026,in_transit,EUR,false
tnt_demo,SHP-000495,export,INNSA,NLRTM,2,4131.563,CUST-033,delivered,EUR,false
tnt_demo,SHP-000496,import,SGSIN,INMUN,4,4982.783,CUST-002,arrived,INR,false
tnt_demo,SHP-000497,import,CNSHA,NLRTM,5,547.269,CUST-016,booked,USD,false
tnt_demo,SHP-000498,import,CNSHA,INMUN,3,24496.838,CUST-029,delivered,EUR,false
tnt_demo,SHP-000499,import,SGSIN,AEJEA,1,14426.687,CUST-025,booked,USD,false
tnt_demo,SHP-000500,export,INNSA,DEHAM,5,23153.635,CUST-009,delivered,INR,false
tnt_demo,SHP-000501,import,CNSHA,INNSA,3,,CUST-033,booked,INR,false
tnt_demo,SHP-000502,import,CNSHA,INMUN,3,6593.169,CUST-026,in_transit,INR,false
tnt_demo,SHP-000503,import,CNSHA,INMUN,1,1920.450,CUST-024,in_transit,INR,false
tnt_demo,SHP-000504,import,SGSIN,INMUN,1,24070.045,CUST-009,booked,USD,false
tnt_demo,SHP-000505,import,AEJEA,INMAA,5,17897.464,CUST-003,in_transit,USD,false
tnt_demo,SHP-000506,import,SGSIN,INMUN,5,14217.113,CUST-025,in_transit,INR,false
tnt_demo,SHP-000507,export,INMUN,SGSIN,3,3255.082,CUST-036,booked,USD,false
tnt_acme,SHP-000508,import,SGSIN,DEHAM,5,15800.048,CUST-029,in_transit,USD,false
tnt_demo,SHP-000509,import,AEJEA,SGSIN,1,10972.029,CUST-032,in_transit,AED,false
tnt_demo,SHP-000510,import,SGSIN,USNYC,1,12572.914,CUST-027,in_transit,USD,false
tnt_demo,SHP-000511,import,SGSIN,DEHAM,2,19430.310,CUST-035,arrived,EUR,false
tnt_demo,SHP-000512,export,INMAA,AEJEA,5,15737.851,CUST-046,booked,INR,false
tnt_demo,SHP-000513,export,INNSA,INMUN,1,2221.769,CUST-033,in_transit,USD,false
tnt_demo,SHP-000514,export,INMUN,INNSA,2,2401.095,CUST-026,arrived,USD,false
tnt_acme,SHP-000515,export,INNSA,USNYC,3,22087.264,CUST-002,delivered,USD,false
tnt_demo,SHP-000516,export,INNSA,CNSHA,3,6619.398,CUST-004,booked,INR,false
tnt_demo,SHP-000517,export,INNSA,AEJEA,6,20034.498,CUST-048,arrived,USD,false
tnt_acme,SHP-000518,import,DEHAM,INMAA,3,23703.889,CUST-008,arrived,EUR,false
tnt_demo,SHP-000519,import,CNSHA,AEJEA,6,,CUST-028,delivered,USD,false
tnt_demo,SHP-000520,import,SGSIN,INMUN,4,16536.182,CUST-046,in_transit,USD,false
tnt_demo,SHP-000521,import,SGSIN,INMUN,2,18172.738,CUST-029,booked,USD,false
tnt_demo,SHP-000522,import,NLRTM,CNSHA,3,23729.810,CUST-010,in_transit,USD,false
tnt_demo,SHP-000523,export,INNSA,USNYC,1,,CUST-032,booked,INR,false
tnt_demo,SHP-000524,import,SGSIN,USNYC,3,5289.261,CUST-040,arrived,USD,false
tnt_demo,SHP-000525,export,INNSA,DEHAM,2,5509.515,CUST-027,arrived,INR,false
tnt_demo,SHP-000526,export,INNSA,CNSHA,3,,CUST-011,in_transit,INR,false
tnt_demo,SHP-000527,export,INMAA,DEHAM,3,7592.402,CUST-004,booked,INR,false
tnt_demo,SHP-000528,import,CNSHA,INNSA,5,7061.294,CUST-041,arrived,INR,false
tnt_demo,SHP-000529,export,INNSA,SGSIN,2,14807.492,CUST-024,arrived,EUR,false
tnt_demo,SHP-000530,import,CNSHA,INMUN,4,17727.045,CUST-047,booked,INR,false
tnt_demo,SHP-000531,export,INNSA,INMAA,3,6402.669,CUST-034,booked,INR,false
tnt_demo,SHP-000532,export,INNSA,SGSIN,2,826.369,CUST-007,delivered,EUR,false
tnt_demo,SHP-000533,import,CNSHA,NLRTM,2,14215.591,CUST-006,in_transit,USD,false
tnt_demo,SHP-000534,import,CNSHA,NLRTM,1,16340.883,CUST-042,delivered,INR,false
tnt_demo,SHP-000535,import,AEJEA,NLRTM,3,18713.851,CUST-029,delivered,USD,false
tnt_demo,SHP-000536,export,INNSA,INMUN,5,13871.731,CUST-033,in_transit,INR,false
tnt_demo,SHP-000537,export,INNSA,NLRTM,4,14396.816,CUST-043,arrived,INR,false
tnt_demo,SHP-000538,export,INNSA,INMUN,1,6800.031,CUST-014,delivered,USD,false
tnt_demo,SHP-000539,export,INNSA,INMAA,2,20374.192,CUST-034,delivered,INR,false
tnt_demo,SHP-000540,import,DEHAM,INNSA,6,5886.119,CUST-010,booked,USD,false
tnt_demo,SHP-000541,import,DEHAM,SGSIN,6,20176.769,CUST-040,in_transit,INR,false
tnt_demo,SHP-000542,export,INMAA,DEHAM,5,18407.248,CUST-022,arrived,USD,false
tnt_demo,SHP-000543,import,AEJEA,DEHAM,4,21272.157,CUST-018,booked,EUR,false
tnt_demo,SHP-000544,import,AEJEA,DEHAM,5,24629.213,CUST-027,arrived,USD,false
tnt_demo,SHP-000545,import,CNSHA,INMUN,2,11810.411,CUST-049,in_transit,USD,true
tnt_demo,SHP-000546,import,CNSHA,USNYC,2,11226.310,CUST-021,delivered,INR,false
tnt_acme,SHP-000547,export,INMAA,INMUN,6,7364.968,CUST-042,arrived,INR,true
tnt_demo,SHP-000548,export,INNSA,USNYC,2,3548.752,CUST-018,booked,USD,false
tnt_demo,SHP-000549,export,INNSA,SGSIN,3,22058.901,CUST-035,in_transit,USD,false
tnt_acme,SHP-000550,export,INNSA,SGSIN,5,13929.385,CUST-006,booked,USD,false
tnt_demo,SHP-000551,export,INNSA,USNYC,3,1779.168,CUST-007,in_transit,INR,false
tnt_demo,SHP-000552,import,USNYC,INNSA,3,5735.890,CUST-026,delivered,INR,false
tnt_demo,SHP-000553,export,INNSA,DEHAM,5,22007.901,CUST-021,in_transit,USD,true
tnt_demo,SHP-000554,export,INMAA,CNSHA,5,22683.194,CUST-030,arrived,AED,false
tnt_demo,SHP-000555,import,CNSHA,SGSIN,2,6834.520,CUST-008,in_transit,USD,false
tnt_demo,SHP-000556,export,INMAA,USNYC,1,10160.951,CUST-043,in_transit,INR,false
tnt_demo,SHP-000557,export,INNSA,CNSHA,4,16967.523,CUST-034,in_transit,INR,false
tnt_demo,SHP-000558,import,NLRTM,CNSHA,2,,CUST-036,in_transit,USD,false
tnt_demo,SHP-000559,import,CNSHA,NLRTM,3,20393.199,CUST-015,in_transit,AED,true
tnt_demo,SHP-000560,export,INMAA,INNSA,1,,CUST-022,booked,INR,false
tnt_demo,SHP-000561,import,USNYC,AEJEA,2,18826.273,CUST-007,delivered,USD,true
tnt_demo,SHP-000562,export,INNSA,AEJEA,2,7561.090,CUST-043,in_transit,USD,false
tnt_demo,SHP-000563,export,INNSA,INMAA,5,20431.391,CUST-048,booked,EUR,false
tnt_demo,SHP-000564,export,INMUN,INMAA,1,15782.430,CUST-025,arrived,INR,false
tnt_demo,SHP-000565,export,INNSA,INMUN,4,5496.396,CUST-036,delivered,USD,false
tnt_demo,SHP-000566,import,DEHAM,INMUN,1,14137.223,CUST-023,arrived,INR,false
tnt_demo,SHP-000567,export,INNSA,SGSIN,3,7226.314,CUST-043,booked,USD,false
tnt_demo,SHP-000568,export,INNSA,AEJEA,3,2176.317,CUST-050,booked,USD,true
tnt_demo,SHP-000569,import,DEHAM,NLRTM,6,1769.039,CUST-033,in_transit,USD,false
tnt_demo,SHP-000570,export,INNSA,DEHAM,5,14806.180,CUST-002,delivered,USD,true
tnt_demo,SHP-000571,export,INMAA,INNSA,2,17062.323,CUST-029,booked,USD,true
tnt_demo,SHP-000572,export,INNSA,DEHAM,1,1716.019,CUST-041,in_transit,EUR,false
tnt_demo,SHP-000573,import,DEHAM,NLRTM,4,3330.626,CUST-036,booked,EUR,false
tnt_demo,SHP-000574,export,INNSA,DEHAM,6,2402.904,CUST-039,arrived,USD,false
tnt_demo,SHP-000575,import,SGSIN,AEJEA,1,699.605,CUST-043,delivered,INR,false
tnt_demo,SHP-000576,import,AEJEA,CNSHA,1,1268.563,CUST-002,in_transit,USD,false
tnt_demo,SHP-000577,import,CNSHA,SGSIN,5,16311.174,CUST-003,arrived,USD,false
tnt_demo,SHP-000578,export,INNSA,AEJEA,6,16189.866,CUST-008,arrived,INR,false
tnt_demo,SHP-000579,export,INMAA,NLRTM,4,24075.954,CUST-017,arrived,INR,false
tnt_demo,SHP-000580,import,DEHAM,SGSIN,4,9320.301,CUST-007,booked,USD,false
tnt_demo,SHP-000581,import,CNSHA,DEHAM,6,9379.582,CUST-029,arrived,USD,false
tnt_demo,SHP-000582,export,INNSA,INMAA,3,19823.920,CUST-001,booked,USD,false
tnt_demo,SHP-000583,import,AEJEA,INNSA,2,3333.282,CUST-030,in_transit,INR,false
tnt_demo,SHP-000584,export,INNSA,DEHAM,1,15554.501,CUST-036,in_transit,USD,false
tnt_demo,SHP-000585,export,INNSA,AEJEA,2,13194.585,CUST-014,booked,USD,false
tnt_demo,SHP-000586,export,INNSA,NLRTM,3,6221.693,CUST-034,arrived,USD,false
tnt_demo,SHP-000587,export,INNSA,INMAA,3,2894.917,CUST-002,arrived,INR,false
tnt_demo,SHP-000588,export,INNSA,INMAA,3,6594.728,CUST-025,booked,EUR,false
tnt_demo,SHP-000589,export,INNSA,CNSHA,1,23794.072,CUST-013,in_transit,INR,false
tnt_demo,SHP-000590,export,INNSA,SGSIN,5,7223.732,CUST-022,arrived,EUR,false
tnt_demo,SHP-000591,import,USNYC,SGSIN,6,13696.699,CUST-008,arrived,USD,false
tnt_demo,SHP-000592,export,INNSA,INMUN,4,18920.578,CUST-031,arrived,INR,false
tnt_demo,SHP-000593,export,INNSA,INMUN,4,,CUST-049,delivered,INR,false
tnt_demo,SHP-000594,export,INNSA,USNYC,2,4032.137,CUST-045,booked,INR,false
tnt_demo,SHP-000595,import,NLRTM,SGSIN,6,,CUST-042,arrived,INR,false
tnt_demo,SHP-000596,export,INNSA,DEHAM,1,24958.843,CUST-033,arrived,INR,false
tnt_demo,SHP-000597,export,INNSA,DEHAM,5,18163.714,CUST-017,arrived,USD,false
tnt_demo,SHP-000598,export,INMAA,INNSA,1,19949.847,CUST-038,in_transit,USD,false
tnt_demo,SHP-000599,export,INNSA,AEJEA,3,24550.583,CUST-029,in_transit,INR,false
tnt_demo,SHP-000600,import,SGSIN,AEJEA,6,6541.184,CUST-038,arrived,INR,false
tnt_demo,SHP-000601,export,INNSA,CNSHA,1,24835.895,CUST-030,in_transit,AED,false
tnt_demo,SHP-000602,import,CNSHA,AEJEA,1,6554.940,CUST-049,in_transit,AED,false
tnt_demo,SHP-000603,export,INNSA,USNYC,6,17635.590,CUST-001,in_transit,INR,false
tnt_demo,SHP-000604,export,INNSA,AEJEA,3,9372.860,CUST-042,arrived,USD,false
tnt_demo,SHP-000605,import,AEJEA,NLRTM,5,22315.170,CUST-037,arrived,USD,false
tnt_demo,SHP-000606,export,INMUN,DEHAM,2,17001.612,CUST-035,in_transit,INR,false
tnt_demo,SHP-000607,import,SGSIN,INMUN,2,19375.080,CUST-021,booked,INR,false
tnt_demo,SHP-000608,export,INNSA,USNYC,5,19961.194,CUST-017,booked,USD,false
tnt_demo,SHP-000609,import,SGSIN,NLRTM,2,14611.396,CUST-020,in_transit,INR,false
tnt_demo,SHP-000610,export,INNSA,CNSHA,5,13231.910,CUST-023,in_transit,INR,false
tnt_demo,SHP-000611,import,DEHAM,INMUN,5,,CUST-025,in_transit,INR,false
tnt_demo,SHP-000612,export,INNSA,INMAA,1,3161.812,CUST-027,booked,INR,false
tnt_demo,SHP-000613,export,INMAA,SGSIN,6,15402.035,CUST-049,booked,USD,false
tnt_demo,SHP-000614,export,INNSA,INMAA,2,11503.998,CUST-034,delivered,INR,false
tnt_demo,SHP-000615,import,SGSIN,CNSHA,1,17106.977,CUST-040,in_transit,EUR,false
tnt_demo,SHP-000616,import,AEJEA,DEHAM,1,6470.515,CUST-042,in_transit,USD,false
tnt_demo,SHP-000617,export,INMAA,USNYC,6,22364.901,CUST-002,in_transit,INR,false
tnt_demo,SHP-000618,import,SGSIN,INNSA,2,5830.502,CUST-022,in_transit,USD,false
tnt_demo,SHP-000619,export,INNSA,AEJEA,1,2991.600,CUST-026,in_transit,INR,false
tnt_demo,SHP-000620,export,INNSA,INMUN,2,3311.058,CUST-031,booked,USD,false
tnt_demo,SHP-000621,import,SGSIN,USNYC,6,4371.749,CUST-029,in_transit,INR,false
tnt_acme,SHP-000622,import,CNSHA,INNSA,4,6420.624,CUST-039,booked,EUR,true
tnt_demo,SHP-000623,import,SGSIN,DEHAM,2,2442.717,CUST-030,in_transit,EUR,false
tnt_demo,SHP-000624,import,USNYC,AEJEA,5,14201.113,CUST-045,arrived,INR,true
tnt_demo,SHP-000625,export,INMAA,CNSHA,2,12945.412,CUST-014,arrived,INR,false
tnt_demo,SHP-000626,import,AEJEA,USNYC,2,2814.034,CUST-010,booked,INR,false
tnt_demo,SHP-000627,export,INMAA,AEJEA,6,19594.595,CUST-044,in_transit,AED,false
tnt_demo,SHP-000628,import,SGSIN,INNSA,6,1927.374,CUST-010,in_transit,USD,false
tnt_demo,SHP-000629,import,USNYC,NLRTM,4,20881.756,CUST-011,in_transit,INR,false
tnt_demo,SHP-000630,import,SGSIN,INMUN,2,17161.954,CUST-041,in_transit,INR,false
tnt_demo,SHP-000631,export,INNSA,INMUN,2,13514.633,CUST-050,in_transit,EUR,false
tnt_demo,SHP-000632,import,DEHAM,NLRTM,4,10333.946,CUST-043,booked,INR,false
tnt_demo,SHP-000633,export,INNSA,NLRTM,1,1358.876,CUST-001,in_transit,USD,false
tnt_demo,SHP-000634,export,INNSA,USNYC,3,18765.709,CUST-014,in_transit,INR,false
tnt_acme,SHP-000635,export,INNSA,INMAA,6,2625.923,CUST-023,booked,INR,false
tnt_demo,SHP-000636,export,INNSA,INMAA,6,12171.602,CUST-033,in_transit,USD,false
tnt_demo,SHP-000637,export,INNSA,INMAA,3,19630.404,CUST-015,arrived,USD,false
tnt_demo,SHP-000638,export,INMUN,SGSIN,6,7035.664,CUST-036,booked,INR,false
tnt_demo,SHP-000639,import,NLRTM,AEJEA,5,24038.388,CUST-027,booked,EUR,false
tnt_demo,SHP-000640,import,SGSIN,USNYC,4,15666.180,CUST-042,in_transit,EUR,false
tnt_demo,SHP-000641,import,CNSHA,AEJEA,3,9928.383,CUST-029,in_transit,INR,false
tnt_demo,SHP-000642,import,CNSHA,INMUN,4,13556.758,CUST-015,arrived,INR,false
tnt_demo,SHP-000643,export,INMAA,INMUN,4,22721.656,CUST-007,in_transit,USD,false
tnt_acme,SHP-000644,import,CNSHA,NLRTM,5,24377.283,CUST-029,booked,INR,false
tnt_demo,SHP-000645,export,INNSA,CNSHA,3,932.164,CUST-013,arrived,USD,false
tnt_demo,SHP-000646,import,NLRTM,USNYC,2,7764.183,CUST-030,booked,USD,false
tnt_demo,SHP-000647,import,CNSHA,INNSA,2,4759.025,CUST-021,in_transit,USD,false
tnt_demo,SHP-000648,export,INNSA,USNYC,3,9166.435,CUST-027,in_transit,USD,false
tnt_demo,SHP-000649,export,INNSA,AEJEA,3,9135.970,CUST-009,booked,USD,false
tnt_demo,SHP-000650,export,INNSA,USNYC,2,9230.008,CUST-021,arrived,EUR,false
tnt_demo,SHP-000651,import,CNSHA,AEJEA,5,,CUST-020,in_transit,USD,false
tnt_demo,SHP-000652,import,SGSIN,INMUN,4,,CUST-044,booked,AED,false
tnt_demo,SHP-000653,export,INNSA,INMAA,3,21351.045,CUST-011,booked,USD,false
tnt_demo,SHP-000654,import,USNYC,INNSA,6,12432.848,CUST-037,booked,USD,false
tnt_demo,SHP-000655,import,CNSHA,INMAA,6,3666.442,CUST-017,in_transit,INR,false
tnt_demo,SHP-000656,export,INMUN,AEJEA,3,22368.470,CUST-006,in_transit,EUR,false
tnt_demo,SHP-000657,export,INNSA,NLRTM,6,21770.483,CUST-033,booked,USD,false
tnt_demo,SHP-000658,export,INMAA,SGSIN,4,24535.480,CUST-050,delivered,EUR,false
tnt_demo,SHP-000659,export,INMAA,INNSA,5,13767.940,CUST-050,arrived,USD,false
tnt_demo,SHP-000660,import,SGSIN,AEJEA,1,7911.190,CUST-005,booked,AED,false
tnt_demo,SHP-000661,import,SGSIN,INMAA,6,19975.618,CUST-029,in_transit,INR,false
tnt_acme,SHP-000662,import,SGSIN,DEHAM,1,15641.203,CUST-007,booked,EUR,false
tnt_acme,SHP-000663,import,CNSHA,DEHAM,2,24023.824,CUST-037,booked,EUR,false
tnt_demo,SHP-000664,import,SGSIN,AEJEA,4,19790.529,CUST-010,booked,USD,false
tnt_demo,SHP-000665,import,CNSHA,USNYC,3,,CUST-050,booked,INR,false
tnt_acme,SHP-000666,export,INNSA,SGSIN,4,11036.751,CUST-031,booked,INR,false
tnt_demo,SHP-000667,import,USNYC,CNSHA,5,21640.304,CUST-038,in_transit,USD,false
tnt_demo,SHP-000668,import,CNSHA,INMUN,6,2977.041,CUST-041,in_transit,INR,false
tnt_demo,SHP-000669,export,INMAA,DEHAM,2,11727.854,CUST-042,booked,INR,false
tnt_demo,SHP-000670,export,INNSA,SGSIN,5,11933.930,CUST-002,booked,INR,false
tnt_demo,SHP-000671,export,INMAA,CNSHA,2,6279.282,CUST-023,delivered,USD,false
tnt_demo,SHP-000672,import,NLRTM,USNYC,2,1799.209,CUST-041,in_transit,USD,false
tnt_demo,SHP-000673,export,INNSA,DEHAM,5,1541.584,CUST-037,arrived,INR,false
tnt_demo,SHP-000674,export,INNSA,INMAA,6,22826.971,CUST-038,in_transit,USD,false
tnt_demo,SHP-000675,export,INMAA,AEJEA,5,10525.551,CUST-012,booked,INR,false
tnt_demo,SHP-000676,export,INNSA,SGSIN,2,22024.898,CUST-042,booked,USD,false
tnt_demo,SHP-000677,export,INNSA,SGSIN,3,18764.611,CUST-040,delivered,USD,false
tnt_demo,SHP-000678,import,DEHAM,USNYC,6,16556.325,CUST-047,in_transit,USD,false
tnt_demo,SHP-000679,export,INMAA,DEHAM,6,1862.397,CUST-046,booked,USD,false
tnt_demo,SHP-000680,export,INNSA,NLRTM,6,5621.013,CUST-029,booked,INR,false
tnt_demo,SHP-000681,export,INNSA,CNSHA,3,6646.602,CUST-048,booked,USD,false
tnt_demo,SHP-000682,import,SGSIN,DEHAM,4,11353.835,CUST-038,in_transit,EUR,true
tnt_demo,SHP-000683,import,CNSHA,INMAA,1,6320.606,CUST-034,in_transit,INR,false
tnt_acme,SHP-000684,export,INNSA,AEJEA,6,7201.495,CUST-025,booked,USD,false
tnt_demo,SHP-000685,export,INNSA,USNYC,1,4716.575,CUST-044,in_transit,USD,false
tnt_demo,SHP-000686,export,INNSA,INMUN,2,9610.926,CUST-020,in_transit,INR,false
tnt_demo,SHP-000687,import,CNSHA,NLRTM,6,23938.450,CUST-029,delivered,INR,false
tnt_acme,SHP-000688,export,INNSA,NLRTM,3,22742.110,CUST-022,in_transit,INR,false
tnt_demo,SHP-000689,import,USNYC,INNSA,2,4662.499,CUST-025,in_transit,INR,false
tnt_demo,SHP-000690,export,INMAA,AEJEA,3,,CUST-043,in_transit,INR,false
tnt_demo,SHP-000691,import,CNSHA,INNSA,6,1100.490,CUST-041,in_transit,INR,false
tnt_demo,SHP-000692,import,CNSHA,SGSIN,5,23228.987,CUST-039,in_transit,EUR,false
tnt_demo,SHP-000693,import,CNSHA,INNSA,1,24828.195,CUST-039,in_transit,USD,false
tnt_demo,SHP-000694,export,INNSA,SGSIN,3,2900.095,CUST-001,booked,EUR,false
tnt_demo,SHP-000695,import,SGSIN,NLRTM,3,8896.355,CUST-048,booked,EUR,false
tnt_demo,SHP-000696,import,SGSIN,AEJEA,6,15647.298,CUST-040,in_transit,USD,false
tnt_demo,SHP-000697,export,INMAA,CNSHA,1,,CUST-035,in_transit,USD,false
tnt_acme,SHP-000698,export,INMUN,INNSA,3,1369.935,CUST-003,booked,INR,false
tnt_acme,SHP-000699,export,INMUN,INNSA,1,6510.709,CUST-015,delivered,USD,false
tnt_demo,SHP-000700,export,INNSA,NLRTM,1,19118.190,CUST-019,in_transit,AED,false
tnt_demo,SHP-000701,import,CNSHA,INNSA,2,17763.343,CUST-049,booked,INR,false
tnt_demo,SHP-000702,import,USNYC,SGSIN,3,14757.046,CUST-041,booked,INR,true
tnt_demo,SHP-000703,export,INNSA,DEHAM,1,21045.254,CUST-010,in_transit,USD,false
tnt_demo,SHP-000704,import,CNSHA,DEHAM,4,861.840,CUST-023,in_transit,INR,false
tnt_demo,SHP-000705,export,INNSA,INMAA,1,2157.912,CUST-046,in_transit,USD,false
tnt_demo,SHP-000706,export,INNSA,SGSIN,3,17062.059,CUST-022,arrived,USD,false
tnt_demo,SHP-000707,import,USNYC,SGSIN,2,23278.500,CUST-015,in_transit,INR,false
tnt_demo,SHP-000708,export,INNSA,DEHAM,5,2776.185,CUST-019,in_transit,USD,false
tnt_demo,SHP-000709,import,SGSIN,NLRTM,1,19701.903,CUST-049,in_transit,USD,false
tnt_demo,SHP-000710,export,INMUN,INMAA,1,20197.905,CUST-013,booked,INR,false
tnt_demo,SHP-000711,export,INMAA,USNYC,3,14438.698,CUST-004,in_transit,INR,false
tnt_demo,SHP-000712,import,USNYC,INMAA,2,1049.237,CUST-013,in_transit,INR,false
tnt_demo,SHP-000713,import,SGSIN,INMUN,1,15568.427,CUST-028,booked,INR,false
tnt_acme,SHP-000714,import,SGSIN,INMAA,3,22165.913,CUST-046,delivered,USD,false
tnt_demo,SHP-000715,import,CNSHA,AEJEA,1,15823.433,CUST-045,arrived,USD,false
tnt_demo,SHP-000716,import,CNSHA,INMUN,2,22198.596,CUST-039,booked,INR,false
tnt_demo,SHP-000717,import,SGSIN,INMAA,6,2809.926,CUST-038,delivered,USD,false
tnt_acme,SHP-000718,export,INMAA,INNSA,2,16642.206,CUST-039,arrived,USD,false
tnt_demo,SHP-000719,export,INNSA,INMUN,4,7726.695,CUST-009,in_transit,INR,false
tnt_demo,SHP-000720,export,INMAA,INNSA,5,4206.216,CUST-038,arrived,EUR,false
tnt_demo,SHP-000721,export,INMAA,SGSIN,1,13757.945,CUST-037,delivered,INR,false
tnt_demo,SHP-000722,export,INNSA,DEHAM,1,17024.137,CUST-017,arrived,INR,false
tnt_demo,SHP-000723,import,AEJEA,DEHAM,5,,CUST-026,in_transit,INR,false
tnt_demo,SHP-000724,export,INMAA,SGSIN,5,5189.848,CUST-033,in_transit,INR,false
tnt_demo,SHP-000725,export,INMAA,USNYC,4,21207.035,CUST-023,in_transit,AED,false
tnt_demo,SHP-000726,export,INNSA,INMAA,1,8968.360,CUST-014,in_transit,USD,false
tnt_demo,SHP-000727,export,INNSA,USNYC,5,16940.066,CUST-030,in_transit,USD,false
tnt_acme,SHP-000728,export,INNSA,DEHAM,6,4059.551,CUST-039,arrived,USD,false
tnt_demo,SHP-000729,export,INMAA,CNSHA,5,11998.811,CUST-009,in_transit,EUR,false
tnt_demo,SHP-000730,export,INMAA,AEJEA,4,539.537,CUST-049,booked,USD,false
tnt_demo,SHP-000731,import,USNYC,NLRTM,3,16606.713,CUST-013,in_transit,EUR,false
tnt_demo,SHP-000732,import,SGSIN,CNSHA,6,20207.528,CUST-047,in_transit,USD,false
tnt_demo,SHP-000733,export,INNSA,DEHAM,3,16149.205,CUST-019,booked,INR,false
tnt_demo,SHP-000734,export,INMUN,CNSHA,4,10197.894,CUST-041,in_transit,INR,false
tnt_demo,SHP-000735,export,INNSA,CNSHA,2,19309.706,CUST-007,arrived,USD,false
tnt_demo,SHP-000736,import,CNSHA,NLRTM,3,5521.088,CUST-030,arrived,USD,false
tnt_demo,SHP-000737,export,INMAA,DEHAM,1,15093.677,CUST-027,in_transit,USD,false
tnt_demo,SHP-000738,export,INMUN,NLRTM,1,2307.139,CUST-009,booked,INR,false
tnt_demo,SHP-000739,import,CNSHA,INMAA,3,22685.588,CUST-007,booked,USD,false
tnt_demo,SHP-000740,import,AEJEA,INMAA,6,5203.964,CUST-034,in_transit,INR,false
tnt_demo,SHP-000741,export,INMAA,INMUN,1,19572.477,CUST-024,in_transit,INR,false
tnt_demo,SHP-000742,import,SGSIN,INMUN,4,3019.826,CUST-022,in_transit,INR,false
tnt_demo,SHP-000743,import,CNSHA,AEJEA,1,2487.094,CUST-042,booked,EUR,false
tnt_demo,SHP-000744,export,INNSA,AEJEA,4,9545.054,CUST-024,in_transit,USD,false
tnt_demo,SHP-000745,export,INMAA,USNYC,5,2187.761,CUST-018,booked,INR,false
tnt_demo,SHP-000746,export,INMAA,NLRTM,2,4224.748,CUST-037,booked,USD,false
tnt_demo,SHP-000747,import,USNYC,AEJEA,1,24043.291,CUST-034,in_transit,USD,false
tnt_demo,SHP-000748,export,INNSA,INMUN,4,13020.868,CUST-003,booked,USD,false
tnt_demo,SHP-000749,export,INMAA,SGSIN,1,2377.840,CUST-004,booked,USD,false
tnt_demo,SHP-000750,import,SGSIN,AEJEA,2,5047.909,CUST-033,in_transit,USD,false
tnt_demo,SHP-000751,import,CNSHA,AEJEA,4,18106.080,CUST-017,booked,USD,false
tnt_demo,SHP-000752,import,NLRTM,INMAA,5,6742.578,CUST-049,arrived,INR,false
tnt_demo,SHP-000753,import,SGSIN,DEHAM,5,2135.492,CUST-027,booked,INR,false
tnt_demo,SHP-000754,export,INMAA,AEJEA,4,3414.305,CUST-007,booked,USD,false
tnt_demo,SHP-000755,import,SGSIN,INMAA,4,23497.419,CUST-019,in_transit,INR,false
tnt_demo,SHP-000756,import,USNYC,INMUN,1,20144.959,CUST-012,booked,INR,false
tnt_demo,SHP-000757,import,SGSIN,CNSHA,1,22501.274,CUST-022,booked,INR,false
tnt_demo,SHP-000758,export,INNSA,AEJEA,6,19410.218,CUST-043,booked,USD,false
tnt_demo,SHP-000759,export,INNSA,AEJEA,5,20506.841,CUST-022,in_transit,USD,false
tnt_demo,SHP-000760,import,CNSHA,DEHAM,4,18671.158,CUST-033,arrived,INR,false
tnt_demo,SHP-000761,export,INMAA,USNYC,3,,CUST-003,in_transit,USD,true
tnt_demo,SHP-000762,import,SGSIN,NLRTM,6,15153.590,CUST-050,delivered,AED,false
tnt_demo,SHP-000763,import,SGSIN,AEJEA,2,20963.193,CUST-004,arrived,INR,false
tnt_demo,SHP-000764,export,INNSA,INMAA,6,14772.235,CUST-026,in_transit,EUR,false
tnt_demo,SHP-000765,import,CNSHA,INNSA,2,2175.106,CUST-020,booked,INR,false
tnt_demo,SHP-000766,export,INNSA,USNYC,3,2583.022,CUST-002,arrived,USD,false
tnt_demo,SHP-000767,export,INMUN,INNSA,3,15033.282,CUST-032,arrived,USD,false
tnt_demo,SHP-000768,import,CNSHA,AEJEA,6,2483.415,CUST-050,in_transit,USD,false
tnt_demo,SHP-000769,import,USNYC,INNSA,2,21177.657,CUST-028,booked,USD,false
tnt_demo,SHP-000770,export,INMAA,DEHAM,2,5675.650,CUST-018,in_transit,INR,false
tnt_acme,SHP-000771,import,CNSHA,INNSA,6,23968.579,CUST-008,in_transit,INR,false
tnt_acme,SHP-000772,export,INNSA,USNYC,2,10011.142,CUST-044,in_transit,INR,false
tnt_acme,SHP-000773,import,CNSHA,NLRTM,2,18706.240,CUST-016,booked,USD,false
tnt_acme,SHP-000774,export,INNSA,CNSHA,2,,CUST-006,booked,INR,false
tnt_demo,SHP-000775,import,DEHAM,CNSHA,4,23928.454,CUST-047,arrived,EUR,false
tnt_demo,SHP-000776,import,DEHAM,INNSA,4,2587.172,CUST-004,arrived,USD,false
tnt_demo,SHP-000777,export,INNSA,AEJEA,5,22717.296,CUST-009,booked,USD,false
tnt_demo,SHP-000778,export,INNSA,AEJEA,3,9309.899,CUST-010,in_transit,USD,false
tnt_demo,SHP-000779,export,INNSA,USNYC,3,763.026,CUST-019,in_transit,INR,false
tnt_demo,SHP-000780,export,INNSA,INMUN,6,11720.241,CUST-030,arrived,INR,false
tnt_demo,SHP-000781,import,CNSHA,NLRTM,2,2520.355,CUST-002,in_transit,EUR,false
tnt_acme,SHP-000782,export,INMUN,CNSHA,2,17228.842,CUST-041,delivered,USD,false
tnt_demo,SHP-000783,export,INNSA,DEHAM,5,12495.654,CUST-045,booked,USD,false
tnt_demo,SHP-000784,export,INNSA,USNYC,5,,CUST-049,arrived,INR,false
tnt_demo,SHP-000785,import,CNSHA,AEJEA,6,2072.665,CUST-020,booked,USD,false
tnt_demo,SHP-000786,export,INMAA,INNSA,5,7700.105,CUST-022,booked,EUR,false
tnt_demo,SHP-000787,export,INMUN,AEJEA,5,22635.445,CUST-006,in_transit,USD,false
tnt_demo,SHP-000788,import,SGSIN,INNSA,1,13981.973,CUST-008,arrived,INR,false
tnt_demo,SHP-000789,export,INMAA,SGSIN,4,4584.385,CUST-034,in_transit,USD,false
tnt_demo,SHP-000790,import,DEHAM,USNYC,2,7302.768,CUST-019,delivered,INR,false
tnt_demo,SHP-000791,export,INMAA,NLRTM,3,21390.968,CUST-005,booked,INR,false
tnt_demo,SHP-000792,import,SGSIN,USNYC,6,23773.644,CUST-019,in_transit,INR,false
tnt_demo,SHP-000793,import,CNSHA,NLRTM,1,20665.092,CUST-043,arrived,USD,false
tnt_demo,SHP-000794,export,INNSA,INMAA,4,19349.772,CUST-046,arrived,INR,false
tnt_demo,SHP-000795,export,INNSA,INMUN,4,15535.463,CUST-036,booked,USD,false
tnt_demo,SHP-000796,import,CNSHA,DEHAM,2,10217.437,CUST-039,delivered,USD,false
tnt_acme,SHP-000797,import,CNSHA,DEHAM,5,7857.704,CUST-003,in_transit,USD,false
tnt_demo,SHP-000798,import,SGSIN,INMAA,4,8410.424,CUST-047,in_transit,INR,false
tnt_demo,SHP-000799,import,CNSHA,AEJEA,1,8806.072,CUST-047,arrived,USD,false
tnt_demo,SHP-000800,export,INNSA,NLRTM,5,3516.045,CUST-044,booked,AED,false
tnt_demo,SHP-000801,import,USNYC,SGSIN,3,18107.316,CUST-024,booked,USD,false
tnt_demo,SHP-000802,export,INNSA,AEJEA,5,7117.335,CUST-029,in_transit,USD,false
tnt_demo,SHP-000803,import,SGSIN,AEJEA,1,11054.779,CUST-044,in_transit,INR,false
tnt_demo,SHP-000804,export,INNSA,USNYC,1,8264.834,CUST-003,booked,USD,false
tnt_demo,SHP-000805,export,INNSA,NLRTM,5,23842.856,CUST-027,in_transit,INR,false
tnt_demo,SHP-000806,import,SGSIN,INMUN,4,13345.147,CUST-040,in_transit,USD,false
tnt_demo,SHP-000807,export,INNSA,CNSHA,1,15850.733,CUST-031,in_transit,EUR,false
tnt_demo,SHP-000808,export,INNSA,USNYC,1,4126.206,CUST-025,arrived,EUR,false
tnt_demo,SHP-000809,export,INMUN,DEHAM,5,15699.060,CUST-008,in_transit,USD,false
tnt_demo,SHP-000810,export,INNSA,AEJEA,6,21786.466,CUST-006,booked,INR,false
tnt_demo,SHP-000811,import,CNSHA,INMUN,2,10111.173,CUST-039,in_transit,EUR,false
tnt_demo,SHP-000812,export,INMAA,DEHAM,6,14527.106,CUST-047,booked,INR,false
tnt_demo,SHP-000813,export,INNSA,INMAA,1,7406.988,CUST-003,booked,USD,false
tnt_demo,SHP-000814,export,INNSA,SGSIN,4,5649.248,CUST-011,in_transit,USD,false
tnt_demo,SHP-000815,import,AEJEA,CNSHA,3,1788.914,CUST-011,arrived,USD,false
tnt_demo,SHP-000816,export,INNSA,AEJEA,5,11488.213,CUST-048,arrived,USD,false
tnt_demo,SHP-000817,export,INMUN,INNSA,5,8895.485,CUST-010,booked,USD,false
tnt_demo,SHP-000818,import,SGSIN,NLRTM,5,7000.607,CUST-011,in_transit,INR,false
tnt_demo,SHP-000819,import,CNSHA,INMAA,5,10009.559,CUST-006,delivered,INR,false
tnt_demo,SHP-000820,export,INNSA,DEHAM,3,12296.033,CUST-028,arrived,USD,false
tnt_demo,SHP-000821,import,CNSHA,INMAA,3,3554.104,CUST-029,in_transit,INR,false
tnt_demo,SHP-000822,export,INMAA,INNSA,5,16531.870,CUST-045,delivered,USD,false
tnt_demo,SHP-000823,import,CNSHA,INMAA,6,7143.548,CUST-019,booked,AED,false
tnt_demo,SHP-000824,import,SGSIN,USNYC,5,1214.739,CUST-040,arrived,INR,false
tnt_demo,SHP-000825,export,INNSA,USNYC,1,11862.337,CUST-008,booked,INR,false
tnt_demo,SHP-000826,export,INNSA,INMAA,3,17822.901,CUST-046,booked,USD,false
tnt_demo,SHP-000827,export,INMAA,INNSA,3,5677.619,CUST-003,in_transit,EUR,false
tnt_demo,SHP-000828,export,INMAA,AEJEA,1,16881.998,CUST-037,booked,INR,false
tnt_demo,SHP-000829,import,DEHAM,AEJEA,3,14384.821,CUST-023,booked,EUR,false
tnt_acme,SHP-000830,import,SGSIN,INMAA,6,6763.844,CUST-031,in_transit,USD,false
tnt_demo,SHP-000831,import,SGSIN,DEHAM,3,12841.603,CUST-015,in_transit,INR,false
tnt_acme,SHP-000832,export,INNSA,NLRTM,6,23442.609,CUST-036,booked,EUR,false
tnt_demo,SHP-000833,import,AEJEA,INNSA,5,10967.439,CUST-017,booked,USD,false
tnt_demo,SHP-000834,import,CNSHA,INNSA,1,5161.916,CUST-012,arrived,INR,false
tnt_demo,SHP-000835,export,INNSA,INMUN,6,16811.213,CUST-036,in_transit,EUR,false
tnt_demo,SHP-000836,export,INNSA,USNYC,2,21231.562,CUST-006,in_transit,EUR,false
tnt_demo,SHP-000837,import,CNSHA,INNSA,4,8544.939,CUST-009,in_transit,INR,false
tnt_demo,SHP-000838,import,CNSHA,INNSA,6,15658.943,CUST-030,booked,USD,false
tnt_demo,SHP-000839,import,CNSHA,AEJEA,5,20234.754,CUST-010,arrived,USD,false
tnt_demo,SHP-000840,export,INNSA,DEHAM,1,7340.009,CUST-031,booked,USD,false
tnt_demo,SHP-000841,export,INNSA,AEJEA,2,22883.109,CUST-024,booked,INR,false
tnt_demo,SHP-000842,import,CNSHA,INMAA,4,14752.493,CUST-001,in_transit,USD,false
tnt_demo,SHP-000843,export,INMAA,AEJEA,3,6173.182,CUST-040,booked,EUR,false
tnt_demo,SHP-000844,import,SGSIN,INMAA,6,3581.750,CUST-004,in_transit,INR,false
tnt_acme,SHP-000845,import,CNSHA,AEJEA,6,7422.266,CUST-003,in_transit,USD,false
tnt_demo,SHP-000846,export,INNSA,SGSIN,6,19991.015,CUST-050,booked,INR,false
tnt_demo,SHP-000847,export,INNSA,CNSHA,5,1399.139,CUST-009,booked,USD,true
tnt_acme,SHP-000848,import,CNSHA,INMAA,4,10407.252,CUST-028,arrived,INR,false
tnt_demo,SHP-000849,export,INNSA,SGSIN,4,13462.246,CUST-019,in_transit,USD,false
tnt_demo,SHP-000850,export,INNSA,INMUN,1,3034.815,CUST-019,arrived,USD,false
tnt_acme,SHP-000851,import,CNSHA,INMUN,3,15125.306,CUST-042,in_transit,EUR,false
tnt_demo,SHP-000852,import,DEHAM,INMUN,6,9098.934,CUST-011,in_transit,EUR,false
tnt_demo,SHP-000853,export,INMAA,DEHAM,2,14219.613,CUST-012,arrived,USD,false
tnt_demo,SHP-000854,export,INNSA,CNSHA,6,23247.328,CUST-002,in_transit,USD,false
tnt_demo,SHP-000855,import,NLRTM,USNYC,4,13070.098,CUST-013,in_transit,INR,false
tnt_demo,SHP-000856,import,SGSIN,USNYC,2,20348.963,CUST-047,in_transit,INR,false
tnt_demo,SHP-000857,export,INNSA,USNYC,4,6538.560,CUST-021,booked,INR,false
tnt_demo,SHP-000858,import,CNSHA,DEHAM,5,15216.614,CUST-044,arrived,USD,false
tnt_demo,SHP-000859,import,CNSHA,USNYC,5,24246.315,CUST-026,delivered,EUR,false
tnt_demo,SHP-000860,export,INMUN,USNYC,4,14878.646,CUST-028,arrived,USD,false
tnt_demo,SHP-000861,import,USNYC,INNSA,3,10523.256,CUST-043,in_transit,INR,false
tnt_demo,SHP-000862,export,INNSA,DEHAM,1,10294.153,CUST-005,booked,USD,false
tnt_demo,SHP-000863,import,NLRTM,CNSHA,4,23727.387,CUST-039,arrived,USD,false
tnt_acme,SHP-000864,import,DEHAM,NLRTM,3,10738.118,CUST-039,delivered,EUR,false
tnt_demo,SHP-000865,export,INNSA,CNSHA,6,20175.337,CUST-028,in_transit,USD,false
tnt_demo,SHP-000866,import,SGSIN,NLRTM,4,10646.924,CUST-035,delivered,INR,false
tnt_demo,SHP-000867,export,INNSA,SGSIN,6,15956.490,CUST-004,in_transit,USD,false
tnt_demo,SHP-000868,import,SGSIN,INMAA,5,11124.200,CUST-039,in_transit,USD,false
tnt_demo,SHP-000869,import,SGSIN,USNYC,6,1135.207,CUST-024,in_transit,USD,false
tnt_demo,SHP-000870,export,INNSA,CNSHA,6,9308.184,CUST-019,booked,USD,false
tnt_demo,SHP-000871,export,INMUN,INNSA,2,9879.772,CUST-008,booked,USD,false
tnt_demo,SHP-000872,export,INMAA,DEHAM,1,24730.998,CUST-031,in_transit,INR,true
tnt_demo,SHP-000873,export,INMAA,INNSA,2,21286.164,CUST-016,arrived,USD,false
tnt_demo,SHP-000874,import,NLRTM,USNYC,6,16727.883,CUST-004,booked,USD,false
tnt_demo,SHP-000875,export,INNSA,DEHAM,2,19056.245,CUST-006,booked,INR,false
tnt_demo,SHP-000876,import,CNSHA,USNYC,6,9175.612,CUST-003,in_transit,EUR,false
tnt_demo,SHP-000877,export,INNSA,CNSHA,6,3521.469,CUST-003,delivered,INR,false
tnt_acme,SHP-000878,export,INNSA,DEHAM,3,10460.774,CUST-030,in_transit,USD,false
tnt_demo,SHP-000879,export,INNSA,CNSHA,4,23532.884,CUST-007,arrived,USD,false
tnt_demo,SHP-000880,import,SGSIN,DEHAM,5,17730.372,CUST-042,in_transit,USD,false
tnt_demo,SHP-000881,import,AEJEA,INNSA,2,22775.857,CUST-005,in_transit,USD,false
tnt_demo,SHP-000882,import,SGSIN,INNSA,5,23191.389,CUST-029,in_transit,INR,false
tnt_demo,SHP-000883,import,SGSIN,INNSA,4,,CUST-024,booked,INR,false
tnt_acme,SHP-000884,export,INMUN,USNYC,2,1028.855,CUST-034,in_transit,EUR,false
tnt_demo,SHP-000885,export,INMUN,DEHAM,4,15246.762,CUST-028,delivered,USD,false
tnt_demo,SHP-000886,export,INMAA,CNSHA,6,2570.067,CUST-034,delivered,USD,false
tnt_demo,SHP-000887,import,CNSHA,INNSA,3,15400.266,CUST-048,booked,USD,false
tnt_demo,SHP-000888,export,INNSA,SGSIN,3,12800.457,CUST-003,in_transit,INR,false
tnt_demo,SHP-000889,import,DEHAM,INMUN,1,19343.353,CUST-022,in_transit,USD,false
tnt_demo,SHP-000890,import,CNSHA,SGSIN,6,640.952,CUST-035,booked,INR,false
tnt_acme,SHP-000891,export,INMAA,DEHAM,2,12271.049,CUST-032,booked,USD,false
tnt_demo,SHP-000892,import,CNSHA,DEHAM,6,21821.283,CUST-010,arrived,USD,false
tnt_demo,SHP-000893,export,INNSA,INMUN,1,1529.629,CUST-045,in_transit,EUR,true
tnt_demo,SHP-000894,export,INNSA,INMAA,5,2472.390,CUST-005,booked,USD,false
tnt_demo,SHP-000895,import,DEHAM,NLRTM,2,12300.022,CUST-015,in_transit,EUR,true
tnt_demo,SHP-000896,export,INNSA,CNSHA,4,7411.019,CUST-007,in_transit,EUR,false
tnt_demo,SHP-000897,import,SGSIN,NLRTM,5,9741.023,CUST-015,delivered,EUR,false
tnt_acme,SHP-000898,import,NLRTM,CNSHA,4,11802.971,CUST-034,arrived,INR,false
tnt_demo,SHP-000899,export,INMUN,USNYC,2,17408.858,CUST-023,arrived,INR,false
tnt_demo,SHP-000900,export,INNSA,INMUN,5,24201.153,CUST-045,in_transit,USD,false
tnt_demo,SHP-000901,export,INMAA,AEJEA,2,8525.049,CUST-017,arrived,USD,false
tnt_demo,SHP-000902,import,SGSIN,AEJEA,5,12367.903,CUST-010,booked,EUR,false
tnt_acme,SHP-000903,import,CNSHA,INNSA,6,20969.393,CUST-017,arrived,USD,false
tnt_demo,SHP-000904,import,SGSIN,CNSHA,1,20935.571,CUST-022,delivered,EUR,false
tnt_demo,SHP-000905,export,INMAA,USNYC,6,9752.944,CUST-043,booked,USD,false
tnt_demo,SHP-000906,import,DEHAM,CNSHA,3,20198.442,CUST-004,in_transit,USD,false
tnt_demo,SHP-000907,export,INMAA,NLRTM,3,,CUST-023,booked,INR,false
tnt_demo,SHP-000908,import,SGSIN,INNSA,6,21354.726,CUST-040,delivered,USD,false
tnt_demo,SHP-000909,import,NLRTM,INNSA,4,3740.387,CUST-014,arrived,INR,false
tnt_demo,SHP-000910,export,INNSA,SGSIN,2,9629.284,CUST-045,booked,INR,false
tnt_acme,SHP-000911,export,INNSA,INMAA,6,21608.261,CUST-026,booked,INR,false
tnt_demo,SHP-000912,export,INNSA,AEJEA,2,14484.947,CUST-035,arrived,USD,false
tnt_demo,SHP-000913,export,INNSA,SGSIN,1,6016.723,CUST-003,arrived,USD,false
tnt_demo,SHP-000914,export,INMAA,USNYC,4,17559.621,CUST-043,in_transit,USD,false
tnt_demo,SHP-000915,export,INMAA,DEHAM,4,24099.578,CUST-010,booked,AED,false
tnt_demo,SHP-000916,export,INMAA,INNSA,5,4121.840,CUST-045,in_transit,USD,false
tnt_demo,SHP-000917,export,INNSA,DEHAM,5,,CUST-034,in_transit,INR,false
tnt_demo,SHP-000918,export,INMAA,CNSHA,5,13521.680,CUST-025,in_transit,USD,false
tnt_demo,SHP-000919,export,INMUN,AEJEA,5,7482.584,CUST-027,arrived,EUR,false
tnt_demo,SHP-000920,import,SGSIN,AEJEA,4,17991.545,CUST-006,in_transit,USD,false
tnt_demo,SHP-000921,import,CNSHA,AEJEA,1,1104.996,CUST-036,arrived,INR,false
tnt_demo,SHP-000922,export,INNSA,USNYC,6,21536.429,CUST-014,delivered,INR,false
tnt_demo,SHP-000923,export,INMUN,DEHAM,4,24353.092,CUST-029,in_transit,INR,false
tnt_demo,SHP-000924,export,INMAA,USNYC,6,7595.421,CUST-027,arrived,EUR,false
tnt_acme,SHP-000925,import,CNSHA,SGSIN,5,12906.051,CUST-027,in_transit,AED,false
tnt_demo,SHP-000926,import,SGSIN,DEHAM,5,16876.199,CUST-046,delivered,USD,false
tnt_demo,SHP-000927,import,NLRTM,AEJEA,6,18092.513,CUST-012,booked,INR,false
tnt_demo,SHP-000928,export,INMAA,CNSHA,6,20193.839,CUST-019,delivered,EUR,false
tnt_demo,SHP-000929,import,SGSIN,AEJEA,5,11136.465,CUST-005,booked,EUR,false
tnt_demo,SHP-000930,export,INMAA,INMUN,6,21638.667,CUST-010,in_transit,AED,false
tnt_demo,SHP-000931,export,INNSA,NLRTM,3,5325.832,CUST-027,booked,USD,false
tnt_demo,SHP-000932,import,NLRTM,DEHAM,6,24848.401,CUST-023,arrived,INR,true
tnt_demo,SHP-000933,import,SGSIN,INMAA,4,878.397,CUST-022,booked,USD,false
tnt_demo,SHP-000934,export,INMAA,SGSIN,1,10381.818,CUST-032,in_transit,USD,false
tnt_acme,SHP-000935,export,INMAA,INMUN,4,22996.418,CUST-007,delivered,EUR,false
tnt_demo,SHP-000936,export,INMAA,CNSHA,5,12137.278,CUST-028,in_transit,INR,true
tnt_acme,SHP-000937,export,INNSA,INMAA,3,22775.166,CUST-023,booked,USD,false
tnt_demo,SHP-000938,export,INNSA,INMUN,5,5578.511,CUST-048,booked,EUR,false
tnt_demo,SHP-000939,export,INNSA,INMUN,5,14668.989,CUST-015,booked,USD,false
tnt_demo,SHP-000940,export,INNSA,SGSIN,4,14735.887,CUST-011,in_transit,EUR,false
tnt_demo,SHP-000941,export,INNSA,NLRTM,6,7708.773,CUST-039,delivered,EUR,false
tnt_acme,SHP-000942,export,INNSA,USNYC,4,20472.453,CUST-012,in_transit,INR,true
tnt_demo,SHP-000943,export,INNSA,AEJEA,3,3439.479,CUST-045,in_transit,USD,false
tnt_demo,SHP-000944,export,INMAA,AEJEA,6,17123.130,CUST-008,in_transit,USD,false
tnt_demo,SHP-000945,export,INMAA,SGSIN,3,5576.086,CUST-011,delivered,EUR,false
tnt_demo,SHP-000946,export,INNSA,NLRTM,3,10139.401,CUST-009,booked,USD,false
tnt_demo,SHP-000947,import,CNSHA,INMUN,1,20312.489,CUST-045,in_transit,EUR,false
tnt_demo,SHP-000948,export,INMUN,AEJEA,1,9353.734,CUST-010,in_transit,INR,false
tnt_demo,SHP-000949,export,INMAA,NLRTM,6,24871.306,CUST-021,booked,USD,false
tnt_demo,SHP-000950,import,SGSIN,NLRTM,5,12499.551,CUST-017,booked,USD,false
tnt_demo,SHP-000951,export,INNSA,CNSHA,3,19681.370,CUST-027,arrived,EUR,false
tnt_demo,SHP-000952,import,AEJEA,CNSHA,2,2517.654,CUST-020,booked,INR,false
tnt_demo,SHP-000953,import,CNSHA,NLRTM,1,6713.273,CUST-003,in_transit,USD,false
tnt_acme,SHP-000954,export,INNSA,DEHAM,4,6904.812,CUST-012,booked,USD,false
tnt_demo,SHP-000955,import,DEHAM,INMAA,2,16158.056,CUST-017,booked,USD,false
tnt_demo,SHP-000956,export,INMAA,CNSHA,6,10769.731,CUST-020,in_transit,USD,false
tnt_acme,SHP-000957,import,CNSHA,INMAA,6,20567.922,CUST-006,in_transit,INR,false
tnt_demo,SHP-000958,export,INMAA,SGSIN,3,12804.799,CUST-010,booked,INR,false
tnt_demo,SHP-000959,import,SGSIN,DEHAM,2,7629.169,CUST-014,booked,AED,false
tnt_demo,SHP-000960,import,CNSHA,INMUN,6,,CUST-049,arrived,EUR,false
tnt_demo,SHP-000961,export,INNSA,DEHAM,4,4042.711,CUST-027,delivered,USD,false
tnt_demo,SHP-000962,import,SGSIN,INMUN,6,16947.783,CUST-015,arrived,USD,false
tnt_demo,SHP-000963,export,INNSA,USNYC,5,9556.961,CUST-024,booked,INR,false
tnt_demo,SHP-000964,import,SGSIN,CNSHA,5,2200.394,CUST-042,in_transit,EUR,false
tnt_demo,SHP-000965,export,INNSA,AEJEA,3,23559.760,CUST-039,in_transit,INR,false
tnt_demo,SHP-000966,export,INMAA,INMUN,2,20856.634,CUST-047,arrived,EUR,false
tnt_demo,SHP-000967,import,SGSIN,DEHAM,1,,CUST-022,delivered,INR,true
tnt_demo,SHP-000968,export,INNSA,INMAA,1,19836.033,CUST-002,in_transit,INR,false
tnt_demo,SHP-000969,import,CNSHA,SGSIN,1,6098.385,CUST-016,booked,INR,false
tnt_demo,SHP-000970,import,CNSHA,NLRTM,1,4876.733,CUST-014,delivered,INR,false
tnt_acme,SHP-000971,export,INMUN,AEJEA,6,13338.542,CUST-039,in_transit,INR,false
tnt_demo,SHP-000972,import,CNSHA,USNYC,5,12417.503,CUST-046,booked,USD,false
tnt_acme,SHP-000973,export,INNSA,DEHAM,6,1420.526,CUST-041,in_transit,INR,false
tnt_demo,SHP-000974,export,INMUN,INMAA,1,,CUST-045,in_transit,USD,true
tnt_demo,SHP-000975,export,INMAA,SGSIN,3,,CUST-019,booked,INR,false
tnt_demo,SHP-000976,import,CNSHA,INMAA,1,2876.149,CUST-030,in_transit,EUR,false
tnt_demo,SHP-000977,export,INMAA,INNSA,1,11849.090,CUST-024,in_transit,EUR,false
tnt_demo,SHP-000978,import,AEJEA,CNSHA,3,16085.984,CUST-005,arrived,INR,false
tnt_demo,SHP-000979,import,CNSHA,AEJEA,1,9840.821,CUST-006,in_transit,EUR,false
tnt_demo,SHP-000980,import,CNSHA,NLRTM,6,21275.736,CUST-002,delivered,USD,false
tnt_demo,SHP-000981,import,SGSIN,INMUN,1,14549.066,CUST-008,arrived,USD,false
tnt_demo,SHP-000982,import,SGSIN,DEHAM,6,15815.790,CUST-020,delivered,USD,false
tnt_demo,SHP-000983,import,AEJEA,INNSA,6,6280.759,CUST-010,arrived,INR,false
tnt_demo,SHP-000984,export,INNSA,INMAA,3,6371.493,CUST-027,arrived,EUR,false
tnt_demo,SHP-000985,import,SGSIN,INNSA,3,6546.294,CUST-033,arrived,USD,false
tnt_demo,SHP-000986,export,INNSA,CNSHA,4,12814.824,CUST-019,in_transit,USD,false
tnt_demo,SHP-000987,export,INNSA,INMUN,6,17293.172,CUST-028,booked,USD,false
tnt_demo,SHP-000988,export,INNSA,USNYC,3,23888.918,CUST-021,booked,USD,true
tnt_acme,SHP-000989,import,SGSIN,DEHAM,1,5219.554,CUST-044,delivered,USD,false
tnt_demo,SHP-000990,import,USNYC,INMAA,4,4237.799,CUST-016,arrived,EUR,false
tnt_demo,SHP-000991,import,CNSHA,DEHAM,4,1740.059,CUST-005,booked,USD,false
tnt_demo,SHP-000992,export,INNSA,NLRTM,4,7686.635,CUST-034,booked,EUR,false
tnt_acme,SHP-000993,import,CNSHA,INNSA,4,4193.268,CUST-008,booked,EUR,false
tnt_demo,SHP-000994,export,INNSA,SGSIN,2,22506.056,CUST-005,arrived,USD,false
tnt_demo,SHP-000995,export,INNSA,NLRTM,3,19513.496,CUST-038,arrived,INR,false
tnt_demo,SHP-000996,import,CNSHA,USNYC,5,640.476,CUST-016,arrived,USD,false
tnt_demo,SHP-000997,import,CNSHA,AEJEA,1,8586.425,CUST-019,in_transit,USD,false
tnt_demo,SHP-000998,export,INMUN,USNYC,1,,CUST-048,in_transit,EUR,false
tnt_demo,SHP-000999,export,INNSA,AEJEA,3,20468.555,CUST-014,in_transit,USD,false
tnt_demo,SHP-001000,import,CNSHA,NLRTM,3,10763.355,CUST-022,arrived,INR,false
tnt_demo,SHP-001001,export,INNSA,DEHAM,4,3354.819,CUST-019,in_transit,USD,false
tnt_demo,SHP-001002,import,SGSIN,CNSHA,1,5018.959,CUST-042,in_transit,USD,false
tnt_demo,SHP-001003,export,INNSA,INMUN,4,15265.987,CUST-002,in_transit,USD,false
tnt_demo,SHP-001004,import,SGSIN,CNSHA,4,13554.267,CUST-020,arrived,USD,false
tnt_demo,SHP-001005,export,INMAA,INMUN,6,21822.645,CUST-035,booked,USD,false
tnt_acme,SHP-001006,import,SGSIN,USNYC,6,2818.133,CUST-036,in_transit,USD,false
tnt_demo,SHP-001007,export,INMUN,NLRTM,1,10606.579,CUST-041,booked,INR,false
tnt_acme,SHP-001008,export,INNSA,NLRTM,3,1853.657,CUST-038,arrived,USD,false
tnt_demo,SHP-001009,import,SGSIN,INMUN,1,4730.497,CUST-014,booked,USD,false
tnt_demo,SHP-001010,import,DEHAM,INMAA,1,24840.313,CUST-048,delivered,USD,false
tnt_demo,SHP-001011,export,INNSA,CNSHA,5,10882.090,CUST-008,booked,AED,false
tnt_demo,SHP-001012,import,CNSHA,AEJEA,4,1274.802,CUST-043,booked,USD,false
tnt_demo,SHP-001013,import,CNSHA,USNYC,2,24666.898,CUST-050,in_transit,USD,true
tnt_demo,SHP-001014,import,CNSHA,USNYC,3,7451.476,CUST-040,in_transit,EUR,false
tnt_demo,SHP-001015,export,INNSA,SGSIN,3,19362.043,CUST-030,in_transit,USD,false
tnt_demo,SHP-001016,export,INNSA,AEJEA,4,6431.100,CUST-049,booked,USD,false
tnt_demo,SHP-001017,import,DEHAM,CNSHA,6,2783.874,CUST-046,booked,EUR,false
tnt_demo,SHP-001018,export,INMAA,SGSIN,2,20243.951,CUST-044,booked,USD,false
tnt_demo,SHP-001019,import,CNSHA,NLRTM,6,,CUST-033,in_transit,USD,false
tnt_demo,SHP-001020,export,INNSA,INMUN,1,17401.547,CUST-023,arrived,USD,false
tnt_demo,SHP-001021,export,INNSA,INMUN,3,12318.334,CUST-016,arrived,USD,false
tnt_acme,SHP-001022,export,INNSA,USNYC,1,23319.435,CUST-015,booked,INR,false
tnt_demo,SHP-001023,import,SGSIN,DEHAM,1,20112.921,CUST-048,booked,USD,false
tnt_demo,SHP-001024,export,INNSA,NLRTM,6,22431.515,CUST-007,in_transit,AED,false
tnt_demo,SHP-001025,import,CNSHA,INNSA,2,10346.793,CUST-042,delivered,USD,false
tnt_acme,SHP-001026,import,CNSHA,INNSA,1,5067.335,CUST-034,in_transit,USD,false
tnt_demo,SHP-001027,import,DEHAM,AEJEA,6,6168.060,CUST-007,in_transit,USD,false
tnt_acme,SHP-001028,import,SGSIN,AEJEA,2,14379.469,CUST-035,in_transit,USD,false
tnt_demo,SHP-001029,import,CNSHA,NLRTM,2,21788.881,CUST-038,in_transit,INR,false
tnt_demo,SHP-001030,export,INMAA,SGSIN,4,13695.185,CUST-030,delivered,AED,false
tnt_demo,SHP-001031,export,INMAA,NLRTM,1,5896.094,CUST-019,delivered,USD,false
tnt_demo,SHP-001032,import,CNSHA,NLRTM,4,13218.878,CUST-028,in_transit,USD,false
tnt_demo,SHP-001033,export,INNSA,NLRTM,6,12602.211,CUST-049,in_transit,USD,false
tnt_acme,SHP-001034,export,INNSA,NLRTM,1,20099.328,CUST-050,booked,INR,false
tnt_demo,SHP-001035,import,CNSHA,USNYC,6,10546.676,CUST-037,in_transit,EUR,false
tnt_demo,SHP-001036,export,INNSA,DEHAM,3,17909.929,CUST-001,arrived,AED,false
tnt_demo,SHP-001037,import,SGSIN,INNSA,2,17530.226,CUST-004,booked,INR,false
tnt_demo,SHP-001038,import,USNYC,CNSHA,1,2017.183,CUST-030,in_transit,EUR,false
tnt_demo,SHP-001039,import,CNSHA,SGSIN,5,9791.923,CUST-015,booked,USD,false
tnt_demo,SHP-001040,export,INMAA,INMUN,4,4981.384,CUST-033,arrived,USD,false
tnt_demo,SHP-001041,import,CNSHA,NLRTM,5,17395.719,CUST-044,booked,USD,false
tnt_demo,SHP-001042,import,USNYC,INMAA,3,17782.681,CUST-014,arrived,USD,false
tnt_demo,SHP-001043,import,CNSHA,SGSIN,5,18751.555,CUST-041,booked,INR,false
tnt_demo,SHP-001044,import,AEJEA,DEHAM,2,10986.041,CUST-039,booked,USD,false
tnt_demo,SHP-001045,import,SGSIN,DEHAM,3,21083.666,CUST-030,in_transit,INR,false
tnt_demo,SHP-001046,import,SGSIN,AEJEA,5,18115.152,CUST-021,in_transit,USD,false
tnt_acme,SHP-001047,export,INNSA,AEJEA,4,21963.072,CUST-030,in_transit,USD,false
tnt_demo,SHP-001048,export,INNSA,INMAA,2,2120.248,CUST-008,booked,INR,false
tnt_demo,SHP-001049,export,INNSA,SGSIN,2,8716.165,CUST-041,booked,INR,false
tnt_demo,SHP-001050,import,CNSHA,INMAA,4,22291.228,CUST-028,in_transit,USD,false
tnt_demo,SHP-001051,export,INNSA,CNSHA,4,9479.522,CUST-006,in_transit,INR,false
tnt_demo,SHP-001052,export,INMAA,AEJEA,3,5144.617,CUST-002,booked,EUR,false
tnt_demo,SHP-001053,export,INMAA,USNYC,4,13118.026,CUST-042,in_transit,EUR,false
tnt_demo,SHP-001054,export,INNSA,DEHAM,6,20970.972,CUST-014,booked,INR,true
tnt_demo,SHP-001055,import,CNSHA,USNYC,2,21269.957,CUST-013,arrived,EUR,false
tnt_demo,SHP-001056,import,DEHAM,CNSHA,4,4100.398,CUST-024,booked,EUR,false
tnt_demo,SHP-001057,export,INMAA,NLRTM,4,21665.369,CUST-025,arrived,INR,false
tnt_demo,SHP-001058,import,CNSHA,USNYC,3,3321.295,CUST-001,delivered,EUR,false
tnt_demo,SHP-001059,import,CNSHA,NLRTM,1,14749.929,CUST-041,in_transit,EUR,false
tnt_demo,SHP-001060,export,INNSA,NLRTM,3,22139.451,CUST-007,booked,USD,false
tnt_demo,SHP-001061,import,SGSIN,INMAA,4,2659.612,CUST-005,booked,INR,false
tnt_demo,SHP-001062,export,INNSA,NLRTM,5,24386.687,CUST-032,in_transit,USD,false
tnt_demo,SHP-001063,export,INNSA,INMAA,1,11380.260,CUST-010,in_transit,USD,false
tnt_demo,SHP-001064,import,CNSHA,SGSIN,2,13794.401,CUST-026,booked,USD,false
tnt_demo,SHP-001065,export,INMUN,USNYC,2,12013.088,CUST-032,in_transit,EUR,false
tnt_demo,SHP-001066,export,INNSA,USNYC,6,24751.631,CUST-049,booked,USD,false
tnt_demo,SHP-001067,import,CNSHA,NLRTM,5,12586.304,CUST-010,in_transit,USD,false
tnt_demo,SHP-001068,export,INMAA,NLRTM,5,15043.981,CUST-012,in_transit,USD,false
tnt_demo,SHP-001069,export,INMAA,DEHAM,1,17565.304,CUST-012,arrived,EUR,false
tnt_acme,SHP-001070,export,INNSA,INMUN,4,13085.191,CUST-047,booked,USD,false
tnt_demo,SHP-001071,export,INNSA,INMAA,5,16519.356,CUST-017,booked,USD,false
tnt_demo,SHP-001072,import,SGSIN,DEHAM,4,24577.260,CUST-020,delivered,INR,false
tnt_demo,SHP-001073,import,SGSIN,CNSHA,4,12448.537,CUST-043,booked,INR,false
tnt_demo,SHP-001074,export,INMAA,NLRTM,1,11124.772,CUST-040,booked,EUR,false
tnt_demo,SHP-001075,import,CNSHA,USNYC,2,2381.942,CUST-023,booked,INR,false
tnt_demo,SHP-001076,export,INMAA,CNSHA,1,21689.266,CUST-043,delivered,INR,false
tnt_demo,SHP-001077,export,INNSA,INMUN,6,20428.805,CUST-034,booked,INR,false
tnt_demo,SHP-001078,import,CNSHA,NLRTM,2,16826.572,CUST-031,booked,INR,true
tnt_demo,SHP-001079,import,SGSIN,NLRTM,3,1771.677,CUST-023,delivered,USD,false
tnt_demo,SHP-001080,export,INNSA,INMAA,1,19437.101,CUST-035,in_transit,USD,false
tnt_demo,SHP-001081,import,USNYC,DEHAM,6,19887.778,CUST-042,in_transit,EUR,false
tnt_demo,SHP-001082,export,INNSA,SGSIN,1,6398.168,CUST-031,booked,INR,false
tnt_demo,SHP-001083,export,INMAA,SGSIN,6,10020.329,CUST-033,arrived,AED,false
tnt_demo,SHP-001084,import,USNYC,INNSA,2,13775.587,CUST-043,delivered,EUR,false
tnt_demo,SHP-001085,export,INMAA,CNSHA,2,6592.972,CUST-033,in_transit,USD,false
tnt_demo,SHP-001086,export,INNSA,CNSHA,5,23354.642,CUST-031,in_transit,INR,false
tnt_demo,SHP-001087,export,INNSA,NLRTM,6,13851.042,CUST-033,booked,USD,false
tnt_demo,SHP-001088,import,SGSIN,INMUN,3,17375.416,CUST-025,arrived,USD,true
tnt_demo,SHP-001089,import,CNSHA,NLRTM,3,15634.582,CUST-018,in_transit,EUR,false
tnt_acme,SHP-001090,import,SGSIN,USNYC,6,2477.501,CUST-045,delivered,USD,false
tnt_demo,SHP-001091,import,DEHAM,SGSIN,1,2696.443,CUST-008,arrived,USD,false
tnt_demo,SHP-001092,import,CNSHA,INNSA,5,24492.589,CUST-003,booked,INR,false
tnt_demo,SHP-001093,export,INMAA,NLRTM,4,23082.176,CUST-042,in_transit,INR,false
tnt_demo,SHP-001094,export,INMAA,NLRTM,3,3764.709,CUST-045,in_transit,USD,false
tnt_demo,SHP-001095,import,DEHAM,SGSIN,6,5221.106,CUST-047,booked,INR,false
tnt_demo,SHP-001096,import,CNSHA,INMUN,6,6507.696,CUST-045,booked,INR,false
tnt_demo,SHP-001097,import,SGSIN,CNSHA,2,,CUST-022,in_transit,USD,false
tnt_demo,SHP-001098,export,INNSA,AEJEA,6,17012.543,CUST-041,booked,EUR,false
tnt_acme,SHP-001099,export,INNSA,AEJEA,6,3392.715,CUST-043,arrived,INR,false
tnt_demo,SHP-001100,import,SGSIN,INMAA,5,13092.045,CUST-006,booked,AED,false
tnt_demo,SHP-001101,import,CNSHA,USNYC,4,,CUST-044,in_transit,INR,false
tnt_demo,SHP-001102,export,INNSA,AEJEA,2,20997.831,CUST-034,in_transit,INR,false
tnt_demo,SHP-001103,export,INNSA,NLRTM,2,8672.709,CUST-046,arrived,USD,false
tnt_demo,SHP-001104,export,INNSA,USNYC,4,15887.094,CUST-031,in_transit,USD,false
tnt_acme,SHP-001105,import,USNYC,CNSHA,1,2048.339,CUST-007,in_transit,USD,false
tnt_demo,SHP-001106,import,CNSHA,INMAA,1,15705.091,CUST-005,in_transit,EUR,true
tnt_demo,SHP-001107,export,INMAA,INNSA,6,22131.622,CUST-017,in_transit,AED,false
tnt_demo,SHP-001108,export,INNSA,INMUN,1,16888.867,CUST-046,booked,EUR,false
tnt_demo,SHP-001109,import,SGSIN,AEJEA,4,14981.200,CUST-010,in_transit,USD,false
tnt_demo,SHP-001110,import,DEHAM,INNSA,6,12287.637,CUST-041,in_transit,USD,false
tnt_demo,SHP-001111,export,INNSA,AEJEA,2,11920.360,CUST-050,arrived,EUR,false
tnt_acme,SHP-001112,import,CNSHA,SGSIN,6,9478.422,CUST-020,booked,INR,false
tnt_demo,SHP-001113,export,INNSA,USNYC,2,19243.763,CUST-038,arrived,USD,false
tnt_demo,SHP-001114,export,INNSA,CNSHA,5,,CUST-026,in_transit,USD,false
tnt_demo,SHP-001115,import,CNSHA,INNSA,4,24129.604,CUST-009,in_transit,EUR,false
tnt_demo,SHP-001116,export,INNSA,SGSIN,4,23503.623,CUST-047,booked,USD,false
tnt_demo,SHP-001117,import,SGSIN,NLRTM,2,12973.390,CUST-042,arrived,USD,false
tnt_demo,SHP-001118,import,SGSIN,USNYC,6,1189.242,CUST-035,booked,USD,false
tnt_demo,SHP-001119,export,INNSA,INMUN,4,13958.788,CUST-034,arrived,USD,false
tnt_demo,SHP-001120,export,INNSA,NLRTM,4,4944.424,CUST-013,arrived,USD,false
tnt_demo,SHP-001121,export,INNSA,INMUN,4,17870.620,CUST-020,booked,AED,false
tnt_demo,SHP-001122,import,DEHAM,NLRTM,4,2176.026,CUST-043,booked,INR,false
tnt_demo,SHP-001123,export,INNSA,INMUN,1,22515.292,CUST-014,arrived,USD,false
tnt_demo,SHP-001124,export,INNSA,AEJEA,2,12028.781,CUST-036,booked,AED,false
tnt_demo,SHP-001125,export,INMUN,INMAA,1,14402.448,CUST-029,arrived,INR,false
tnt_demo,SHP-001126,import,SGSIN,INMAA,3,5526.328,CUST-016,in_transit,USD,false
tnt_demo,SHP-001127,export,INNSA,DEHAM,6,10476.204,CUST-010,arrived,AED,false
tnt_demo,SHP-001128,import,CNSHA,INMUN,5,6225.828,CUST-045,in_transit,USD,false
tnt_demo,SHP-001129,import,USNYC,INMAA,6,22052.381,CUST-020,in_transit,USD,false
tnt_acme,SHP-001130,import,SGSIN,CNSHA,5,23397.290,CUST-017,booked,USD,false
tnt_demo,SHP-001131,import,SGSIN,INMUN,2,14927.789,CUST-045,in_transit,INR,false
tnt_demo,SHP-001132,export,INMUN,USNYC,4,2443.300,CUST-015,arrived,AED,false
tnt_demo,SHP-001133,import,SGSIN,DEHAM,2,4059.734,CUST-001,arrived,EUR,false
tnt_demo,SHP-001134,import,DEHAM,INMUN,5,16043.204,CUST-035,in_transit,USD,false
tnt_demo,SHP-001135,export,INMAA,AEJEA,2,24282.574,CUST-010,in_transit,USD,false
tnt_demo,SHP-001136,export,INNSA,AEJEA,1,15152.062,CUST-046,arrived,USD,false
tnt_acme,SHP-001137,import,USNYC,INNSA,2,4358.003,CUST-034,in_transit,USD,false
tnt_demo,SHP-001138,export,INMAA,USNYC,5,,CUST-047,in_transit,EUR,false
tnt_demo,SHP-001139,export,INMAA,INNSA,4,5139.150,CUST-038,booked,USD,false
tnt_demo,SHP-001140,import,CNSHA,USNYC,6,2807.396,CUST-050,in_transit,AED,false
tnt_demo,SHP-001141,export,INMAA,SGSIN,3,13715.602,CUST-024,delivered,EUR,false
tnt_demo,SHP-001142,import,SGSIN,NLRTM,3,13172.092,CUST-043,booked,EUR,false
tnt_demo,SHP-001143,export,INNSA,INMAA,3,8371.184,CUST-017,arrived,USD,false
tnt_demo,SHP-001144,export,INMAA,CNSHA,3,14837.251,CUST-039,in_transit,USD,false
tnt_demo,SHP-001145,import,SGSIN,DEHAM,1,1581.742,CUST-022,in_transit,USD,false
tnt_demo,SHP-001146,export,INNSA,SGSIN,4,12005.733,CUST-009,booked,AED,false
tnt_demo,SHP-001147,import,CNSHA,INNSA,6,5113.330,CUST-036,in_transit,USD,false
tnt_demo,SHP-001148,export,INMAA,NLRTM,6,823.300,CUST-050,arrived,AED,false
tnt_demo,SHP-001149,export,INNSA,DEHAM,4,10474.067,CUST-043,in_transit,EUR,false
tnt_acme,SHP-001150,import,SGSIN,USNYC,4,23919.998,CUST-035,in_transit,USD,false
tnt_demo,SHP-001151,export,INNSA,AEJEA,1,13219.206,CUST-049,arrived,USD,false
tnt_demo,SHP-001152,import,CNSHA,INMAA,5,20000.204,CUST-025,arrived,INR,false
tnt_demo,SHP-001153,export,INMAA,NLRTM,2,24843.980,CUST-008,booked,USD,true
tnt_demo,SHP-001154,import,SGSIN,CNSHA,2,17831.277,CUST-009,arrived,INR,false
tnt_demo,SHP-001155,export,INNSA,NLRTM,2,18672.972,CUST-024,in_transit,INR,false
tnt_demo,SHP-001156,import,SGSIN,NLRTM,5,18371.933,CUST-024,booked,USD,false
tnt_demo,SHP-001157,import,USNYC,AEJEA,6,21692.462,CUST-019,booked,USD,false
tnt_demo,SHP-001158,import,AEJEA,NLRTM,4,1686.753,CUST-022,arrived,INR,true
tnt_demo,SHP-001159,export,INMAA,USNYC,2,8359.347,CUST-042,in_transit,USD,true
tnt_demo,SHP-001160,export,INNSA,AEJEA,2,19459.720,CUST-036,booked,INR,false
tnt_demo,SHP-001161,import,USNYC,DEHAM,1,12335.405,CUST-040,arrived,INR,false
tnt_demo,SHP-001162,import,SGSIN,USNYC,2,7819.336,CUST-035,booked,USD,false
tnt_demo,SHP-001163,import,CNSHA,INMUN,3,,CUST-036,in_transit,USD,false
tnt_demo,SHP-001164,export,INNSA,INMAA,5,9537.769,CUST-025,in_transit,USD,false
tnt_acme,SHP-001165,export,INNSA,USNYC,5,6578.860,CUST-026,in_transit,INR,false
tnt_demo,SHP-001166,import,NLRTM,INMAA,3,12605.817,CUST-023,arrived,AED,false
tnt_demo,SHP-001167,export,INNSA,CNSHA,3,6594.694,CUST-022,in_transit,AED,false
tnt_demo,SHP-001168,import,SGSIN,CNSHA,2,15151.605,CUST-018,delivered,EUR,true
tnt_acme,SHP-001169,export,INMAA,USNYC,1,6679.291,CUST-024,in_transit,USD,true
tnt_demo,SHP-001170,export,INNSA,CNSHA,4,11082.124,CUST-049,arrived,INR,false
tnt_demo,SHP-001171,export,INNSA,INMUN,4,11186.733,CUST-031,booked,USD,false
tnt_acme,SHP-001172,export,INNSA,CNSHA,1,,CUST-013,delivered,INR,false
tnt_demo,SHP-001173,import,CNSHA,INNSA,5,22374.735,CUST-037,booked,INR,false
tnt_demo,SHP-001174,export,INMAA,SGSIN,5,901.430,CUST-031,delivered,USD,false
tnt_demo,SHP-001175,import,CNSHA,NLRTM,4,4214.634,CUST-028,booked,USD,false
tnt_acme,SHP-001176,import,NLRTM,CNSHA,2,9718.492,CUST-012,in_transit,INR,false
tnt_demo,SHP-001177,export,INNSA,INMUN,3,23138.954,CUST-012,in_transit,USD,false
tnt_acme,SHP-001178,export,INNSA,INMUN,3,9825.615,CUST-001,arrived,EUR,false
tnt_demo,SHP-001179,import,CNSHA,NLRTM,4,17224.515,CUST-046,in_transit,USD,false
tnt_demo,SHP-001180,export,INMAA,USNYC,5,20380.680,CUST-026,in_transit,USD,false
tnt_demo,SHP-001181,import,AEJEA,DEHAM,3,5626.057,CUST-004,in_transit,USD,false
tnt_demo,SHP-001182,import,NLRTM,USNYC,4,4547.231,CUST-021,in_transit,INR,false
tnt_demo,SHP-001183,import,CNSHA,AEJEA,5,16392.924,CUST-039,in_transit,USD,false
tnt_demo,SHP-001184,export,INMAA,SGSIN,2,2520.629,CUST-038,booked,INR,false
tnt_demo,SHP-001185,import,DEHAM,SGSIN,5,20579.322,CUST-019,in_transit,USD,false
tnt_demo,SHP-001186,export,INNSA,SGSIN,2,19376.747,CUST-036,booked,AED,false
tnt_demo,SHP-001187,import,CNSHA,SGSIN,4,1664.538,CUST-003,in_transit,INR,false
tnt_demo,SHP-001188,export,INNSA,DEHAM,6,7511.886,CUST-037,booked,INR,false
tnt_demo,SHP-001189,export,INNSA,NLRTM,1,17818.337,CUST-031,in_transit,INR,true
tnt_demo,SHP-001190,export,INNSA,CNSHA,6,24945.113,CUST-036,delivered,USD,false
tnt_demo,SHP-001191,import,SGSIN,INMUN,1,1437.155,CUST-023,booked,USD,false
tnt_demo,SHP-001192,import,SGSIN,INMUN,5,18817.009,CUST-017,arrived,USD,false
tnt_demo,SHP-001193,import,CNSHA,USNYC,2,17936.487,CUST-034,booked,INR,false
tnt_demo,SHP-001194,export,INNSA,AEJEA,1,1717.382,CUST-026,arrived,INR,false
tnt_demo,SHP-001195,export,INMAA,INNSA,6,20767.301,CUST-039,arrived,INR,false
tnt_demo,SHP-001196,import,CNSHA,SGSIN,1,15580.709,CUST-005,in_transit,USD,false
tnt_demo,SHP-001197,import,CNSHA,USNYC,5,22868.406,CUST-003,booked,USD,false
tnt_demo,SHP-001198,export,INNSA,NLRTM,5,11495.011,CUST-018,in_transit,USD,false
tnt_demo,SHP-001199,import,CNSHA,INNSA,5,5436.189,CUST-048,in_transit,INR,false
tnt_demo,SHP-001200,import,CNSHA,NLRTM,2,24428.062,CUST-017,in_transit,INR,false
tnt_demo,SHP-001201,import,CNSHA,DEHAM,4,2155.565,CUST-013,booked,INR,false
tnt_demo,SHP-001202,export,INNSA,INMUN,3,5503.314,CUST-018,arrived,EUR,false
tnt_demo,SHP-001203,export,INNSA,SGSIN,5,3704.664,CUST-045,in_transit,USD,false
tnt_demo,SHP-001204,export,INNSA,USNYC,5,13275.107,CUST-047,booked,USD,false
tnt_demo,SHP-001205,export,INNSA,INMUN,1,19258.216,CUST-003,arrived,INR,false
tnt_demo,SHP-001206,export,INNSA,AEJEA,6,15655.170,CUST-025,booked,AED,false
tnt_demo,SHP-001207,export,INMUN,CNSHA,4,6896.987,CUST-016,in_transit,INR,false
tnt_demo,SHP-001208,export,INNSA,CNSHA,1,20535.646,CUST-008,delivered,USD,false
tnt_demo,SHP-001209,export,INNSA,SGSIN,1,5968.560,CUST-028,arrived,INR,false
tnt_demo,SHP-001210,export,INMAA,INMUN,4,,CUST-019,delivered,USD,false
tnt_demo,SHP-001211,import,SGSIN,NLRTM,6,2412.510,CUST-003,arrived,USD,false
tnt_demo,SHP-001212,export,INNSA,CNSHA,5,17869.521,CUST-010,in_transit,USD,false
tnt_demo,SHP-001213,export,INMAA,USNYC,3,2964.160,CUST-046,booked,USD,false
tnt_demo,SHP-001214,export,INNSA,SGSIN,2,1260.572,CUST-042,booked,INR,false
tnt_demo,SHP-001215,import,NLRTM,CNSHA,5,,CUST-032,arrived,EUR,false
tnt_acme,SHP-001216,import,DEHAM,SGSIN,2,,CUST-041,booked,EUR,false
tnt_demo,SHP-001217,import,DEHAM,INMAA,2,23019.229,CUST-013,in_transit,USD,false
tnt_demo,SHP-001218,export,INMUN,SGSIN,6,10157.721,CUST-012,booked,USD,false
tnt_demo,SHP-001219,import,USNYC,INNSA,3,5322.611,CUST-036,in_transit,EUR,false
tnt_demo,SHP-001220,import,DEHAM,SGSIN,6,22843.676,CUST-047,booked,INR,false
tnt_demo,SHP-001221,export,INMAA,INNSA,6,4424.522,CUST-024,booked,INR,false
tnt_acme,SHP-001222,export,INNSA,CNSHA,1,18447.359,CUST-050,booked,USD,false
tnt_demo,SHP-001223,import,DEHAM,CNSHA,6,21358.878,CUST-029,booked,INR,false
tnt_demo,SHP-001224,import,CNSHA,USNYC,5,24407.129,CUST-018,in_transit,INR,false
tnt_demo,SHP-001225,import,SGSIN,USNYC,4,18297.380,CUST-028,arrived,INR,false
tnt_demo,SHP-001226,export,INNSA,CNSHA,4,3794.303,CUST-029,arrived,EUR,false
tnt_demo,SHP-001227,import,CNSHA,NLRTM,5,19456.686,CUST-018,in_transit,INR,false
tnt_demo,SHP-001228,export,INMUN,AEJEA,1,24248.657,CUST-047,in_transit,INR,true
tnt_demo,SHP-001229,import,CNSHA,AEJEA,6,7638.290,CUST-035,arrived,USD,false
tnt_demo,SHP-001230,import,CNSHA,SGSIN,5,7082.116,CUST-019,booked,AED,false
tnt_demo,SHP-001231,export,INNSA,SGSIN,4,11143.045,CUST-047,arrived,USD,false
tnt_demo,SHP-001232,import,SGSIN,NLRTM,5,19128.265,CUST-023,delivered,INR,false
tnt_acme,SHP-001233,export,INNSA,DEHAM,2,6167.618,CUST-044,in_transit,INR,false
tnt_demo,SHP-001234,import,CNSHA,INMAA,1,18225.559,CUST-035,in_transit,USD,false
tnt_acme,SHP-001235,import,CNSHA,INMUN,5,16613.604,CUST-031,booked,USD,false
tnt_demo,SHP-001236,import,SGSIN,AEJEA,1,3044.920,CUST-017,booked,INR,false
tnt_demo,SHP-001237,import,SGSIN,AEJEA,1,8083.990,CUST-012,booked,USD,false
tnt_demo,SHP-001238,export,INNSA,USNYC,5,17907.521,CUST-028,arrived,EUR,false
tnt_demo,SHP-001239,import,CNSHA,USNYC,6,5881.492,CUST-044,booked,USD,false
tnt_demo,SHP-001240,export,INMAA,USNYC,6,17082.136,CUST-004,in_transit,INR,false
tnt_demo,SHP-001241,import,SGSIN,NLRTM,6,17666.342,CUST-036,in_transit,USD,false
tnt_demo,SHP-001242,export,INNSA,SGSIN,3,16022.228,CUST-023,booked,USD,false
tnt_acme,SHP-001243,import,SGSIN,CNSHA,5,19937.926,CUST-012,in_transit,INR,false
tnt_demo,SHP-001244,import,CNSHA,USNYC,4,5374.948,CUST-019,in_transit,EUR,false
tnt_demo,SHP-001245,import,USNYC,AEJEA,4,11074.093,CUST-011,in_transit,INR,false
tnt_demo,SHP-001246,import,CNSHA,INMUN,3,,CUST-017,in_transit,INR,false
tnt_demo,SHP-001247,export,INNSA,AEJEA,6,12539.985,CUST-008,in_transit,USD,false
tnt_demo,SHP-001248,import,SGSIN,INNSA,3,11015.883,CUST-035,arrived,INR,false
tnt_demo,SHP-001249,export,INMAA,INMUN,1,6497.077,CUST-015,booked,USD,false
tnt_demo,SHP-001250,import,CNSHA,NLRTM,1,13252.062,CUST-040,booked,EUR,false
tnt_demo,SHP-001251,export,INMAA,AEJEA,5,14502.440,CUST-014,in_transit,INR,false
tnt_demo,SHP-001252,import,CNSHA,INMAA,3,,CUST-026,in_transit,EUR,false
tnt_demo,SHP-001253,export,INNSA,DEHAM,5,22237.550,CUST-049,booked,INR,false
tnt_demo,SHP-001254,import,USNYC,DEHAM,2,12536.445,CUST-014,in_transit,INR,false
tnt_acme,SHP-001255,import,NLRTM,CNSHA,2,23038.967,CUST-015,in_transit,USD,true
tnt_demo,SHP-001256,export,INMAA,AEJEA,1,10951.114,CUST-003,booked,EUR,false
tnt_demo,SHP-001257,export,INNSA,DEHAM,4,14171.149,CUST-048,arrived,USD,false
tnt_demo,SHP-001258,export,INNSA,SGSIN,3,22076.378,CUST-011,in_transit,INR,false
tnt_demo,SHP-001259,import,NLRTM,DEHAM,5,20876.906,CUST-037,in_transit,INR,false
tnt_demo,SHP-001260,import,DEHAM,NLRTM,3,14514.512,CUST-030,in_transit,USD,false
tnt_demo,SHP-001261,import,SGSIN,USNYC,3,16569.635,CUST-010,booked,USD,true
tnt_demo,SHP-001262,export,INMAA,INNSA,6,18855.090,CUST-040,arrived,AED,false
tnt_demo,SHP-001263,import,SGSIN,INMUN,6,7351.955,CUST-023,delivered,INR,false
tnt_demo,SHP-001264,import,CNSHA,SGSIN,1,17971.960,CUST-010,arrived,INR,false
tnt_acme,SHP-001265,export,INMAA,DEHAM,1,,CUST-045,in_transit,USD,false
tnt_demo,SHP-001266,export,INNSA,AEJEA,2,2134.498,CUST-010,arrived,USD,false
tnt_acme,SHP-001267,export,INNSA,INMUN,3,21656.727,CUST-023,booked,INR,false
tnt_demo,SHP-001268,import,NLRTM,SGSIN,5,24843.559,CUST-037,booked,USD,false
tnt_demo,SHP-001269,import,CNSHA,INMAA,3,6182.142,CUST-042,booked,USD,true
tnt_demo,SHP-001270,import,CNSHA,INMAA,1,1528.623,CUST-047,delivered,USD,false
tnt_demo,SHP-001271,export,INNSA,INMAA,2,17598.739,CUST-047,arrived,USD,false
tnt_demo,SHP-001272,import,CNSHA,INNSA,5,11835.940,CUST-049,booked,INR,false
tnt_demo,SHP-001273,import,SGSIN,INMAA,3,1830.666,CUST-017,arrived,AED,false
tnt_demo,SHP-001274,export,INNSA,NLRTM,3,23707.619,CUST-001,in_transit,USD,false
tnt_acme,SHP-001275,import,USNYC,NLRTM,1,5977.685,CUST-011,delivered,INR,false
tnt_demo,SHP-001276,import,AEJEA,SGSIN,4,7807.975,CUST-043,arrived,INR,false
tnt_demo,SHP-001277,export,INNSA,DEHAM,4,19250.606,CUST-015,arrived,USD,false
tnt_demo,SHP-001278,import,USNYC,AEJEA,4,9629.854,CUST-045,in_transit,USD,false
tnt_acme,SHP-001279,import,NLRTM,DEHAM,3,11252.998,CUST-049,arrived,AED,false
tnt_demo,SHP-001280,export,INNSA,INMAA,4,2951.120,CUST-010,arrived,EUR,true
tnt_demo,SHP-001281,import,NLRTM,CNSHA,2,12036.420,CUST-049,in_transit,EUR,false
tnt_demo,SHP-001282,import,NLRTM,CNSHA,4,,CUST-034,in_transit,EUR,false
tnt_demo,SHP-001283,export,INNSA,INMAA,1,1509.255,CUST-043,in_transit,INR,false
tnt_demo,SHP-001284,export,INNSA,DEHAM,2,12856.439,CUST-044,delivered,USD,false
tnt_demo,SHP-001285,export,INNSA,AEJEA,3,10699.457,CUST-005,booked,USD,false
tnt_demo,SHP-001286,import,SGSIN,INMAA,2,22250.038,CUST-041,in_transit,USD,false
tnt_demo,SHP-001287,export,INNSA,NLRTM,2,11166.306,CUST-009,arrived,INR,false
tnt_demo,SHP-001288,import,DEHAM,NLRTM,2,13886.058,CUST-042,booked,USD,false
tnt_demo,SHP-001289,export,INNSA,SGSIN,4,11557.329,CUST-029,arrived,INR,false
tnt_demo,SHP-001290,export,INNSA,INMAA,4,1539.560,CUST-015,in_transit,AED,false
tnt_demo,SHP-001291,export,INNSA,DEHAM,5,5381.015,CUST-003,arrived,EUR,false
tnt_demo,SHP-001292,export,INNSA,AEJEA,1,6451.584,CUST-050,arrived,INR,false
tnt_demo,SHP-001293,export,INNSA,DEHAM,2,9342.089,CUST-018,in_transit,INR,false
tnt_demo,SHP-001294,export,INNSA,INMUN,2,,CUST-004,in_transit,USD,false
tnt_demo,SHP-001295,import,CNSHA,DEHAM,4,6909.673,CUST-033,arrived,USD,false
tnt_acme,SHP-001296,import,CNSHA,INMAA,5,17918.290,CUST-021,in_transit,USD,false
tnt_acme,SHP-001297,export,INNSA,DEHAM,3,1952.637,CUST-031,booked,INR,false
tnt_demo,SHP-001298,import,SGSIN,NLRTM,6,15672.957,CUST-001,in_transit,INR,false
tnt_demo,SHP-001299,export,INNSA,AEJEA,2,17624.114,CUST-027,in_transit,INR,false
tnt_demo,SHP-001300,export,INNSA,AEJEA,6,3446.792,CUST-009,in_transit,USD,false
tnt_demo,SHP-001301,import,SGSIN,DEHAM,2,3287.016,CUST-016,in_transit,USD,false
tnt_acme,SHP-001302,export,INMAA,SGSIN,6,3939.487,CUST-022,arrived,USD,false
tnt_demo,SHP-001303,import,AEJEA,INMAA,5,,CUST-011,booked,INR,false
tnt_demo,SHP-001304,export,INMAA,SGSIN,6,13730.541,CUST-006,arrived,INR,false
tnt_demo,SHP-001305,import,CNSHA,DEHAM,2,2310.725,CUST-045,in_transit,INR,false
tnt_demo,SHP-001306,export,INNSA,INMUN,6,18029.965,CUST-012,booked,INR,false
tnt_acme,SHP-001307,import,CNSHA,AEJEA,2,22065.758,CUST-031,in_transit,USD,false
tnt_demo,SHP-001308,import,CNSHA,INMAA,1,20552.734,CUST-028,booked,INR,false
tnt_demo,SHP-001309,export,INNSA,NLRTM,6,17910.554,CUST-022,arrived,USD,false
tnt_demo,SHP-001310,export,INNSA,AEJEA,3,14928.304,CUST-037,arrived,USD,false
tnt_demo,SHP-001311,export,INMAA,NLRTM,3,22733.125,CUST-028,in_transit,USD,false
tnt_demo,SHP-001312,export,INMUN,CNSHA,5,17693.630,CUST-041,booked,USD,false
tnt_demo,SHP-001313,export,INNSA,DEHAM,2,6908.350,CUST-011,delivered,INR,false
tnt_acme,SHP-001314,import,SGSIN,NLRTM,2,23482.215,CUST-012,in_transit,USD,false
tnt_demo,SHP-001315,export,INNSA,INMAA,1,2908.204,CUST-010,in_transit,INR,false
tnt_demo,SHP-001316,export,INMUN,INNSA,5,19939.600,CUST-017,booked,EUR,false
tnt_demo,SHP-001317,export,INNSA,CNSHA,3,3419.444,CUST-016,booked,USD,false
tnt_demo,SHP-001318,import,CNSHA,INMAA,6,,CUST-013,in_transit,INR,false
tnt_demo,SHP-001319,import,SGSIN,USNYC,1,7478.366,CUST-028,arrived,USD,false
tnt_demo,SHP-001320,export,INMAA,INMUN,1,1312.666,CUST-011,arrived,USD,false
tnt_demo,SHP-001321,import,DEHAM,INMUN,3,23116.350,CUST-038,booked,EUR,false
tnt_demo,SHP-001322,import,AEJEA,USNYC,5,23731.274,CUST-004,delivered,EUR,false
tnt_demo,SHP-001323,export,INNSA,DEHAM,5,3433.520,CUST-042,booked,USD,false
tnt_demo,SHP-001324,export,INNSA,DEHAM,5,5123.683,CUST-033,in_transit,EUR,false
tnt_demo,SHP-001325,export,INNSA,DEHAM,3,9208.117,CUST-025,booked,USD,false
tnt_demo,SHP-001326,export,INNSA,CNSHA,1,6562.354,CUST-049,booked,EUR,false
tnt_demo,SHP-001327,export,INMAA,NLRTM,3,2687.479,CUST-005,in_transit,USD,false
tnt_demo,SHP-001328,import,SGSIN,INNSA,6,5086.627,CUST-021,in_transit,USD,false
tnt_demo,SHP-001329,import,CNSHA,INMAA,3,16189.786,CUST-026,in_transit,USD,false
tnt_demo,SHP-001330,import,SGSIN,NLRTM,3,,CUST-038,booked,INR,false
tnt_demo,SHP-001331,export,INMAA,INMUN,6,17997.601,CUST-029,in_transit,EUR,false
tnt_demo,SHP-001332,import,NLRTM,INMAA,3,2931.472,CUST-033,booked,USD,false
tnt_demo,SHP-001333,export,INMAA,INMUN,1,22500.886,CUST-004,delivered,INR,false
tnt_demo,SHP-001334,export,INNSA,INMUN,4,7430.526,CUST-007,in_transit,USD,false
tnt_demo,SHP-001335,export,INNSA,NLRTM,4,2250.308,CUST-030,booked,INR,false
tnt_demo,SHP-001336,export,INNSA,INMAA,5,6403.335,CUST-022,in_transit,USD,false
tnt_demo,SHP-001337,import,CNSHA,INMUN,2,1969.991,CUST-046,arrived,INR,false
tnt_demo,SHP-001338,import,SGSIN,INMUN,3,17899.319,CUST-044,delivered,INR,false
tnt_demo,SHP-001339,import,AEJEA,DEHAM,6,13863.593,CUST-019,in_transit,USD,false
tnt_acme,SHP-001340,import,AEJEA,INMUN,1,3956.738,CUST-050,in_transit,USD,false
tnt_demo,SHP-001341,import,CNSHA,DEHAM,5,15165.569,CUST-025,booked,INR,false
tnt_demo,SHP-001342,import,CNSHA,INMUN,1,4721.971,CUST-006,in_transit,USD,false
tnt_demo,SHP-001343,export,INMAA,SGSIN,4,17225.508,CUST-042,delivered,USD,false
tnt_acme,SHP-001344,export,INNSA,CNSHA,5,20245.430,CUST-041,booked,USD,false
tnt_demo,SHP-001345,import,CNSHA,DEHAM,2,2924.817,CUST-040,in_transit,USD,false
tnt_demo,SHP-001346,import,SGSIN,INMAA,3,6521.365,CUST-026,in_transit,INR,false
tnt_demo,SHP-001347,import,SGSIN,CNSHA,5,10693.666,CUST-032,booked,USD,false
tnt_demo,SHP-001348,import,NLRTM,INMUN,3,8318.504,CUST-003,booked,EUR,false
tnt_demo,SHP-001349,export,INNSA,AEJEA,6,13026.956,CUST-044,booked,USD,false
tnt_demo,SHP-001350,import,CNSHA,USNYC,1,6839.577,CUST-019,booked,USD,false
tnt_demo,SHP-001351,import,CNSHA,SGSIN,1,7711.516,CUST-005,booked,USD,false
tnt_demo,SHP-001352,import,SGSIN,USNYC,2,8145.306,CUST-004,arrived,EUR,false
tnt_demo,SHP-001353,export,INMAA,CNSHA,4,5570.775,CUST-038,booked,USD,false
tnt_demo,SHP-001354,import,SGSIN,USNYC,4,1552.832,CUST-046,booked,USD,false
tnt_demo,SHP-001355,export,INNSA,USNYC,3,1096.035,CUST-049,arrived,USD,false
tnt_demo,SHP-001356,import,SGSIN,INMAA,5,,CUST-029,delivered,EUR,false
tnt_acme,SHP-001357,import,NLRTM,CNSHA,5,12038.803,CUST-050,in_transit,INR,false
tnt_demo,SHP-001358,import,NLRTM,DEHAM,3,22771.873,CUST-015,booked,EUR,false
tnt_demo,SHP-001359,export,INNSA,INMAA,2,22847.255,CUST-009,booked,INR,false
tnt_demo,SHP-001360,import,CNSHA,NLRTM,5,7685.807,CUST-021,in_transit,USD,false
tnt_acme,SHP-001361,export,INNSA,AEJEA,2,,CUST-033,in_transit,INR,false
tnt_demo,SHP-001362,import,NLRTM,INMAA,3,5045.940,CUST-029,arrived,EUR,false
tnt_demo,SHP-001363,export,INMAA,USNYC,5,20590.361,CUST-031,booked,INR,false
tnt_demo,SHP-001364,import,SGSIN,CNSHA,4,17188.926,CUST-031,booked,USD,false
tnt_demo,SHP-001365,import,SGSIN,DEHAM,6,20465.617,CUST-012,booked,USD,false
tnt_demo,SHP-001366,import,SGSIN,CNSHA,1,10539.950,CUST-026,in_transit,INR,false
tnt_demo,SHP-001367,import,CNSHA,INMAA,6,24898.842,CUST-017,arrived,USD,false
tnt_demo,SHP-001368,export,INNSA,NLRTM,6,2638.901,CUST-015,in_transit,INR,false
tnt_demo,SHP-001369,import,SGSIN,DEHAM,6,17922.078,CUST-010,arrived,INR,false
tnt_demo,SHP-001370,export,INMAA,INMUN,3,8654.582,CUST-033,arrived,INR,false
tnt_demo,SHP-001371,export,INMAA,USNYC,4,638.586,CUST-005,in_transit,USD,false
tnt_demo,SHP-001372,export,INNSA,INMAA,2,6183.566,CUST-022,in_transit,USD,false
tnt_demo,SHP-001373,export,INNSA,USNYC,5,24767.793,CUST-017,delivered,USD,false
tnt_demo,SHP-001374,import,CNSHA,AEJEA,6,8885.325,CUST-010,delivered,USD,false
tnt_demo,SHP-001375,export,INNSA,AEJEA,3,21674.981,CUST-037,in_transit,USD,false
tnt_demo,SHP-001376,import,CNSHA,INNSA,5,1426.733,CUST-009,in_transit,INR,false
tnt_demo,SHP-001377,import,CNSHA,DEHAM,6,16651.616,CUST-020,in_transit,EUR,false
tnt_demo,SHP-001378,import,CNSHA,AEJEA,2,4488.503,CUST-050,delivered,USD,false
tnt_demo,SHP-001379,import,DEHAM,INMUN,6,23368.561,CUST-044,delivered,USD,false
tnt_demo,SHP-001380,import,CNSHA,INMAA,3,5471.879,CUST-037,in_transit,INR,false
tnt_demo,SHP-001381,export,INNSA,AEJEA,5,8305.826,CUST-043,delivered,USD,false
tnt_demo,SHP-001382,import,CNSHA,INMAA,2,23437.752,CUST-038,in_transit,EUR,false
tnt_demo,SHP-001383,import,SGSIN,CNSHA,6,6611.839,CUST-040,delivered,INR,false
tnt_demo,SHP-001384,export,INNSA,SGSIN,6,24228.544,CUST-045,booked,USD,false
tnt_demo,SHP-001385,import,DEHAM,NLRTM,1,4784.448,CUST-041,booked,INR,false
tnt_demo,SHP-001386,import,CNSHA,SGSIN,5,14010.625,CUST-042,arrived,INR,false
tnt_demo,SHP-001387,export,INNSA,INMUN,2,18971.002,CUST-018,delivered,INR,false
tnt_demo,SHP-001388,import,CNSHA,USNYC,2,22954.156,CUST-032,in_transit,EUR,false
tnt_demo,SHP-001389,import,DEHAM,USNYC,4,23331.512,CUST-002,arrived,INR,false
tnt_demo,SHP-001390,export,INMAA,AEJEA,2,6568.131,CUST-005,in_transit,EUR,false
tnt_demo,SHP-001391,import,NLRTM,SGSIN,6,8662.706,CUST-026,booked,INR,false
tnt_acme,SHP-001392,export,INMUN,SGSIN,4,1135.794,CUST-044,in_transit,USD,false
tnt_demo,SHP-001393,import,USNYC,DEHAM,2,14706.652,CUST-050,in_transit,USD,false
tnt_demo,SHP-001394,import,CNSHA,INNSA,1,,CUST-038,in_transit,INR,false
tnt_demo,SHP-001395,import,CNSHA,AEJEA,5,10900.821,CUST-005,in_transit,EUR,false
tnt_acme,SHP-001396,export,INNSA,INMAA,5,9589.819,CUST-003,in_transit,USD,false
tnt_demo,SHP-001397,import,USNYC,SGSIN,6,21184.051,CUST-026,in_transit,USD,false
tnt_demo,SHP-001398,export,INNSA,SGSIN,3,18807.235,CUST-044,in_transit,USD,false
tnt_demo,SHP-001399,export,INMAA,INNSA,1,20038.545,CUST-019,in_transit,USD,false
tnt_acme,SHP-001400,import,SGSIN,AEJEA,5,14093.981,CUST-029,in_transit,USD,false
tnt_demo,SHP-001401,import,CNSHA,USNYC,5,4147.055,CUST-011,in_transit,INR,false
tnt_demo,SHP-001402,import,CNSHA,USNYC,3,,CUST-025,in_transit,AED,false
tnt_demo,SHP-001403,export,INNSA,NLRTM,5,23373.106,CUST-019,arrived,USD,false
tnt_demo,SHP-001404,export,INNSA,NLRTM,5,7227.356,CUST-004,in_transit,INR,false
tnt_demo,SHP-001405,import,AEJEA,INNSA,3,12090.202,CUST-006,booked,INR,false
tnt_demo,SHP-001406,import,CNSHA,SGSIN,4,21163.574,CUST-017,in_transit,INR,false
tnt_demo,SHP-001407,export,INNSA,NLRTM,5,18641.185,CUST-049,arrived,USD,false
tnt_demo,SHP-001408,export,INMUN,INMAA,6,,CUST-019,in_transit,USD,true
tnt_demo,SHP-001409,export,INNSA,USNYC,4,7745.291,CUST-038,arrived,INR,false
tnt_demo,SHP-001410,export,INNSA,INMAA,4,22821.524,CUST-047,delivered,USD,false
tnt_demo,SHP-001411,import,CNSHA,INMUN,2,662.408,CUST-027,booked,USD,false
tnt_demo,SHP-001412,export,INNSA,NLRTM,5,18745.126,CUST-022,in_transit,INR,false
tnt_demo,SHP-001413,import,AEJEA,NLRTM,1,3046.805,CUST-044,in_transit,EUR,false
tnt_demo,SHP-001414,export,INNSA,CNSHA,5,9158.170,CUST-045,in_transit,INR,false
tnt_demo,SHP-001415,import,CNSHA,DEHAM,4,6578.464,CUST-008,booked,EUR,true
tnt_demo,SHP-001416,export,INMAA,INMUN,5,7878.499,CUST-040,delivered,EUR,false
tnt_demo,SHP-001417,import,NLRTM,CNSHA,4,9850.419,CUST-042,arrived,INR,false
tnt_demo,SHP-001418,export,INNSA,CNSHA,6,17351.193,CUST-025,booked,INR,false
tnt_demo,SHP-001419,export,INNSA,INMAA,1,866.183,CUST-019,in_transit,AED,false
tnt_acme,SHP-001420,export,INMUN,NLRTM,5,17580.062,CUST-044,arrived,INR,false
tnt_demo,SHP-001421,import,CNSHA,NLRTM,6,15976.216,CUST-037,booked,USD,false
tnt_demo,SHP-001422,import,NLRTM,DEHAM,1,2884.798,CUST-006,booked,INR,false
tnt_demo,SHP-001423,export,INMUN,SGSIN,3,20932.181,CUST-008,booked,INR,false
tnt_demo,SHP-001424,export,INNSA,INMAA,1,20296.478,CUST-005,delivered,INR,false
tnt_demo,SHP-001425,import,SGSIN,INMUN,1,864.827,CUST-031,in_transit,USD,false
tnt_acme,SHP-001426,export,INNSA,SGSIN,3,17436.068,CUST-006,booked,INR,false
tnt_demo,SHP-001427,import,CNSHA,INMUN,4,11176.287,CUST-005,in_transit,AED,false
tnt_demo,SHP-001428,import,SGSIN,INNSA,3,17515.205,CUST-036,booked,USD,false
tnt_demo,SHP-001429,export,INNSA,USNYC,1,22487.234,CUST-007,booked,USD,false
tnt_demo,SHP-001430,export,INMUN,NLRTM,1,2798.514,CUST-004,booked,USD,false
tnt_demo,SHP-001431,export,INNSA,SGSIN,4,12494.770,CUST-047,booked,USD,false
tnt_demo,SHP-001432,export,INMAA,DEHAM,5,9763.746,CUST-038,booked,USD,false
tnt_demo,SHP-001433,export,INMAA,USNYC,6,19341.452,CUST-038,delivered,EUR,false
tnt_demo,SHP-001434,export,INNSA,CNSHA,6,1962.690,CUST-017,in_transit,INR,false
tnt_demo,SHP-001435,export,INNSA,USNYC,6,17165.780,CUST-021,arrived,INR,false
tnt_demo,SHP-001436,import,AEJEA,INNSA,3,22266.396,CUST-027,in_transit,USD,false
tnt_demo,SHP-001437,export,INNSA,DEHAM,2,14509.672,CUST-026,in_transit,INR,true
tnt_acme,SHP-001438,import,SGSIN,DEHAM,6,7099.592,CUST-012,in_transit,INR,false
tnt_demo,SHP-001439,export,INMAA,NLRTM,3,22212.652,CUST-050,booked,INR,false
tnt_demo,SHP-001440,export,INNSA,NLRTM,5,12031.835,CUST-030,booked,USD,false
tnt_acme,SHP-001441,import,SGSIN,CNSHA,4,15179.040,CUST-041,arrived,USD,false
tnt_demo,SHP-001442,import,NLRTM,CNSHA,2,16198.005,CUST-043,booked,USD,true
tnt_demo,SHP-001443,import,SGSIN,INNSA,1,10479.316,CUST-015,in_transit,EUR,true
tnt_demo,SHP-001444,import,SGSIN,NLRTM,3,,CUST-043,arrived,USD,false
tnt_demo,SHP-001445,export,INNSA,AEJEA,3,3805.214,CUST-008,arrived,USD,false
tnt_demo,SHP-001446,export,INNSA,CNSHA,3,7359.102,CUST-032,booked,INR,false
tnt_demo,SHP-001447,export,INNSA,NLRTM,1,15287.676,CUST-029,booked,EUR,false
tnt_demo,SHP-001448,import,SGSIN,INMUN,1,20820.480,CUST-043,in_transit,USD,false
tnt_demo,SHP-001449,export,INMAA,DEHAM,2,14208.470,CUST-047,in_transit,INR,false
tnt_demo,SHP-001450,import,CNSHA,NLRTM,2,16137.903,CUST-008,booked,INR,false
tnt_demo,SHP-001451,import,SGSIN,USNYC,3,,CUST-042,in_transit,USD,false
tnt_demo,SHP-001452,import,CNSHA,DEHAM,3,11890.269,CUST-033,booked,INR,false
tnt_demo,SHP-001453,import,SGSIN,NLRTM,2,14368.097,CUST-017,booked,INR,false
tnt_demo,SHP-001454,export,INMUN,INNSA,5,21182.451,CUST-026,delivered,EUR,false
tnt_demo,SHP-001455,export,INNSA,AEJEA,1,,CUST-033,arrived,AED,false
tnt_demo,SHP-001456,import,CNSHA,DEHAM,4,15435.370,CUST-024,in_transit,EUR,false
tnt_demo,SHP-001457,export,INMUN,NLRTM,6,22527.913,CUST-044,booked,USD,false
tnt_demo,SHP-001458,import,CNSHA,USNYC,2,2370.745,CUST-020,in_transit,EUR,false
tnt_demo,SHP-001459,export,INNSA,DEHAM,5,14314.751,CUST-044,in_transit,EUR,false
tnt_demo,SHP-001460,export,INNSA,INMAA,6,8275.251,CUST-012,booked,USD,false
tnt_demo,SHP-001461,export,INNSA,NLRTM,6,20519.607,CUST-011,booked,INR,false
tnt_demo,SHP-001462,import,SGSIN,INMUN,4,723.068,CUST-045,in_transit,EUR,false
tnt_demo,SHP-001463,export,INMAA,DEHAM,4,12103.836,CUST-013,booked,INR,false
tnt_acme,SHP-001464,import,USNYC,DEHAM,2,12123.459,CUST-005,in_transit,INR,false
tnt_demo,SHP-001465,export,INNSA,SGSIN,4,22447.818,CUST-036,arrived,USD,false
tnt_demo,SHP-001466,export,INMAA,NLRTM,3,1151.198,CUST-019,in_transit,USD,false
tnt_demo,SHP-001467,export,INNSA,NLRTM,3,10628.131,CUST-019,in_transit,USD,false
tnt_demo,SHP-001468,export,INMAA,AEJEA,5,22915.393,CUST-003,booked,USD,false
tnt_acme,SHP-001469,export,INMAA,INNSA,3,18177.012,CUST-022,in_transit,USD,false
tnt_demo,SHP-001470,export,INMUN,SGSIN,4,,CUST-050,in_transit,INR,false
tnt_demo,SHP-001471,import,SGSIN,INMUN,3,16101.351,CUST-026,arrived,EUR,false
tnt_demo,SHP-001472,export,INNSA,DEHAM,4,15802.072,CUST-034,booked,EUR,false
tnt_acme,SHP-001473,export,INNSA,NLRTM,3,18849.564,CUST-018,booked,USD,true
tnt_demo,SHP-001474,export,INNSA,INMAA,3,7272.142,CUST-010,in_transit,INR,false
tnt_demo,SHP-001475,import,SGSIN,INNSA,3,2954.025,CUST-045,arrived,USD,false
tnt_demo,SHP-001476,import,CNSHA,INNSA,5,613.486,CUST-009,booked,INR,false
tnt_demo,SHP-001477,export,INNSA,USNYC,2,15403.332,CUST-029,arrived,INR,false
tnt_demo,SHP-001478,import,SGSIN,AEJEA,5,11237.782,CUST-042,arrived,INR,false
tnt_demo,SHP-001479,import,CNSHA,SGSIN,6,1777.461,CUST-020,arrived,INR,false
tnt_acme,SHP-001480,import,CNSHA,INNSA,5,16302.814,CUST-029,arrived,INR,false
tnt_demo,SHP-001481,import,CNSHA,USNYC,5,7015.373,CUST-046,booked,USD,false
tnt_demo,SHP-001482,export,INNSA,DEHAM,4,22488.205,CUST-002,delivered,EUR,false
tnt_demo,SHP-001483,export,INNSA,CNSHA,3,858.876,CUST-050,booked,USD,false
tnt_demo,SHP-001484,export,INMAA,USNYC,2,17788.782,CUST-036,in_transit,INR,false
tnt_demo,SHP-001485,import,SGSIN,NLRTM,5,3309.795,CUST-017,in_transit,INR,false
tnt_acme,SHP-001486,import,CNSHA,INMAA,3,10742.589,CUST-040,arrived,INR,false
tnt_demo,SHP-001487,import,CNSHA,AEJEA,4,10474.424,CUST-002,booked,INR,false
tnt_demo,SHP-001488,import,SGSIN,DEHAM,6,11195.816,CUST-003,booked,INR,false
tnt_demo,SHP-001489,export,INNSA,SGSIN,4,1058.889,CUST-042,arrived,INR,true
tnt_demo,SHP-001490,export,INNSA,CNSHA,1,5465.860,CUST-020,in_transit,USD,false
tnt_demo,SHP-001491,export,INNSA,USNYC,2,5090.153,CUST-038,arrived,USD,false
tnt_demo,SHP-001492,export,INMAA,DEHAM,4,1035.397,CUST-011,delivered,INR,false
tnt_demo,SHP-001493,import,CNSHA,NLRTM,4,,CUST-040,booked,INR,false
tnt_demo,SHP-001494,import,DEHAM,INMUN,1,24612.539,CUST-018,in_transit,INR,false
tnt_demo,SHP-001495,export,INNSA,INMUN,3,13736.252,CUST-025,booked,INR,false
tnt_demo,SHP-001496,export,INMUN,AEJEA,4,,CUST-017,booked,AED,false
tnt_demo,SHP-001497,export,INNSA,SGSIN,5,12995.509,CUST-025,in_transit,EUR,false
tnt_acme,SHP-001498,import,SGSIN,INMUN,3,11395.476,CUST-005,in_transit,USD,false
tnt_acme,SHP-001499,import,SGSIN,INNSA,2,14944.853,CUST-048,booked,INR,false
tnt_demo,SHP-001500,export,INNSA,NLRTM,5,13380.926,CUST-010,in_transit,INR,false
tnt_demo,SHP-001501,export,INNSA,DEHAM,1,2541.397,CUST-005,arrived,USD,false
tnt_acme,SHP-001502,import,CNSHA,INNSA,2,4704.448,CUST-034,in_transit,INR,false
tnt_demo,SHP-001503,export,INNSA,INMAA,1,23830.443,CUST-004,in_transit,EUR,false
tnt_acme,SHP-001504,import,SGSIN,INMUN,6,19616.378,CUST-024,in_transit,EUR,false
tnt_demo,SHP-001505,import,SGSIN,INNSA,6,12963.139,CUST-026,in_transit,USD,false
tnt_demo,SHP-001506,import,CNSHA,INNSA,3,20783.967,CUST-015,in_transit,INR,false
tnt_demo,SHP-001507,export,INNSA,AEJEA,1,20467.807,CUST-036,delivered,INR,false
tnt_demo,SHP-001508,import,NLRTM,SGSIN,1,539.431,CUST-017,booked,INR,false
tnt_demo,SHP-001509,import,SGSIN,DEHAM,2,11762.975,CUST-042,in_transit,INR,false
tnt_demo,SHP-001510,export,INNSA,CNSHA,6,19258.809,CUST-027,booked,USD,false
tnt_demo,SHP-001511,import,SGSIN,NLRTM,6,2457.474,CUST-029,booked,USD,false
tnt_demo,SHP-001512,export,INMAA,AEJEA,1,8399.563,CUST-042,in_transit,USD,false
tnt_demo,SHP-001513,import,CNSHA,USNYC,6,5359.046,CUST-028,arrived,INR,true
tnt_demo,SHP-001514,export,INMAA,CNSHA,1,2155.636,CUST-041,arrived,EUR,false
tnt_demo,SHP-001515,export,INMUN,DEHAM,2,9887.034,CUST-011,arrived,USD,false
tnt_demo,SHP-001516,export,INNSA,AEJEA,5,19849.219,CUST-019,in_transit,USD,false
tnt_demo,SHP-001517,export,INNSA,USNYC,5,13214.461,CUST-001,in_transit,USD,false
tnt_demo,SHP-001518,export,INNSA,AEJEA,5,4334.426,CUST-027,booked,EUR,false
tnt_demo,SHP-001519,import,AEJEA,NLRTM,5,24553.812,CUST-014,arrived,INR,false
tnt_demo,SHP-001520,export,INNSA,USNYC,1,,CUST-011,arrived,INR,false
tnt_demo,SHP-001521,export,INNSA,DEHAM,4,21264.101,CUST-025,booked,INR,false
tnt_demo,SHP-001522,export,INNSA,INMUN,4,14789.202,CUST-012,in_transit,EUR,false
tnt_demo,SHP-001523,import,SGSIN,CNSHA,2,20805.352,CUST-045,in_transit,USD,false
tnt_demo,SHP-001524,import,SGSIN,DEHAM,3,15211.359,CUST-043,in_transit,USD,false
tnt_demo,SHP-001525,export,INMAA,USNYC,4,14745.896,CUST-021,arrived,INR,false
tnt_demo,SHP-001526,import,CNSHA,AEJEA,5,,CUST-020,in_transit,INR,false
tnt_demo,SHP-001527,export,INNSA,INMAA,2,3753.704,CUST-043,in_transit,INR,false
tnt_acme,SHP-001528,import,SGSIN,USNYC,1,18367.680,CUST-023,in_transit,INR,false
tnt_acme,SHP-001529,export,INNSA,NLRTM,1,17592.222,CUST-037,in_transit,INR,false
tnt_acme,SHP-001530,export,INNSA,CNSHA,2,19837.226,CUST-039,arrived,EUR,false
tnt_acme,SHP-001531,import,CNSHA,INMAA,5,19994.366,CUST-028,in_transit,INR,false
tnt_demo,SHP-001532,export,INNSA,INMAA,3,1856.143,CUST-015,booked,USD,false
tnt_demo,SHP-001533,import,CNSHA,NLRTM,4,541.904,CUST-022,arrived,INR,false
tnt_acme,SHP-001534,export,INMAA,NLRTM,6,9717.727,CUST-025,arrived,INR,false
tnt_demo,SHP-001535,export,INNSA,NLRTM,6,20260.525,CUST-011,in_transit,USD,false
tnt_demo,SHP-001536,import,CNSHA,USNYC,6,15249.971,CUST-025,in_transit,EUR,false
tnt_demo,SHP-001537,export,INNSA,SGSIN,5,13411.529,CUST-033,arrived,AED,false
tnt_demo,SHP-001538,export,INMUN,CNSHA,2,20278.118,CUST-028,in_transit,INR,false
tnt_demo,SHP-001539,export,INNSA,AEJEA,3,8014.870,CUST-043,booked,USD,false
tnt_demo,SHP-001540,export,INNSA,DEHAM,4,5660.766,CUST-011,in_transit,EUR,false
tnt_demo,SHP-001541,import,CNSHA,INNSA,1,23589.583,CUST-040,in_transit,EUR,false
tnt_acme,SHP-001542,export,INMAA,USNYC,4,9151.502,CUST-007,delivered,USD,false
tnt_demo,SHP-001543,import,SGSIN,INMAA,3,3630.331,CUST-028,arrived,INR,false
tnt_demo,SHP-001544,import,AEJEA,CNSHA,3,1236.913,CUST-046,booked,USD,false
tnt_demo,SHP-001545,export,INNSA,DEHAM,2,7223.553,CUST-041,booked,USD,false
tnt_demo,SHP-001546,export,INNSA,INMUN,5,6577.087,CUST-035,in_transit,INR,false
tnt_demo,SHP-001547,import,CNSHA,INMUN,6,16709.307,CUST-005,booked,INR,false
tnt_demo,SHP-001548,import,CNSHA,SGSIN,5,14827.019,CUST-011,in_transit,EUR,false
tnt_demo,SHP-001549,import,CNSHA,USNYC,2,12269.065,CUST-023,in_transit,INR,false
tnt_demo,SHP-001550,import,SGSIN,CNSHA,4,14841.389,CUST-009,arrived,INR,false
tnt_demo,SHP-001551,export,INNSA,CNSHA,2,11821.358,CUST-034,booked,USD,false
tnt_demo,SHP-001552,export,INMAA,AEJEA,1,4234.644,CUST-010,booked,USD,false
tnt_demo,SHP-001553,import,SGSIN,INMAA,2,14826.935,CUST-039,arrived,USD,false
tnt_demo,SHP-001554,import,SGSIN,INMAA,1,7002.368,CUST-005,in_transit,EUR,false
tnt_demo,SHP-001555,import,CNSHA,INNSA,4,21289.121,CUST-019,in_transit,AED,false
tnt_demo,SHP-001556,export,INNSA,USNYC,4,10008.184,CUST-016,booked,USD,false
tnt_demo,SHP-001557,export,INNSA,USNYC,6,2572.801,CUST-041,booked,USD,false
tnt_demo,SHP-001558,export,INMAA,CNSHA,5,15926.560,CUST-016,delivered,INR,true
tnt_demo,SHP-001559,export,INNSA,INMUN,3,23539.943,CUST-048,in_transit,EUR,true
tnt_demo,SHP-001560,export,INNSA,SGSIN,3,,CUST-005,in_transit,USD,true
tnt_demo,SHP-001561,export,INMUN,DEHAM,6,17980.167,CUST-024,in_transit,INR,false
tnt_demo,SHP-001562,export,INNSA,CNSHA,4,2980.529,CUST-014,arrived,USD,false
tnt_acme,SHP-001563,import,CNSHA,INMUN,6,19651.052,CUST-046,delivered,USD,false
tnt_demo,SHP-001564,export,INNSA,DEHAM,6,15930.567,CUST-007,arrived,USD,false
tnt_demo,SHP-001565,export,INMUN,DEHAM,4,21473.463,CUST-016,arrived,INR,false
tnt_demo,SHP-001566,import,AEJEA,USNYC,3,13987.714,CUST-025,in_transit,INR,false
tnt_demo,SHP-001567,import,USNYC,SGSIN,1,2741.360,CUST-028,delivered,EUR,false
tnt_demo,SHP-001568,import,AEJEA,USNYC,5,5010.547,CUST-021,in_transit,USD,true
tnt_demo,SHP-001569,export,INNSA,DEHAM,1,12721.236,CUST-046,delivered,INR,false
tnt_demo,SHP-001570,export,INNSA,AEJEA,5,15023.302,CUST-018,booked,USD,false
tnt_demo,SHP-001571,import,SGSIN,INMAA,4,22305.487,CUST-030,in_transit,EUR,false
tnt_demo,SHP-001572,export,INMUN,INNSA,1,3289.805,CUST-037,in_transit,USD,false
tnt_demo,SHP-001573,export,INMAA,DEHAM,2,3201.000,CUST-039,arrived,USD,false
tnt_demo,SHP-001574,export,INNSA,INMAA,6,2184.802,CUST-021,booked,INR,false
tnt_demo,SHP-001575,export,INNSA,NLRTM,5,9562.095,CUST-004,delivered,INR,false
tnt_demo,SHP-001576,import,CNSHA,NLRTM,5,19354.303,CUST-040,in_transit,INR,false
tnt_demo,SHP-001577,export,INMUN,CNSHA,1,,CUST-033,in_transit,USD,false
tnt_demo,SHP-001578,import,CNSHA,NLRTM,4,15557.760,CUST-033,delivered,INR,false
tnt_demo,SHP-001579,export,INNSA,NLRTM,6,18967.225,CUST-033,in_transit,AED,false
tnt_demo,SHP-001580,export,INMAA,SGSIN,2,4519.671,CUST-008,in_transit,USD,false
tnt_demo,SHP-001581,import,SGSIN,CNSHA,2,2602.875,CUST-005,booked,USD,false
tnt_demo,SHP-001582,import,CNSHA,INMAA,5,15227.978,CUST-016,in_transit,USD,false
tnt_demo,SHP-001583,export,INMAA,INMUN,6,15646.305,CUST-037,in_transit,INR,false
tnt_demo,SHP-001584,export,INNSA,INMUN,3,23409.050,CUST-014,booked,AED,false
tnt_demo,SHP-001585,import,SGSIN,AEJEA,1,12858.256,CUST-048,arrived,USD,false
tnt_demo,SHP-001586,export,INNSA,AEJEA,1,8898.087,CUST-029,in_transit,EUR,false
tnt_demo,SHP-001587,import,SGSIN,INMAA,5,920.245,CUST-043,in_transit,USD,false
tnt_demo,SHP-001588,export,INMAA,AEJEA,5,20262.344,CUST-018,booked,USD,false
tnt_demo,SHP-001589,export,INMAA,USNYC,2,20628.727,CUST-034,arrived,INR,false
tnt_demo,SHP-001590,export,INNSA,SGSIN,4,20517.581,CUST-011,in_transit,INR,false
tnt_acme,SHP-001591,import,AEJEA,CNSHA,3,11198.881,CUST-045,arrived,INR,false
tnt_demo,SHP-001592,import,SGSIN,CNSHA,3,22753.460,CUST-019,delivered,USD,false
tnt_demo,SHP-001593,export,INMAA,INMUN,3,,CUST-008,in_transit,USD,false
tnt_acme,SHP-001594,export,INNSA,DEHAM,3,6731.107,CUST-044,booked,EUR,false
tnt_demo,SHP-001595,import,CNSHA,INMAA,1,1668.597,CUST-002,in_transit,INR,false
tnt_demo,SHP-001596,import,SGSIN,INMUN,1,21893.157,CUST-026,arrived,INR,false
tnt_demo,SHP-001597,export,INMUN,CNSHA,2,15566.902,CUST-004,in_transit,EUR,false
tnt_demo,SHP-001598,import,CNSHA,DEHAM,6,17955.035,CUST-029,in_transit,USD,false
tnt_acme,SHP-001599,export,INNSA,NLRTM,2,,CUST-020,arrived,USD,false
tnt_demo,SHP-001600,export,INNSA,SGSIN,3,24415.006,CUST-048,arrived,AED,false
tnt_demo,SHP-001601,export,INNSA,NLRTM,2,,CUST-010,in_transit,AED,false
tnt_demo,SHP-001602,export,INNSA,SGSIN,4,20448.053,CUST-010,booked,USD,false
tnt_demo,SHP-001603,import,CNSHA,USNYC,1,14909.245,CUST-012,in_transit,INR,false
tnt_acme,SHP-001604,export,INNSA,INMAA,6,15231.194,CUST-027,in_transit,INR,false
tnt_demo,SHP-001605,export,INMAA,USNYC,4,22049.391,CUST-018,delivered,EUR,false
tnt_demo,SHP-001606,import,USNYC,NLRTM,4,18264.069,CUST-032,in_transit,INR,false
tnt_demo,SHP-001607,import,CNSHA,DEHAM,5,11193.089,CUST-004,in_transit,EUR,false
tnt_demo,SHP-001608,export,INMUN,NLRTM,3,17148.135,CUST-015,in_transit,USD,false
tnt_demo,SHP-001609,import,SGSIN,CNSHA,2,2680.243,CUST-044,booked,USD,false
tnt_demo,SHP-001610,import,USNYC,INNSA,6,20538.413,CUST-018,arrived,INR,false
tnt_acme,SHP-001611,export,INNSA,SGSIN,3,22329.781,CUST-045,in_transit,INR,false
tnt_demo,SHP-001612,export,INNSA,AEJEA,5,21077.906,CUST-016,booked,USD,false
tnt_demo,SHP-001613,import,SGSIN,INMUN,6,22886.436,CUST-040,in_transit,INR,false
tnt_demo,SHP-001614,import,CNSHA,AEJEA,4,9456.458,CUST-042,in_transit,INR,false
tnt_demo,SHP-001615,import,SGSIN,USNYC,3,1327.717,CUST-049,booked,INR,false
tnt_demo,SHP-001616,export,INNSA,INMAA,4,14841.803,CUST-031,booked,INR,false
tnt_demo,SHP-001617,import,CNSHA,DEHAM,6,15690.031,CUST-006,in_transit,INR,false
tnt_demo,SHP-001618,import,CNSHA,INMUN,4,7039.217,CUST-010,arrived,USD,false
tnt_demo,SHP-001619,export,INMAA,USNYC,6,11187.065,CUST-041,arrived,USD,false
tnt_demo,SHP-001620,import,DEHAM,CNSHA,3,8454.708,CUST-047,booked,INR,false
tnt_acme,SHP-001621,export,INNSA,AEJEA,5,531.945,CUST-036,delivered,INR,false
tnt_acme,SHP-001622,export,INNSA,USNYC,6,8449.178,CUST-017,arrived,AED,false
tnt_demo,SHP-001623,import,CNSHA,DEHAM,4,8894.045,CUST-026,delivered,USD,false
tnt_acme,SHP-001624,import,SGSIN,INNSA,4,11966.071,CUST-018,arrived,INR,false
tnt_acme,SHP-001625,export,INNSA,INMUN,6,17966.735,CUST-020,in_transit,INR,false
tnt_demo,SHP-001626,export,INNSA,USNYC,3,20385.798,CUST-002,in_transit,INR,false
tnt_demo,SHP-001627,import,SGSIN,INNSA,1,,CUST-047,booked,INR,false
tnt_demo,SHP-001628,export,INNSA,SGSIN,3,,CUST-022,in_transit,INR,false
tnt_demo,SHP-001629,export,INNSA,USNYC,4,15316.799,CUST-018,delivered,USD,false
tnt_acme,SHP-001630,export,INMAA,DEHAM,5,18292.362,CUST-001,delivered,USD,true
tnt_acme,SHP-001631,export,INNSA,INMUN,1,18957.600,CUST-011,booked,INR,false
tnt_demo,SHP-001632,import,CNSHA,NLRTM,1,23294.688,CUST-045,delivered,USD,false
tnt_acme,SHP-001633,import,USNYC,CNSHA,2,12724.416,CUST-049,arrived,EUR,false
tnt_demo,SHP-001634,import,DEHAM,INMUN,3,1002.854,CUST-003,booked,USD,false
tnt_demo,SHP-001635,import,CNSHA,NLRTM,2,20693.554,CUST-027,in_transit,USD,false
tnt_demo,SHP-001636,import,CNSHA,NLRTM,6,2859.679,CUST-014,in_transit,INR,false
tnt_demo,SHP-001637,import,AEJEA,NLRTM,2,5121.845,CUST-010,arrived,INR,false
tnt_demo,SHP-001638,import,CNSHA,SGSIN,4,14933.754,CUST-035,booked,EUR,false
tnt_demo,SHP-001639,export,INNSA,AEJEA,6,2019.386,CUST-044,booked,INR,false
tnt_demo,SHP-001640,import,CNSHA,NLRTM,6,9325.050,CUST-004,booked,USD,false
tnt_demo,SHP-001641,import,USNYC,INMUN,1,24580.861,CUST-012,in_transit,USD,true
tnt_demo,SHP-001642,import,SGSIN,INMUN,6,20165.935,CUST-037,booked,USD,false
tnt_demo,SHP-001643,import,CNSHA,SGSIN,5,4972.624,CUST-023,booked,USD,false
tnt_demo,SHP-001644,export,INNSA,USNYC,3,9600.408,CUST-032,in_transit,USD,false
tnt_demo,SHP-001645,export,INNSA,DEHAM,3,19442.553,CUST-034,booked,USD,false
tnt_demo,SHP-001646,export,INNSA,DEHAM,4,14510.044,CUST-043,arrived,EUR,false
tnt_demo,SHP-001647,import,CNSHA,INMUN,2,,CUST-028,in_transit,EUR,false
tnt_acme,SHP-001648,export,INMAA,AEJEA,6,5982.861,CUST-044,booked,EUR,false
tnt_demo,SHP-001649,export,INNSA,SGSIN,4,2478.763,CUST-044,in_transit,INR,false
tnt_demo,SHP-001650,export,INNSA,NLRTM,5,17114.787,CUST-049,in_transit,INR,false
tnt_demo,SHP-001651,import,CNSHA,DEHAM,3,23807.608,CUST-016,in_transit,INR,false
tnt_demo,SHP-001652,import,CNSHA,INNSA,6,13570.074,CUST-041,arrived,EUR,false
tnt_demo,SHP-001653,export,INMAA,INMUN,3,14679.168,CUST-040,booked,AED,true
tnt_demo,SHP-001654,export,INMAA,CNSHA,4,8062.432,CUST-004,arrived,INR,false
tnt_acme,SHP-001655,import,USNYC,DEHAM,3,10329.502,CUST-048,arrived,USD,false
tnt_demo,SHP-001656,import,DEHAM,USNYC,1,7362.953,CUST-007,booked,USD,false
tnt_demo,SHP-001657,import,CNSHA,DEHAM,2,12674.465,CUST-015,booked,USD,false
tnt_demo,SHP-001658,import,DEHAM,INMUN,4,1542.813,CUST-016,arrived,EUR,false
tnt_demo,SHP-001659,import,AEJEA,USNYC,1,13018.015,CUST-030,in_transit,USD,false
tnt_demo,SHP-001660,import,SGSIN,USNYC,5,10529.863,CUST-017,in_transit,INR,false
tnt_demo,SHP-001661,import,USNYC,DEHAM,6,21301.656,CUST-028,arrived,EUR,false
tnt_demo,SHP-001662,export,INMAA,INNSA,1,,CUST-043,in_transit,INR,false
tnt_demo,SHP-001663,import,CNSHA,INMAA,5,,CUST-010,in_transit,USD,false
tnt_demo,SHP-001664,import,SGSIN,CNSHA,6,19770.322,CUST-049,in_transit,USD,false
tnt_demo,SHP-001665,export,INNSA,INMUN,3,,CUST-008,in_transit,INR,false
tnt_demo,SHP-001666,export,INNSA,USNYC,1,17627.742,CUST-019,in_transit,AED,false
tnt_demo,SHP-001667,export,INNSA,CNSHA,1,5994.611,CUST-009,arrived,EUR,false
tnt_acme,SHP-001668,export,INNSA,SGSIN,6,8807.778,CUST-002,booked,INR,false
tnt_demo,SHP-001669,export,INNSA,USNYC,3,5859.862,CUST-001,booked,EUR,false
tnt_demo,SHP-001670,export,INNSA,USNYC,1,17152.535,CUST-050,delivered,EUR,false
tnt_demo,SHP-001671,import,SGSIN,INNSA,2,15790.336,CUST-014,booked,USD,false
tnt_demo,SHP-001672,import,CNSHA,USNYC,1,1585.397,CUST-028,in_transit,EUR,false
tnt_demo,SHP-001673,import,AEJEA,CNSHA,5,6835.842,CUST-002,arrived,INR,false
tnt_demo,SHP-001674,export,INMAA,INNSA,6,21386.140,CUST-017,in_transit,INR,false
tnt_demo,SHP-001675,import,AEJEA,INNSA,3,24730.336,CUST-006,in_transit,INR,false
tnt_acme,SHP-001676,export,INMAA,CNSHA,2,13873.394,CUST-027,booked,USD,false
tnt_demo,SHP-001677,import,CNSHA,INMAA,4,15577.613,CUST-021,in_transit,INR,false
tnt_demo,SHP-001678,import,DEHAM,USNYC,1,10709.371,CUST-016,in_transit,USD,false
tnt_demo,SHP-001679,export,INNSA,INMUN,1,23413.462,CUST-045,booked,USD,false
tnt_acme,SHP-001680,export,INMAA,NLRTM,4,14749.964,CUST-007,booked,EUR,false
tnt_demo,SHP-001681,import,CNSHA,NLRTM,2,15329.747,CUST-025,in_transit,INR,false
tnt_demo,SHP-001682,import,CNSHA,SGSIN,6,24001.166,CUST-029,booked,AED,false
tnt_demo,SHP-001683,export,INMAA,SGSIN,1,14946.825,CUST-007,in_transit,USD,false
tnt_demo,SHP-001684,import,USNYC,INNSA,5,16424.929,CUST-004,in_transit,INR,false
tnt_demo,SHP-001685,import,AEJEA,INNSA,6,1627.128,CUST-012,in_transit,USD,false
tnt_acme,SHP-001686,export,INNSA,USNYC,2,9188.476,CUST-021,booked,USD,false
tnt_demo,SHP-001687,import,USNYC,DEHAM,3,13533.516,CUST-006,in_transit,INR,false
tnt_demo,SHP-001688,import,CNSHA,USNYC,4,24110.468,CUST-025,delivered,USD,false
tnt_demo,SHP-001689,import,CNSHA,USNYC,1,11866.135,CUST-006,booked,USD,false
tnt_acme,SHP-001690,import,CNSHA,DEHAM,6,7188.470,CUST-043,in_transit,USD,false
tnt_demo,SHP-001691,import,CNSHA,USNYC,2,4063.958,CUST-046,in_transit,USD,false
tnt_demo,SHP-001692,import,CNSHA,INNSA,2,23094.467,CUST-043,delivered,USD,false
tnt_acme,SHP-001693,import,CNSHA,INMUN,2,17665.174,CUST-017,arrived,USD,false
tnt_demo,SHP-001694,import,CNSHA,INMAA,1,14143.257,CUST-013,in_transit,USD,false
tnt_demo,SHP-001695,export,INMAA,SGSIN,3,24609.844,CUST-034,arrived,INR,false
tnt_demo,SHP-001696,export,INNSA,DEHAM,6,13793.097,CUST-011,in_transit,INR,true
tnt_demo,SHP-001697,import,NLRTM,INMUN,4,2343.248,CUST-032,booked,AED,false
tnt_demo,SHP-001698,import,SGSIN,DEHAM,6,552.861,CUST-030,in_transit,INR,false
tnt_demo,SHP-001699,import,CNSHA,USNYC,3,17855.507,CUST-025,arrived,EUR,false
tnt_acme,SHP-001700,import,SGSIN,AEJEA,5,1632.386,CUST-039,in_transit,INR,false
tnt_demo,SHP-001701,import,SGSIN,USNYC,6,14440.589,CUST-010,in_transit,USD,false
tnt_demo,SHP-001702,import,CNSHA,DEHAM,6,15882.016,CUST-034,booked,USD,false
tnt_demo,SHP-001703,export,INMAA,AEJEA,3,12680.122,CUST-042,in_transit,USD,false
tnt_demo,SHP-001704,export,INNSA,NLRTM,3,1934.199,CUST-008,in_transit,INR,false
tnt_demo,SHP-001705,import,CNSHA,SGSIN,5,6847.772,CUST-004,arrived,AED,false
tnt_demo,SHP-001706,export,INNSA,SGSIN,3,15449.742,CUST-001,in_transit,USD,false
tnt_demo,SHP-001707,export,INNSA,INMUN,4,6774.115,CUST-027,in_transit,AED,false
tnt_demo,SHP-001708,import,CNSHA,SGSIN,3,3622.105,CUST-039,arrived,AED,false
tnt_demo,SHP-001709,import,SGSIN,DEHAM,1,24155.867,CUST-040,in_transit,INR,false
tnt_demo,SHP-001710,import,SGSIN,INMAA,6,3131.660,CUST-037,booked,EUR,false
tnt_demo,SHP-001711,import,SGSIN,DEHAM,4,643.671,CUST-050,booked,INR,false
tnt_demo,SHP-001712,export,INNSA,AEJEA,3,6161.067,CUST-012,booked,USD,false
tnt_demo,SHP-001713,export,INMAA,SGSIN,4,18323.511,CUST-021,arrived,INR,true
tnt_demo,SHP-001714,import,CNSHA,INNSA,6,12098.190,CUST-033,in_transit,INR,false
tnt_demo,SHP-001715,import,CNSHA,USNYC,2,23539.789,CUST-001,in_transit,USD,false
tnt_demo,SHP-001716,export,INNSA,INMUN,6,2332.743,CUST-001,in_transit,USD,false
tnt_demo,SHP-001717,export,INNSA,INMUN,6,17992.396,CUST-037,in_transit,EUR,false
tnt_demo,SHP-001718,export,INNSA,AEJEA,4,8162.917,CUST-012,in_transit,USD,false
tnt_demo,SHP-001719,import,USNYC,NLRTM,5,4902.452,CUST-010,arrived,INR,false
tnt_demo,SHP-001720,export,INNSA,INMAA,3,,CUST-035,booked,EUR,false
tnt_demo,SHP-001721,import,CNSHA,INMAA,6,3691.940,CUST-031,arrived,INR,false
tnt_demo,SHP-001722,export,INNSA,AEJEA,3,11260.094,CUST-019,booked,AED,false
tnt_demo,SHP-001723,export,INNSA,NLRTM,3,944.812,CUST-028,arrived,INR,false
tnt_demo,SHP-001724,import,USNYC,INNSA,5,2347.702,CUST-028,in_transit,INR,false
tnt_demo,SHP-001725,import,SGSIN,USNYC,4,15598.645,CUST-021,in_transit,USD,false
tnt_demo,SHP-001726,import,CNSHA,USNYC,5,18632.543,CUST-021,booked,USD,false
tnt_demo,SHP-001727,export,INNSA,INMAA,1,24025.973,CUST-034,in_transit,USD,false
tnt_demo,SHP-001728,import,CNSHA,SGSIN,4,10956.734,CUST-023,delivered,USD,false
tnt_acme,SHP-001729,export,INMAA,SGSIN,1,21845.740,CUST-035,booked,INR,true
tnt_demo,SHP-001730,export,INNSA,NLRTM,6,2058.828,CUST-002,booked,EUR,false
tnt_acme,SHP-001731,export,INNSA,CNSHA,6,18514.154,CUST-008,in_transit,USD,false
tnt_demo,SHP-001732,export,INNSA,INMAA,6,24760.559,CUST-008,arrived,USD,false
tnt_demo,SHP-001733,import,SGSIN,DEHAM,6,2699.274,CUST-050,in_transit,EUR,false
tnt_demo,SHP-001734,export,INNSA,CNSHA,2,14945.752,CUST-002,in_transit,USD,false
tnt_demo,SHP-001735,import,AEJEA,CNSHA,4,18584.859,CUST-005,delivered,EUR,false
tnt_demo,SHP-001736,export,INMUN,CNSHA,6,16889.319,CUST-007,in_transit,USD,false
tnt_demo,SHP-001737,export,INMAA,DEHAM,3,3093.952,CUST-014,booked,AED,false
tnt_demo,SHP-001738,import,SGSIN,CNSHA,2,23979.922,CUST-020,booked,USD,false
tnt_acme,SHP-001739,import,SGSIN,AEJEA,5,18879.948,CUST-044,arrived,USD,false
tnt_demo,SHP-001740,import,DEHAM,SGSIN,3,22828.031,CUST-002,booked,USD,false
tnt_demo,SHP-001741,import,NLRTM,SGSIN,3,22360.171,CUST-042,in_transit,INR,false
tnt_demo,SHP-001742,export,INNSA,DEHAM,4,20740.812,CUST-017,booked,EUR,false
tnt_demo,SHP-001743,export,INNSA,AEJEA,1,15847.080,CUST-033,in_transit,USD,false
tnt_demo,SHP-001744,import,CNSHA,INMAA,4,,CUST-020,delivered,INR,false
tnt_demo,SHP-001745,import,CNSHA,DEHAM,6,18005.975,CUST-040,in_transit,USD,false
tnt_demo,SHP-001746,import,NLRTM,USNYC,3,19616.076,CUST-050,in_transit,EUR,false
tnt_demo,SHP-001747,export,INNSA,USNYC,6,23232.508,CUST-037,booked,USD,true
tnt_demo,SHP-001748,export,INMAA,USNYC,4,17957.965,CUST-033,arrived,USD,false
tnt_acme,SHP-001749,import,CNSHA,NLRTM,2,20538.723,CUST-020,in_transit,EUR,false
tnt_demo,SHP-001750,import,CNSHA,INMAA,6,9851.378,CUST-048,delivered,INR,true
tnt_demo,SHP-001751,export,INNSA,USNYC,2,4137.324,CUST-015,booked,EUR,false
tnt_demo,SHP-001752,export,INNSA,AEJEA,3,6380.965,CUST-028,delivered,INR,false
tnt_demo,SHP-001753,export,INNSA,AEJEA,2,3153.979,CUST-037,arrived,INR,false
tnt_demo,SHP-001754,export,INMUN,INNSA,4,,CUST-015,arrived,EUR,false
tnt_demo,SHP-001755,export,INNSA,INMAA,4,23659.788,CUST-004,delivered,USD,false
tnt_acme,SHP-001756,export,INNSA,INMAA,2,3418.775,CUST-041,booked,EUR,false
tnt_demo,SHP-001757,import,CNSHA,INNSA,6,2307.744,CUST-024,in_transit,USD,false
tnt_demo,SHP-001758,export,INMAA,INNSA,6,3853.075,CUST-004,delivered,USD,false
tnt_demo,SHP-001759,export,INMAA,CNSHA,1,21999.557,CUST-048,booked,EUR,false
tnt_acme,SHP-001760,export,INMUN,AEJEA,6,7283.916,CUST-016,booked,USD,false
tnt_demo,SHP-001761,import,CNSHA,INMUN,5,10682.471,CUST-045,delivered,USD,true
tnt_demo,SHP-001762,import,CNSHA,INMAA,6,3790.398,CUST-013,delivered,INR,false
tnt_demo,SHP-001763,import,SGSIN,USNYC,3,24617.451,CUST-008,arrived,INR,false
tnt_demo,SHP-001764,export,INMAA,CNSHA,2,,CUST-045,in_transit,EUR,false
tnt_demo,SHP-001765,import,SGSIN,NLRTM,1,6052.260,CUST-040,booked,USD,false
tnt_acme,SHP-001766,import,CNSHA,INNSA,4,8721.434,CUST-042,in_transit,USD,false
tnt_demo,SHP-001767,export,INMUN,CNSHA,6,2248.383,CUST-045,in_transit,USD,false
tnt_demo,SHP-001768,export,INNSA,DEHAM,4,13332.473,CUST-005,arrived,USD,false
tnt_demo,SHP-001769,export,INNSA,INMAA,5,9788.395,CUST-028,booked,INR,false
tnt_demo,SHP-001770,export,INMAA,NLRTM,1,14875.770,CUST-030,in_transit,INR,true
tnt_demo,SHP-001771,export,INMAA,USNYC,3,23288.474,CUST-016,booked,USD,false
tnt_demo,SHP-001772,import,CNSHA,INMUN,3,8234.683,CUST-021,arrived,INR,false
tnt_demo,SHP-001773,export,INNSA,SGSIN,5,18908.086,CUST-048,in_transit,USD,false
tnt_demo,SHP-001774,import,CNSHA,INMUN,6,,CUST-049,delivered,USD,false
tnt_acme,SHP-001775,import,CNSHA,INMUN,4,8129.673,CUST-045,booked,EUR,false
tnt_demo,SHP-001776,import,USNYC,SGSIN,6,24390.026,CUST-017,delivered,USD,false
tnt_demo,SHP-001777,export,INMAA,AEJEA,6,5522.836,CUST-010,booked,INR,false
tnt_demo,SHP-001778,import,CNSHA,INMAA,4,2091.832,CUST-038,booked,EUR,false
tnt_demo,SHP-001779,import,SGSIN,NLRTM,1,23299.803,CUST-036,in_transit,USD,false
tnt_demo,SHP-001780,import,USNYC,INMAA,1,22971.501,CUST-038,in_transit,USD,false
tnt_demo,SHP-001781,export,INNSA,SGSIN,1,4415.156,CUST-022,in_transit,USD,false
tnt_demo,SHP-001782,import,CNSHA,USNYC,2,2353.012,CUST-038,arrived,USD,false
tnt_acme,SHP-001783,import,AEJEA,CNSHA,5,14220.066,CUST-009,arrived,USD,false
tnt_demo,SHP-001784,import,CNSHA,SGSIN,2,5041.788,CUST-044,in_transit,INR,false
tnt_demo,SHP-001785,import,DEHAM,SGSIN,1,12072.160,CUST-044,in_transit,USD,false
tnt_demo,SHP-001786,export,INMAA,USNYC,4,18235.435,CUST-040,booked,EUR,false
tnt_acme,SHP-001787,export,INNSA,AEJEA,2,13455.028,CUST-005,booked,EUR,false
tnt_demo,SHP-001788,export,INNSA,USNYC,3,11163.528,CUST-038,in_transit,INR,false
tnt_acme,SHP-001789,export,INMAA,INNSA,1,5413.012,CUST-014,in_transit,USD,false
tnt_demo,SHP-001790,import,CNSHA,NLRTM,6,14583.331,CUST-003,arrived,USD,false
tnt_demo,SHP-001791,export,INNSA,INMUN,6,9850.094,CUST-001,arrived,INR,false
tnt_demo,SHP-001792,import,CNSHA,SGSIN,5,14842.420,CUST-005,booked,INR,false
tnt_demo,SHP-001793,import,CNSHA,INMUN,3,21986.229,CUST-008,booked,USD,false
tnt_demo,SHP-001794,export,INNSA,SGSIN,5,16682.301,CUST-048,in_transit,AED,false
tnt_demo,SHP-001795,export,INMAA,AEJEA,5,22416.797,CUST-010,in_transit,EUR,false
tnt_demo,SHP-001796,import,AEJEA,SGSIN,1,18476.356,CUST-013,arrived,INR,false
tnt_demo,SHP-001797,import,CNSHA,INMUN,1,12509.054,CUST-015,booked,INR,false
tnt_demo,SHP-001798,import,SGSIN,CNSHA,5,22539.241,CUST-049,in_transit,INR,true
tnt_demo,SHP-001799,import,SGSIN,INNSA,2,2003.384,CUST-020,booked,INR,false
tnt_demo,SHP-001800,import,CNSHA,DEHAM,3,9260.706,CUST-039,delivered,EUR,false
tnt_demo,SHP-001801,export,INNSA,INMUN,5,13866.130,CUST-018,in_transit,USD,false
tnt_demo,SHP-001802,import,CNSHA,INNSA,6,5916.260,CUST-013,in_transit,INR,false
tnt_demo,SHP-001803,import,CNSHA,DEHAM,5,22244.173,CUST-019,booked,INR,false
tnt_demo,SHP-001804,export,INMUN,AEJEA,6,24261.655,CUST-049,booked,USD,false
tnt_demo,SHP-001805,export,INMUN,INNSA,1,7669.329,CUST-033,arrived,USD,false
tnt_demo,SHP-001806,import,NLRTM,AEJEA,3,15195.879,CUST-003,booked,INR,false
tnt_demo,SHP-001807,import,DEHAM,NLRTM,2,24053.595,CUST-043,in_transit,INR,false
tnt_demo,SHP-001808,export,INNSA,CNSHA,1,7061.094,CUST-041,in_transit,INR,false
tnt_demo,SHP-001809,export,INMUN,SGSIN,5,19055.802,CUST-030,booked,USD,false
tnt_acme,SHP-001810,export,INNSA,INMUN,1,13012.074,CUST-037,booked,AED,false
tnt_acme,SHP-001811,import,DEHAM,USNYC,3,10054.871,CUST-023,in_transit,USD,false
tnt_demo,SHP-001812,export,INMAA,INNSA,6,22187.640,CUST-017,booked,USD,false
tnt_demo,SHP-001813,export,INNSA,DEHAM,4,19907.457,CUST-030,in_transit,USD,false
tnt_demo,SHP-001814,export,INMAA,INNSA,1,14429.364,CUST-023,arrived,EUR,false
tnt_demo,SHP-001815,export,INNSA,SGSIN,6,17173.094,CUST-005,in_transit,EUR,false
tnt_acme,SHP-001816,export,INMAA,DEHAM,1,5136.287,CUST-047,booked,INR,false
tnt_demo,SHP-001817,export,INNSA,NLRTM,2,15532.057,CUST-050,booked,AED,false
tnt_demo,SHP-001818,export,INNSA,SGSIN,4,16482.720,CUST-018,booked,EUR,false
tnt_acme,SHP-001819,export,INMAA,DEHAM,1,24163.168,CUST-009,arrived,INR,false
tnt_acme,SHP-001820,import,CNSHA,INMAA,4,3845.060,CUST-003,arrived,USD,false
tnt_demo,SHP-001821,export,INNSA,NLRTM,6,1070.997,CUST-024,booked,USD,false
tnt_acme,SHP-001822,import,CNSHA,SGSIN,5,16673.486,CUST-021,booked,INR,false
tnt_demo,SHP-001823,import,SGSIN,INMAA,4,5555.840,CUST-036,in_transit,INR,false
tnt_demo,SHP-001824,import,SGSIN,INNSA,3,8782.245,CUST-046,in_transit,EUR,false
tnt_demo,SHP-001825,import,AEJEA,INNSA,4,3528.739,CUST-032,booked,USD,false
tnt_demo,SHP-001826,import,CNSHA,AEJEA,5,8756.633,CUST-039,booked,USD,false
tnt_demo,SHP-001827,export,INNSA,INMUN,3,825.433,CUST-016,delivered,USD,false
tnt_demo,SHP-001828,export,INMAA,USNYC,1,,CUST-042,booked,USD,false
tnt_demo,SHP-001829,import,SGSIN,INMUN,5,,CUST-012,delivered,USD,false
tnt_acme,SHP-001830,import,NLRTM,SGSIN,2,15145.843,CUST-048,arrived,EUR,false
tnt_demo,SHP-001831,export,INMAA,NLRTM,2,10667.014,CUST-048,delivered,USD,false
tnt_demo,SHP-001832,export,INNSA,AEJEA,1,2609.250,CUST-041,booked,USD,false
tnt_acme,SHP-001833,import,SGSIN,INMAA,1,709.597,CUST-047,in_transit,USD,false
tnt_demo,SHP-001834,import,SGSIN,NLRTM,3,6513.452,CUST-036,booked,INR,false
tnt_demo,SHP-001835,import,CNSHA,INMAA,2,16194.491,CUST-024,booked,INR,false
tnt_demo,SHP-001836,export,INNSA,NLRTM,3,1016.341,CUST-011,in_transit,EUR,false
tnt_demo,SHP-001837,export,INMAA,CNSHA,6,16099.092,CUST-027,delivered,INR,false
tnt_demo,SHP-001838,import,SGSIN,INMAA,3,15281.705,CUST-020,in_transit,INR,false
tnt_demo,SHP-001839,export,INNSA,SGSIN,6,,CUST-030,booked,USD,false
tnt_demo,SHP-001840,export,INMAA,NLRTM,3,5298.180,CUST-040,booked,USD,false
tnt_demo,SHP-001841,import,SGSIN,INNSA,5,16401.444,CUST-006,booked,INR,false
tnt_demo,SHP-001842,import,CNSHA,INMAA,3,20520.485,CUST-003,in_transit,USD,false
tnt_acme,SHP-001843,import,AEJEA,INNSA,3,13940.412,CUST-040,in_transit,INR,false
tnt_demo,SHP-001844,import,CNSHA,INMAA,1,14052.420,CUST-036,booked,INR,false
tnt_demo,SHP-001845,export,INMAA,DEHAM,5,16842.141,CUST-031,arrived,AED,false
tnt_demo,SHP-001846,export,INMUN,SGSIN,4,7692.969,CUST-024,delivered,EUR,false
tnt_demo,SHP-001847,export,INNSA,DEHAM,5,22802.297,CUST-039,booked,USD,false
tnt_demo,SHP-001848,import,SGSIN,DEHAM,4,1994.060,CUST-002,arrived,INR,false
tnt_demo,SHP-001849,export,INNSA,DEHAM,2,8245.815,CUST-010,booked,USD,false
tnt_demo,SHP-001850,export,INNSA,INMUN,4,9768.175,CUST-034,arrived,INR,false
tnt_demo,SHP-001851,import,DEHAM,USNYC,1,2229.107,CUST-011,in_transit,INR,false
tnt_demo,SHP-001852,export,INNSA,NLRTM,3,7423.863,CUST-011,in_transit,USD,false
tnt_demo,SHP-001853,export,INMAA,AEJEA,2,7108.967,CUST-021,in_transit,INR,true
tnt_acme,SHP-001854,export,INMAA,NLRTM,4,16384.842,CUST-009,booked,EUR,false
tnt_demo,SHP-001855,import,USNYC,INMAA,3,20051.739,CUST-032,arrived,USD,false
tnt_demo,SHP-001856,export,INNSA,SGSIN,3,5665.595,CUST-027,arrived,USD,false
tnt_demo,SHP-001857,import,SGSIN,NLRTM,6,12378.333,CUST-024,in_transit,AED,false
tnt_demo,SHP-001858,export,INNSA,DEHAM,4,15620.641,CUST-038,booked,INR,false
tnt_demo,SHP-001859,import,SGSIN,INMAA,1,,CUST-003,in_transit,USD,false
tnt_demo,SHP-001860,import,NLRTM,USNYC,5,23383.761,CUST-007,booked,USD,false
tnt_demo,SHP-001861,export,INMAA,USNYC,1,22362.456,CUST-044,in_transit,USD,false
tnt_demo,SHP-001862,import,CNSHA,NLRTM,5,21185.550,CUST-043,booked,USD,false
tnt_demo,SHP-001863,import,DEHAM,AEJEA,4,13544.509,CUST-010,in_transit,INR,false
tnt_demo,SHP-001864,import,DEHAM,INMAA,1,15927.697,CUST-016,arrived,INR,false
tnt_demo,SHP-001865,import,SGSIN,INMUN,5,13897.599,CUST-007,in_transit,INR,false
tnt_demo,SHP-001866,export,INNSA,AEJEA,1,14368.098,CUST-013,booked,USD,false
tnt_demo,SHP-001867,import,AEJEA,NLRTM,1,4557.405,CUST-015,in_transit,INR,false
tnt_demo,SHP-001868,import,USNYC,SGSIN,2,4333.517,CUST-020,booked,USD,false
tnt_demo,SHP-001869,import,DEHAM,AEJEA,3,,CUST-040,in_transit,INR,false
tnt_demo,SHP-001870,import,USNYC,CNSHA,2,15601.458,CUST-028,in_transit,INR,false
tnt_demo,SHP-001871,export,INMAA,USNYC,5,23652.754,CUST-030,in_transit,USD,false
tnt_demo,SHP-001872,import,CNSHA,USNYC,1,1701.610,CUST-023,in_transit,EUR,false
tnt_demo,SHP-001873,export,INNSA,INMUN,4,20810.665,CUST-042,booked,INR,false
tnt_demo,SHP-001874,export,INNSA,DEHAM,2,6109.509,CUST-012,in_transit,EUR,false
tnt_demo,SHP-001875,export,INNSA,CNSHA,5,18523.941,CUST-022,in_transit,INR,false
tnt_demo,SHP-001876,import,SGSIN,INNSA,6,14361.285,CUST-048,in_transit,USD,false
tnt_demo,SHP-001877,import,SGSIN,USNYC,2,19472.009,CUST-034,arrived,INR,false
tnt_demo,SHP-001878,export,INNSA,INMAA,4,,CUST-041,in_transit,INR,false
tnt_demo,SHP-001879,export,INMAA,USNYC,1,8268.785,CUST-034,in_transit,USD,false
tnt_demo,SHP-001880,import,CNSHA,INNSA,4,18157.042,CUST-027,in_transit,USD,false
tnt_demo,SHP-001881,import,CNSHA,INMUN,2,22308.061,CUST-008,arrived,USD,false
tnt_demo,SHP-001882,import,CNSHA,SGSIN,2,19445.581,CUST-033,arrived,USD,false
tnt_demo,SHP-001883,export,INNSA,CNSHA,4,14049.411,CUST-033,in_transit,USD,false
tnt_demo,SHP-001884,export,INMAA,USNYC,3,17403.708,CUST-046,in_transit,INR,false
tnt_demo,SHP-001885,import,CNSHA,INMUN,1,22745.307,CUST-028,arrived,AED,false
tnt_demo,SHP-001886,export,INMAA,INMUN,6,14672.253,CUST-048,booked,EUR,false
tnt_demo,SHP-001887,export,INMUN,INNSA,1,4533.908,CUST-048,in_transit,EUR,false
tnt_demo,SHP-001888,import,CNSHA,DEHAM,1,12382.709,CUST-002,in_transit,USD,false
tnt_demo,SHP-001889,import,NLRTM,CNSHA,6,19819.748,CUST-022,delivered,INR,false
tnt_demo,SHP-001890,import,USNYC,INMUN,4,18654.927,CUST-016,booked,USD,false
tnt_demo,SHP-001891,export,INNSA,INMAA,5,2350.908,CUST-033,arrived,EUR,false
tnt_acme,SHP-001892,export,INMAA,NLRTM,1,3496.719,CUST-011,booked,INR,false
tnt_demo,SHP-001893,import,DEHAM,USNYC,6,20310.310,CUST-004,delivered,INR,false
tnt_demo,SHP-001894,import,SGSIN,DEHAM,5,15192.399,CUST-012,in_transit,INR,false
tnt_demo,SHP-001895,import,CNSHA,INMUN,1,2451.784,CUST-001,delivered,USD,false
tnt_demo,SHP-001896,export,INMAA,SGSIN,6,17266.729,CUST-033,in_transit,INR,false
tnt_demo,SHP-001897,export,INMAA,INMUN,3,22102.316,CUST-040,booked,USD,false
tnt_demo,SHP-001898,import,DEHAM,SGSIN,6,16347.607,CUST-034,in_transit,USD,true
tnt_demo,SHP-001899,import,CNSHA,INMAA,1,8751.096,CUST-010,in_transit,EUR,false
tnt_demo,SHP-001900,import,SGSIN,INMUN,3,,CUST-043,arrived,EUR,false
tnt_demo,SHP-001901,export,INMAA,DEHAM,3,6307.116,CUST-003,booked,INR,false
tnt_demo,SHP-001902,import,DEHAM,AEJEA,4,,CUST-041,in_transit,USD,false
tnt_demo,SHP-001903,export,INNSA,INMAA,3,654.470,CUST-035,arrived,INR,false
tnt_demo,SHP-001904,export,INNSA,AEJEA,6,14255.732,CUST-017,booked,EUR,false
tnt_demo,SHP-001905,import,SGSIN,NLRTM,4,14638.159,CUST-006,in_transit,USD,false
tnt_demo,SHP-001906,export,INMAA,NLRTM,4,11105.932,CUST-038,booked,AED,false
tnt_demo,SHP-001907,import,AEJEA,INMUN,6,22144.364,CUST-018,booked,INR,false
tnt_demo,SHP-001908,import,NLRTM,USNYC,4,,CUST-034,arrived,AED,false
tnt_demo,SHP-001909,export,INNSA,NLRTM,6,24345.242,CUST-012,booked,USD,false
tnt_demo,SHP-001910,export,INMUN,USNYC,6,,CUST-040,in_transit,USD,false
tnt_demo,SHP-001911,export,INNSA,INMAA,4,4653.168,CUST-013,booked,USD,false
tnt_demo,SHP-001912,import,SGSIN,DEHAM,2,10898.901,CUST-035,booked,INR,true
tnt_demo,SHP-001913,export,INNSA,DEHAM,4,1506.529,CUST-042,booked,USD,false
tnt_demo,SHP-001914,import,NLRTM,AEJEA,5,20061.668,CUST-016,arrived,INR,false
tnt_acme,SHP-001915,import,CNSHA,USNYC,4,11067.306,CUST-010,arrived,INR,false
tnt_demo,SHP-001916,import,SGSIN,INMAA,3,1924.493,CUST-020,delivered,EUR,false
tnt_demo,SHP-001917,import,DEHAM,USNYC,3,595.311,CUST-048,arrived,INR,true
tnt_demo,SHP-001918,export,INMAA,AEJEA,2,,CUST-011,in_transit,INR,false
tnt_demo,SHP-001919,export,INNSA,USNYC,6,22291.383,CUST-020,booked,EUR,false
tnt_demo,SHP-001920,export,INMUN,AEJEA,6,21385.393,CUST-001,booked,AED,false
tnt_demo,SHP-001921,export,INMUN,USNYC,4,1738.140,CUST-024,in_transit,USD,false
tnt_acme,SHP-001922,export,INNSA,CNSHA,1,23000.293,CUST-023,in_transit,USD,false
tnt_demo,SHP-001923,export,INNSA,USNYC,1,708.151,CUST-021,in_transit,INR,false
tnt_demo,SHP-001924,import,NLRTM,INMUN,3,7184.712,CUST-018,in_transit,USD,false
tnt_demo,SHP-001925,export,INNSA,CNSHA,2,14608.287,CUST-010,booked,USD,false
tnt_demo,SHP-001926,export,INNSA,USNYC,3,4667.801,CUST-050,arrived,INR,false
tnt_demo,SHP-001927,import,DEHAM,AEJEA,5,8176.110,CUST-033,delivered,INR,false
tnt_demo,SHP-001928,import,SGSIN,INNSA,4,20323.539,CUST-026,in_transit,USD,false
tnt_demo,SHP-001929,export,INNSA,INMAA,6,4415.813,CUST-049,booked,USD,false
tnt_demo,SHP-001930,import,SGSIN,INNSA,2,23586.402,CUST-020,delivered,USD,false
tnt_acme,SHP-001931,import,USNYC,INNSA,4,13947.542,CUST-013,arrived,USD,false
tnt_demo,SHP-001932,export,INNSA,CNSHA,6,20014.337,CUST-050,arrived,AED,false
tnt_demo,SHP-001933,import,DEHAM,INMAA,2,8855.678,CUST-018,arrived,INR,false
tnt_demo,SHP-001934,import,SGSIN,AEJEA,2,2137.224,CUST-014,in_transit,USD,false
tnt_acme,SHP-001935,import,NLRTM,INMAA,3,18482.156,CUST-024,arrived,EUR,false
tnt_acme,SHP-001936,export,INMAA,INNSA,6,13980.700,CUST-046,in_transit,EUR,false
tnt_demo,SHP-001937,export,INNSA,SGSIN,4,15267.391,CUST-005,delivered,USD,false
tnt_demo,SHP-001938,export,INNSA,INMAA,4,22852.552,CUST-045,in_transit,AED,false
tnt_demo,SHP-001939,export,INNSA,CNSHA,4,17794.347,CUST-010,arrived,INR,false
tnt_demo,SHP-001940,export,INNSA,AEJEA,6,17401.431,CUST-019,arrived,USD,false
tnt_demo,SHP-001941,import,CNSHA,INMUN,2,17525.308,CUST-009,arrived,USD,false
tnt_demo,SHP-001942,export,INMAA,AEJEA,3,13633.096,CUST-001,in_transit,USD,false
tnt_demo,SHP-001943,export,INMAA,INMUN,2,3519.681,CUST-010,in_transit,USD,false
tnt_demo,SHP-001944,export,INNSA,USNYC,6,15526.193,CUST-017,in_transit,INR,false
tnt_demo,SHP-001945,import,CNSHA,INMAA,3,12736.044,CUST-044,arrived,USD,false
tnt_demo,SHP-001946,import,CNSHA,SGSIN,6,8523.998,CUST-030,in_transit,INR,false
tnt_demo,SHP-001947,import,DEHAM,AEJEA,4,2040.958,CUST-003,booked,USD,false
tnt_demo,SHP-001948,export,INNSA,CNSHA,3,21360.021,CUST-026,in_transit,INR,false
tnt_demo,SHP-001949,export,INNSA,AEJEA,4,24830.895,CUST-011,in_transit,EUR,false
tnt_demo,SHP-001950,export,INNSA,CNSHA,2,24931.646,CUST-039,arrived,INR,false
tnt_demo,SHP-001951,export,INMAA,CNSHA,6,6740.234,CUST-002,in_transit,USD,false
tnt_demo,SHP-001952,export,INNSA,USNYC,4,24779.278,CUST-011,booked,USD,false
tnt_demo,SHP-001953,import,SGSIN,DEHAM,1,18411.631,CUST-006,delivered,EUR,false
tnt_demo,SHP-001954,import,SGSIN,CNSHA,6,19615.646,CUST-003,booked,INR,false
tnt_demo,SHP-001955,import,CNSHA,INMAA,4,14010.974,CUST-025,booked,EUR,false
tnt_demo,SHP-001956,export,INMAA,CNSHA,4,12204.459,CUST-035,in_transit,INR,false
tnt_demo,SHP-001957,export,INMAA,SGSIN,5,5089.508,CUST-019,arrived,USD,false
tnt_demo,SHP-001958,import,DEHAM,CNSHA,4,20152.879,CUST-044,booked,USD,false
tnt_demo,SHP-001959,import,AEJEA,CNSHA,1,10035.924,CUST-020,delivered,INR,false
tnt_demo,SHP-001960,export,INNSA,NLRTM,3,15985.364,CUST-021,in_transit,INR,false
tnt_demo,SHP-001961,export,INNSA,NLRTM,3,23829.806,CUST-009,arrived,USD,false
tnt_demo,SHP-001962,export,INNSA,INMAA,2,6198.366,CUST-005,in_transit,INR,false
tnt_demo,SHP-001963,import,CNSHA,INMUN,2,1558.519,CUST-018,arrived,USD,true
tnt_demo,SHP-001964,export,INMAA,INNSA,6,20640.435,CUST-008,booked,EUR,false
tnt_demo,SHP-001965,import,NLRTM,DEHAM,4,21644.498,CUST-025,arrived,EUR,false
tnt_demo,SHP-001966,export,INMAA,AEJEA,2,24589.719,CUST-004,arrived,USD,false
tnt_demo,SHP-001967,import,CNSHA,INNSA,6,4973.307,CUST-015,arrived,USD,false
tnt_demo,SHP-001968,import,SGSIN,INNSA,1,10652.952,CUST-002,booked,INR,false
tnt_demo,SHP-001969,import,SGSIN,AEJEA,2,2302.820,CUST-001,in_transit,AED,false
tnt_demo,SHP-001970,export,INNSA,DEHAM,2,23561.571,CUST-050,in_transit,USD,false
tnt_demo,SHP-001971,import,SGSIN,CNSHA,3,21211.414,CUST-027,in_transit,INR,false
tnt_demo,SHP-001972,import,SGSIN,INMUN,3,23688.470,CUST-047,arrived,INR,false
tnt_demo,SHP-001973,export,INNSA,INMAA,5,7736.762,CUST-007,booked,USD,false
tnt_demo,SHP-001974,export,INNSA,AEJEA,3,16967.078,CUST-003,arrived,EUR,false
tnt_demo,SHP-001975,export,INNSA,SGSIN,6,2403.897,CUST-001,arrived,USD,false
tnt_demo,SHP-001976,import,SGSIN,DEHAM,4,6104.556,CUST-006,booked,INR,false
tnt_demo,SHP-001977,export,INNSA,INMAA,3,13921.601,CUST-031,arrived,INR,false
tnt_demo,SHP-001978,import,SGSIN,INNSA,2,23959.224,CUST-044,arrived,INR,false
tnt_demo,SHP-001979,export,INNSA,INMUN,2,12320.440,CUST-039,in_transit,INR,false
tnt_demo,SHP-001980,export,INNSA,AEJEA,6,10910.529,CUST-024,booked,INR,false
tnt_demo,SHP-001981,import,CNSHA,SGSIN,2,,CUST-012,arrived,USD,false
tnt_demo,SHP-001982,export,INNSA,INMAA,2,2175.007,CUST-048,arrived,USD,false
tnt_demo,SHP-001983,import,CNSHA,INNSA,2,16264.020,CUST-049,in_transit,USD,false
tnt_demo,SHP-001984,export,INNSA,DEHAM,2,24348.305,CUST-030,in_transit,USD,false
tnt_acme,SHP-001985,export,INNSA,AEJEA,6,10979.852,CUST-002,arrived,INR,false
tnt_demo,SHP-001986,export,INNSA,DEHAM,6,18955.585,CUST-033,booked,USD,false
tnt_demo,SHP-001987,export,INNSA,CNSHA,1,9272.558,CUST-041,in_transit,INR,false
tnt_demo,SHP-001988,import,AEJEA,USNYC,4,21694.486,CUST-027,arrived,INR,false
tnt_demo,SHP-001989,export,INMAA,INNSA,4,7086.671,CUST-001,booked,EUR,true
tnt_demo,SHP-001990,export,INMAA,AEJEA,4,10897.786,CUST-022,in_transit,INR,true
tnt_demo,SHP-001991,export,INNSA,SGSIN,4,13565.937,CUST-047,in_transit,USD,false
tnt_demo,SHP-001992,export,INNSA,AEJEA,1,9939.617,CUST-013,arrived,INR,false
tnt_demo,SHP-001993,export,INMAA,USNYC,5,15101.238,CUST-015,in_transit,USD,false
tnt_demo,SHP-001994,import,DEHAM,USNYC,2,18222.008,CUST-043,arrived,INR,false
tnt_demo,SHP-001995,export,INNSA,NLRTM,2,19813.767,CUST-050,booked,USD,false
tnt_demo,SHP-001996,import,SGSIN,USNYC,3,16503.985,CUST-026,arrived,USD,false
tnt_demo,SHP-001997,import,CNSHA,NLRTM,2,2381.270,CUST-022,booked,USD,false
tnt_demo,SHP-001998,import,NLRTM,CNSHA,5,4108.209,CUST-040,arrived,USD,false
tnt_acme,SHP-001999,import,CNSHA,INNSA,3,9226.076,CUST-045,in_transit,INR,false
tnt_demo,SHP-002000,export,INMAA,USNYC,3,4583.119,CUST-021,in_transit,USD,false
tnt_demo,SHP-002001,export,INMAA,INNSA,2,14903.867,CUST-012,booked,EUR,false
tnt_demo,SHP-002002,export,INNSA,INMAA,4,11126.485,CUST-046,in_transit,AED,false
tnt_demo,SHP-002003,import,CNSHA,INMAA,5,24210.081,CUST-006,booked,USD,false
tnt_acme,SHP-002004,export,INNSA,INMAA,1,6642.366,CUST-036,arrived,AED,false
tnt_acme,SHP-002005,export,INNSA,INMAA,5,16202.771,CUST-021,in_transit,AED,false
tnt_demo,SHP-002006,export,INMUN,INNSA,5,16605.183,CUST-024,booked,EUR,false
tnt_demo,SHP-002007,export,INMAA,DEHAM,2,8962.845,CUST-008,booked,EUR,false
tnt_demo,SHP-002008,import,CNSHA,INNSA,6,18335.350,CUST-039,delivered,EUR,false
tnt_demo,SHP-002009,import,SGSIN,DEHAM,6,12078.432,CUST-001,booked,USD,false
tnt_demo,SHP-002010,import,CNSHA,INMUN,5,23900.916,CUST-023,booked,USD,false
tnt_acme,SHP-002011,import,CNSHA,DEHAM,5,24324.566,CUST-034,in_transit,INR,false
tnt_demo,SHP-002012,export,INNSA,CNSHA,6,23563.895,CUST-028,in_transit,USD,false
tnt_acme,SHP-002013,import,CNSHA,NLRTM,6,13628.905,CUST-023,in_transit,INR,false
tnt_demo,SHP-002014,export,INMAA,NLRTM,6,,CUST-029,booked,EUR,false
tnt_acme,SHP-002015,export,INNSA,CNSHA,4,21555.109,CUST-020,booked,INR,false
tnt_demo,SHP-002016,import,CNSHA,AEJEA,5,5654.569,CUST-018,in_transit,EUR,false
tnt_demo,SHP-002017,export,INMAA,INNSA,3,9993.578,CUST-004,booked,EUR,false
tnt_demo,SHP-002018,export,INMAA,USNYC,1,23382.647,CUST-015,booked,AED,false
tnt_demo,SHP-002019,export,INMAA,SGSIN,4,2792.443,CUST-035,in_transit,USD,false
tnt_demo,SHP-002020,export,INNSA,INMAA,3,1110.183,CUST-001,in_transit,INR,false
tnt_demo,SHP-002021,import,CNSHA,USNYC,3,17043.230,CUST-050,booked,INR,false
tnt_demo,SHP-002022,export,INNSA,INMAA,2,23158.063,CUST-042,arrived,USD,false
tnt_demo,SHP-002023,import,CNSHA,INNSA,6,19383.664,CUST-013,booked,USD,false
tnt_demo,SHP-002024,export,INNSA,INMUN,1,,CUST-003,in_transit,EUR,false
tnt_demo,SHP-002025,export,INMAA,AEJEA,6,837.859,CUST-022,booked,INR,false
tnt_demo,SHP-002026,export,INNSA,USNYC,3,8250.767,CUST-027,delivered,USD,true
tnt_acme,SHP-002027,export,INNSA,NLRTM,5,3341.984,CUST-022,delivered,INR,false
tnt_demo,SHP-002028,import,CNSHA,AEJEA,4,11512.908,CUST-043,in_transit,AED,false
tnt_demo,SHP-002029,export,INNSA,USNYC,1,22016.108,CUST-014,booked,USD,true
tnt_demo,SHP-002030,import,SGSIN,DEHAM,5,6418.010,CUST-025,booked,INR,false
tnt_demo,SHP-002031,export,INMUN,INNSA,4,5209.364,CUST-029,booked,INR,false
tnt_demo,SHP-002032,import,USNYC,INMAA,2,3994.950,CUST-033,in_transit,USD,false
tnt_demo,SHP-002033,import,DEHAM,SGSIN,2,24207.087,CUST-040,arrived,USD,true
tnt_demo,SHP-002034,export,INMUN,USNYC,5,12127.151,CUST-010,arrived,EUR,false
tnt_acme,SHP-002035,export,INNSA,SGSIN,1,17653.935,CUST-039,in_transit,INR,false
tnt_demo,SHP-002036,import,SGSIN,INMAA,5,13071.360,CUST-049,in_transit,USD,false
tnt_demo,SHP-002037,export,INNSA,AEJEA,4,14871.081,CUST-047,in_transit,AED,false
tnt_demo,SHP-002038,import,SGSIN,AEJEA,6,13525.423,CUST-040,booked,INR,false
tnt_demo,SHP-002039,import,NLRTM,USNYC,4,5863.117,CUST-004,booked,USD,false
tnt_demo,SHP-002040,import,AEJEA,CNSHA,5,667.789,CUST-026,in_transit,EUR,false
tnt_demo,SHP-002041,export,INNSA,SGSIN,2,16074.264,CUST-015,in_transit,INR,false
tnt_demo,SHP-002042,import,CNSHA,NLRTM,6,11567.887,CUST-042,booked,USD,false
tnt_demo,SHP-002043,export,INNSA,INMAA,2,15460.961,CUST-031,arrived,INR,false
tnt_demo,SHP-002044,import,CNSHA,INMUN,2,1537.084,CUST-039,arrived,EUR,false
tnt_demo,SHP-002045,export,INMAA,INMUN,1,6899.549,CUST-014,delivered,EUR,false
tnt_demo,SHP-002046,export,INMAA,INNSA,3,20440.504,CUST-017,delivered,INR,false
tnt_demo,SHP-002047,import,CNSHA,INNSA,3,7330.642,CUST-003,booked,USD,false
tnt_demo,SHP-002048,import,SGSIN,DEHAM,4,4462.177,CUST-049,arrived,USD,false
tnt_demo,SHP-002049,export,INNSA,INMUN,5,609.296,CUST-020,in_transit,USD,false
tnt_demo,SHP-002050,export,INNSA,DEHAM,6,17526.697,CUST-037,in_transit,INR,false
tnt_demo,SHP-002051,import,DEHAM,SGSIN,3,7931.305,CUST-044,in_transit,USD,false
tnt_demo,SHP-002052,import,NLRTM,INMAA,4,8768.012,CUST-009,booked,USD,false
tnt_demo,SHP-002053,export,INMAA,AEJEA,5,4114.698,CUST-023,in_transit,INR,false
tnt_demo,SHP-002054,import,SGSIN,CNSHA,1,9733.414,CUST-028,arrived,INR,false
tnt_demo,SHP-002055,export,INNSA,CNSHA,1,14196.460,CUST-015,delivered,USD,false
tnt_demo,SHP-002056,import,DEHAM,INNSA,1,11358.432,CUST-027,in_transit,USD,false
tnt_demo,SHP-002057,export,INMAA,INMUN,1,15440.075,CUST-022,in_transit,USD,false
tnt_demo,SHP-002058,import,DEHAM,INMUN,6,9637.103,CUST-044,arrived,EUR,false
tnt_demo,SHP-002059,export,INNSA,NLRTM,5,11080.602,CUST-022,in_transit,EUR,false
tnt_demo,SHP-002060,import,DEHAM,INMUN,5,5923.807,CUST-036,in_transit,USD,false
tnt_demo,SHP-002061,export,INNSA,AEJEA,4,13286.240,CUST-027,arrived,EUR,false
tnt_demo,SHP-002062,export,INNSA,INMUN,4,2123.977,CUST-039,in_transit,USD,false
tnt_demo,SHP-002063,export,INMAA,SGSIN,4,2334.604,CUST-014,arrived,USD,false
tnt_demo,SHP-002064,import,CNSHA,SGSIN,2,20865.061,CUST-007,booked,INR,false
tnt_demo,SHP-002065,export,INNSA,INMUN,5,19226.160,CUST-007,booked,AED,false
tnt_demo,SHP-002066,import,SGSIN,NLRTM,5,21206.410,CUST-043,arrived,INR,false
tnt_demo,SHP-002067,export,INNSA,INMAA,3,5962.999,CUST-023,booked,INR,false
tnt_acme,SHP-002068,export,INNSA,INMAA,2,13252.154,CUST-045,in_transit,INR,false
tnt_demo,SHP-002069,import,CNSHA,INMAA,6,20166.553,CUST-033,booked,INR,false
tnt_demo,SHP-002070,import,USNYC,DEHAM,4,6696.449,CUST-017,arrived,USD,false
tnt_acme,SHP-002071,export,INNSA,INMAA,2,18963.797,CUST-006,arrived,USD,false
tnt_demo,SHP-002072,export,INNSA,INMUN,2,6301.526,CUST-004,arrived,AED,false
tnt_demo,SHP-002073,export,INMUN,CNSHA,1,872.246,CUST-001,arrived,USD,false
tnt_demo,SHP-002074,import,AEJEA,SGSIN,1,23238.180,CUST-032,booked,EUR,false
tnt_demo,SHP-002075,import,DEHAM,CNSHA,5,3610.324,CUST-017,in_transit,INR,false
tnt_demo,SHP-002076,export,INMAA,AEJEA,2,11585.298,CUST-044,in_transit,EUR,false
tnt_demo,SHP-002077,export,INMAA,INMUN,2,12668.559,CUST-029,arrived,USD,true
tnt_demo,SHP-002078,import,NLRTM,DEHAM,5,18234.005,CUST-010,booked,EUR,false
tnt_acme,SHP-002079,import,SGSIN,INNSA,2,9864.700,CUST-010,arrived,USD,false
tnt_demo,SHP-002080,import,CNSHA,INMAA,6,,CUST-033,booked,INR,false
tnt_demo,SHP-002081,import,CNSHA,INMUN,1,22548.244,CUST-044,in_transit,USD,false
tnt_demo,SHP-002082,import,SGSIN,AEJEA,5,21688.434,CUST-018,booked,EUR,false
tnt_demo,SHP-002083,export,INMUN,USNYC,5,15907.412,CUST-019,delivered,USD,false
tnt_demo,SHP-002084,import,CNSHA,NLRTM,3,4911.475,CUST-027,arrived,USD,false
tnt_demo,SHP-002085,import,SGSIN,DEHAM,5,5794.757,CUST-017,booked,INR,false
tnt_demo,SHP-002086,export,INMAA,INMUN,1,3805.259,CUST-030,in_transit,USD,false
tnt_demo,SHP-002087,export,INNSA,INMUN,1,,CUST-043,in_transit,USD,false
tnt_demo,SHP-002088,import,CNSHA,INMAA,1,22168.221,CUST-016,in_transit,INR,false
tnt_demo,SHP-002089,export,INNSA,INMUN,6,9642.339,CUST-049,in_transit,AED,false
tnt_demo,SHP-002090,import,SGSIN,INMUN,2,7290.074,CUST-001,arrived,USD,false
tnt_demo,SHP-002091,export,INNSA,SGSIN,3,15126.313,CUST-024,booked,USD,false
tnt_demo,SHP-002092,export,INMUN,CNSHA,1,2384.083,CUST-024,arrived,EUR,false
tnt_demo,SHP-002093,export,INMAA,INMUN,5,18181.620,CUST-013,arrived,USD,false
tnt_demo,SHP-002094,import,AEJEA,INMUN,2,17044.372,CUST-004,in_transit,INR,false
tnt_demo,SHP-002095,import,CNSHA,SGSIN,1,18970.590,CUST-050,in_transit,INR,false
tnt_acme,SHP-002096,export,INMAA,CNSHA,6,21552.478,CUST-035,in_transit,INR,false
tnt_demo,SHP-002097,import,CNSHA,AEJEA,2,12597.826,CUST-039,arrived,EUR,true
tnt_demo,SHP-002098,export,INNSA,INMAA,5,3328.713,CUST-005,in_transit,EUR,false
tnt_acme,SHP-002099,import,NLRTM,INMAA,6,17419.922,CUST-011,in_transit,EUR,false
tnt_demo,SHP-002100,export,INNSA,DEHAM,3,11285.872,CUST-008,arrived,EUR,false
tnt_acme,SHP-002101,import,SGSIN,DEHAM,4,14697.774,CUST-016,booked,USD,false
tnt_demo,SHP-002102,export,INNSA,USNYC,6,23015.617,CUST-006,arrived,USD,false
tnt_demo,SHP-002103,export,INMAA,USNYC,1,4787.232,CUST-026,in_transit,EUR,false
tnt_acme,SHP-002104,export,INNSA,NLRTM,2,19472.806,CUST-026,in_transit,EUR,true
tnt_demo,SHP-002105,export,INNSA,USNYC,3,,CUST-040,in_transit,INR,false
tnt_demo,SHP-002106,import,NLRTM,INMAA,4,18503.784,CUST-007,arrived,USD,false
tnt_demo,SHP-002107,export,INNSA,DEHAM,6,15255.166,CUST-005,in_transit,INR,false
tnt_demo,SHP-002108,import,NLRTM,CNSHA,3,6976.938,CUST-045,booked,USD,true
tnt_demo,SHP-002109,export,INMUN,INMAA,1,4715.024,CUST-040,in_transit,USD,false
tnt_acme,SHP-002110,export,INNSA,CNSHA,6,14651.352,CUST-017,arrived,USD,false
tnt_demo,SHP-002111,export,INNSA,INMAA,5,16047.114,CUST-010,in_transit,USD,false
tnt_demo,SHP-002112,import,CNSHA,NLRTM,4,14395.894,CUST-007,in_transit,EUR,false
tnt_demo,SHP-002113,export,INMAA,AEJEA,5,1062.958,CUST-018,in_transit,USD,false
tnt_demo,SHP-002114,import,CNSHA,USNYC,4,8960.593,CUST-005,in_transit,USD,false
tnt_demo,SHP-002115,export,INNSA,SGSIN,1,22311.662,CUST-007,arrived,USD,false
tnt_demo,SHP-002116,export,INMAA,INNSA,5,13788.986,CUST-045,arrived,INR,false
tnt_demo,SHP-002117,export,INNSA,INMUN,1,15749.899,CUST-019,arrived,USD,false
tnt_demo,SHP-002118,import,SGSIN,NLRTM,2,890.866,CUST-040,in_transit,EUR,false
tnt_demo,SHP-002119,import,CNSHA,DEHAM,3,15241.997,CUST-036,booked,USD,false
tnt_demo,SHP-002120,export,INNSA,INMAA,6,12678.472,CUST-002,arrived,USD,false
tnt_demo,SHP-002121,export,INNSA,CNSHA,1,17269.690,CUST-019,in_transit,USD,false
tnt_demo,SHP-002122,export,INMAA,AEJEA,3,23807.922,CUST-003,in_transit,INR,false
tnt_demo,SHP-002123,export,INNSA,NLRTM,2,6235.424,CUST-005,in_transit,USD,false
tnt_demo,SHP-002124,import,SGSIN,USNYC,4,6913.551,CUST-050,delivered,USD,false
tnt_demo,SHP-002125,import,SGSIN,INMUN,4,23146.982,CUST-050,arrived,USD,false
tnt_demo,SHP-002126,import,SGSIN,NLRTM,2,7651.055,CUST-005,in_transit,EUR,false
tnt_demo,SHP-002127,import,NLRTM,INNSA,6,2679.010,CUST-016,arrived,USD,false
tnt_demo,SHP-002128,import,CNSHA,INMUN,5,23158.763,CUST-049,in_transit,EUR,false
tnt_acme,SHP-002129,export,INNSA,USNYC,3,16009.825,CUST-018,in_transit,INR,false
tnt_demo,SHP-002130,export,INMAA,SGSIN,3,19046.072,CUST-016,in_transit,USD,false
tnt_demo,SHP-002131,import,DEHAM,SGSIN,1,16297.077,CUST-028,arrived,USD,false
tnt_demo,SHP-002132,export,INNSA,INMUN,3,3469.029,CUST-008,booked,USD,false
tnt_demo,SHP-002133,import,CNSHA,AEJEA,1,4050.982,CUST-024,in_transit,EUR,false
tnt_demo,SHP-002134,export,INMAA,INNSA,4,21453.264,CUST-042,booked,INR,false
tnt_acme,SHP-002135,export,INNSA,DEHAM,2,10820.272,CUST-046,booked,INR,true
tnt_acme,SHP-002136,import,SGSIN,CNSHA,3,9646.405,CUST-001,in_transit,USD,false
tnt_demo,SHP-002137,export,INMAA,AEJEA,4,3814.391,CUST-037,in_transit,INR,false
tnt_acme,SHP-002138,import,AEJEA,INMAA,5,7525.574,CUST-042,booked,INR,false
tnt_demo,SHP-002139,import,SGSIN,AEJEA,3,531.822,CUST-042,booked,INR,false
tnt_demo,SHP-002140,import,NLRTM,INMUN,5,23492.330,CUST-030,in_transit,USD,false
tnt_demo,SHP-002141,export,INMAA,INNSA,4,2901.210,CUST-042,delivered,USD,false
tnt_demo,SHP-002142,import,CNSHA,NLRTM,6,16560.024,CUST-039,booked,INR,false
tnt_demo,SHP-002143,import,SGSIN,USNYC,2,7448.148,CUST-008,arrived,INR,false
tnt_demo,SHP-002144,import,CNSHA,INMAA,4,13206.643,CUST-012,arrived,USD,true
tnt_demo,SHP-002145,import,CNSHA,DEHAM,1,2083.748,CUST-026,booked,USD,false
tnt_demo,SHP-002146,export,INNSA,SGSIN,4,3108.612,CUST-018,in_transit,EUR,false
tnt_demo,SHP-002147,import,CNSHA,SGSIN,3,,CUST-007,booked,USD,false
tnt_demo,SHP-002148,import,SGSIN,CNSHA,2,1262.560,CUST-037,arrived,AED,false
tnt_demo,SHP-002149,export,INMAA,NLRTM,6,21246.339,CUST-013,delivered,INR,false
tnt_demo,SHP-002150,import,CNSHA,INMUN,4,12663.093,CUST-009,arrived,AED,false
tnt_demo,SHP-002151,import,AEJEA,INMAA,2,11546.107,CUST-008,arrived,USD,false
tnt_demo,SHP-002152,export,INNSA,DEHAM,4,14069.382,CUST-033,arrived,EUR,false
tnt_acme,SHP-002153,import,SGSIN,INMAA,4,6220.524,CUST-042,booked,INR,false
tnt_demo,SHP-002154,import,CNSHA,INMAA,5,5357.114,CUST-027,booked,INR,true
tnt_demo,SHP-002155,import,SGSIN,NLRTM,2,19369.523,CUST-016,arrived,AED,true
tnt_demo,SHP-002156,export,INNSA,USNYC,4,13325.110,CUST-050,in_transit,INR,false
tnt_demo,SHP-002157,import,CNSHA,AEJEA,5,5752.997,CUST-016,arrived,USD,false
tnt_demo,SHP-002158,export,INMAA,USNYC,1,6643.453,CUST-037,arrived,USD,false
tnt_demo,SHP-002159,import,SGSIN,NLRTM,5,3557.818,CUST-032,in_transit,USD,false
tnt_demo,SHP-002160,export,INNSA,INMAA,3,10677.074,CUST-047,arrived,INR,false
tnt_demo,SHP-002161,import,CNSHA,NLRTM,2,14691.720,CUST-034,in_transit,EUR,false
tnt_demo,SHP-002162,import,CNSHA,INNSA,3,18248.248,CUST-023,in_transit,USD,false
tnt_demo,SHP-002163,import,AEJEA,INNSA,3,10864.208,CUST-020,in_transit,EUR,false
tnt_demo,SHP-002164,import,USNYC,AEJEA,1,4386.816,CUST-007,booked,USD,false
tnt_demo,SHP-002165,export,INNSA,USNYC,6,20191.554,CUST-044,in_transit,EUR,false
tnt_demo,SHP-002166,import,SGSIN,NLRTM,4,5295.730,CUST-032,in_transit,USD,false
tnt_demo,SHP-002167,import,SGSIN,AEJEA,1,14070.070,CUST-039,in_transit,USD,false
tnt_demo,SHP-002168,export,INNSA,NLRTM,2,18010.332,CUST-035,delivered,INR,true
tnt_demo,SHP-002169,import,SGSIN,USNYC,5,18359.303,CUST-025,in_transit,USD,false
tnt_demo,SHP-002170,import,SGSIN,AEJEA,1,12224.871,CUST-045,in_transit,USD,false
tnt_demo,SHP-002171,import,SGSIN,AEJEA,3,19756.966,CUST-028,booked,USD,false
tnt_demo,SHP-002172,import,SGSIN,INMAA,5,22323.045,CUST-015,booked,INR,false
tnt_demo,SHP-002173,import,SGSIN,USNYC,1,16399.302,CUST-049,arrived,USD,false
tnt_demo,SHP-002174,export,INMAA,AEJEA,2,21099.535,CUST-048,in_transit,USD,false
tnt_demo,SHP-002175,export,INNSA,USNYC,1,17388.801,CUST-022,in_transit,USD,false
tnt_demo,SHP-002176,export,INNSA,USNYC,5,14424.512,CUST-049,delivered,INR,false
tnt_demo,SHP-002177,export,INNSA,CNSHA,1,6593.031,CUST-014,in_transit,INR,false
tnt_demo,SHP-002178,export,INNSA,AEJEA,6,24804.699,CUST-017,arrived,INR,false
tnt_demo,SHP-002179,export,INNSA,USNYC,1,20987.126,CUST-022,booked,INR,false
tnt_acme,SHP-002180,import,DEHAM,NLRTM,4,6936.608,CUST-026,booked,EUR,false
tnt_demo,SHP-002181,import,CNSHA,NLRTM,6,12993.253,CUST-049,booked,INR,false
tnt_demo,SHP-002182,export,INNSA,SGSIN,3,8850.775,CUST-001,in_transit,INR,true
tnt_demo,SHP-002183,export,INNSA,AEJEA,4,4577.861,CUST-046,in_transit,INR,false
tnt_demo,SHP-002184,export,INNSA,CNSHA,2,11784.927,CUST-013,delivered,USD,false
tnt_demo,SHP-002185,export,INNSA,USNYC,5,16214.837,CUST-027,in_transit,INR,false
tnt_demo,SHP-002186,import,CNSHA,AEJEA,1,17469.277,CUST-011,in_transit,INR,false
tnt_acme,SHP-002187,import,SGSIN,INMUN,1,14031.238,CUST-026,in_transit,USD,false
tnt_demo,SHP-002188,import,CNSHA,USNYC,4,2154.743,CUST-030,arrived,USD,false
tnt_demo,SHP-002189,export,INNSA,DEHAM,3,21505.461,CUST-028,booked,USD,false
tnt_demo,SHP-002190,export,INMAA,CNSHA,3,19690.262,CUST-028,delivered,USD,false
tnt_demo,SHP-002191,import,NLRTM,AEJEA,3,12411.675,CUST-047,in_transit,INR,false
tnt_demo,SHP-002192,import,DEHAM,INMUN,1,1554.931,CUST-034,delivered,INR,false
tnt_demo,SHP-002193,import,SGSIN,AEJEA,5,24941.744,CUST-026,arrived,INR,false
tnt_demo,SHP-002194,import,CNSHA,SGSIN,4,18327.248,CUST-003,in_transit,EUR,false
tnt_demo,SHP-002195,import,NLRTM,CNSHA,6,8945.642,CUST-049,in_transit,USD,false
tnt_demo,SHP-002196,export,INNSA,USNYC,3,9740.311,CUST-043,in_transit,EUR,false
tnt_demo,SHP-002197,export,INNSA,AEJEA,3,19937.157,CUST-034,booked,EUR,false
tnt_demo,SHP-002198,export,INNSA,INMUN,1,5378.438,CUST-037,booked,AED,false
tnt_demo,SHP-002199,export,INNSA,INMAA,2,7559.274,CUST-022,booked,INR,false
tnt_demo,SHP-002200,export,INMAA,USNYC,4,6175.102,CUST-007,in_transit,USD,false
tnt_demo,SHP-002201,export,INNSA,INMAA,5,20379.394,CUST-047,in_transit,USD,false
tnt_acme,SHP-002202,export,INNSA,INMUN,1,14475.800,CUST-004,arrived,INR,false
tnt_demo,SHP-002203,export,INNSA,AEJEA,2,12809.301,CUST-022,booked,USD,false
tnt_demo,SHP-002204,import,CNSHA,INNSA,4,13207.695,CUST-020,in_transit,USD,false
tnt_demo,SHP-002205,import,AEJEA,NLRTM,4,8850.652,CUST-016,booked,USD,false
tnt_demo,SHP-002206,import,DEHAM,NLRTM,1,,CUST-036,delivered,USD,false
tnt_demo,SHP-002207,import,CNSHA,AEJEA,3,23570.841,CUST-036,booked,EUR,false
tnt_demo,SHP-002208,export,INNSA,SGSIN,6,15080.028,CUST-014,booked,INR,false
tnt_demo,SHP-002209,import,CNSHA,INMAA,1,1820.345,CUST-026,delivered,INR,false
tnt_demo,SHP-002210,import,SGSIN,INNSA,5,21759.010,CUST-004,delivered,USD,false
tnt_demo,SHP-002211,import,CNSHA,USNYC,6,24803.431,CUST-013,booked,INR,false
tnt_demo,SHP-002212,import,NLRTM,INMAA,5,11785.378,CUST-044,delivered,EUR,false
tnt_demo,SHP-002213,export,INNSA,NLRTM,3,8475.209,CUST-016,arrived,INR,false
tnt_demo,SHP-002214,export,INMAA,DEHAM,1,16277.072,CUST-047,arrived,AED,false
tnt_demo,SHP-002215,import,CNSHA,AEJEA,4,5540.565,CUST-026,in_transit,USD,false
tnt_demo,SHP-002216,export,INNSA,USNYC,6,1222.995,CUST-044,in_transit,USD,true
tnt_acme,SHP-002217,import,CNSHA,NLRTM,6,15607.164,CUST-048,arrived,USD,false
tnt_demo,SHP-002218,export,INNSA,CNSHA,6,15793.697,CUST-007,delivered,USD,false
tnt_demo,SHP-002219,import,CNSHA,NLRTM,3,2459.087,CUST-033,delivered,INR,true
tnt_demo,SHP-002220,export,INNSA,AEJEA,5,9251.902,CUST-038,booked,USD,false
tnt_demo,SHP-002221,import,SGSIN,AEJEA,6,,CUST-016,in_transit,USD,false
tnt_acme,SHP-002222,import,NLRTM,INMUN,4,1925.948,CUST-016,booked,EUR,false
tnt_demo,SHP-002223,import,SGSIN,NLRTM,1,9564.967,CUST-028,arrived,INR,false
tnt_demo,SHP-002224,import,CNSHA,SGSIN,3,13968.669,CUST-026,booked,INR,false
tnt_demo,SHP-002225,import,CNSHA,INMAA,3,,CUST-043,booked,USD,false
tnt_demo,SHP-002226,import,CNSHA,INNSA,3,14566.939,CUST-031,booked,USD,false
tnt_demo,SHP-002227,export,INNSA,AEJEA,4,12472.835,CUST-024,in_transit,USD,false
tnt_demo,SHP-002228,import,USNYC,CNSHA,5,7939.626,CUST-039,in_transit,INR,false
tnt_demo,SHP-002229,import,NLRTM,USNYC,2,8152.239,CUST-014,in_transit,INR,false
tnt_demo,SHP-002230,import,CNSHA,INMUN,4,21860.919,CUST-023,booked,EUR,false
tnt_demo,SHP-002231,import,CNSHA,SGSIN,5,8390.329,CUST-043,in_transit,INR,false
tnt_demo,SHP-002232,export,INMUN,DEHAM,2,1606.951,CUST-029,in_transit,INR,false
tnt_demo,SHP-002233,export,INNSA,INMUN,4,20072.400,CUST-020,in_transit,USD,false
tnt_acme,SHP-002234,import,CNSHA,DEHAM,4,20648.615,CUST-005,arrived,EUR,false
tnt_acme,SHP-002235,export,INNSA,AEJEA,1,16591.890,CUST-018,in_transit,USD,false
tnt_demo,SHP-002236,import,SGSIN,INMUN,6,18794.362,CUST-041,arrived,INR,false
tnt_demo,SHP-002237,export,INNSA,CNSHA,5,14580.392,CUST-050,in_transit,INR,false
tnt_demo,SHP-002238,export,INNSA,CNSHA,5,15210.242,CUST-011,booked,INR,false
tnt_demo,SHP-002239,import,CNSHA,SGSIN,2,23466.431,CUST-004,in_transit,USD,false
tnt_acme,SHP-002240,import,SGSIN,NLRTM,5,5454.404,CUST-040,booked,INR,true
tnt_demo,SHP-002241,export,INNSA,INMAA,6,2226.229,CUST-046,in_transit,USD,false
tnt_demo,SHP-002242,export,INMAA,NLRTM,4,14116.276,CUST-003,in_transit,USD,false
tnt_demo,SHP-002243,import,AEJEA,INMAA,3,3816.111,CUST-043,booked,INR,false
tnt_demo,SHP-002244,export,INMAA,DEHAM,6,11064.301,CUST-045,delivered,USD,false
tnt_demo,SHP-002245,import,CNSHA,AEJEA,6,17780.560,CUST-049,booked,INR,false
tnt_demo,SHP-002246,import,CNSHA,USNYC,6,11545.967,CUST-019,arrived,INR,false
tnt_demo,SHP-002247,import,AEJEA,NLRTM,2,13292.366,CUST-011,in_transit,USD,false
tnt_demo,SHP-002248,import,NLRTM,INMUN,2,18485.863,CUST-039,in_transit,USD,false
tnt_demo,SHP-002249,export,INMAA,DEHAM,4,23459.191,CUST-030,booked,USD,false
tnt_demo,SHP-002250,import,SGSIN,NLRTM,6,11755.791,CUST-033,in_transit,USD,false
tnt_demo,SHP-002251,import,SGSIN,DEHAM,1,24414.520,CUST-016,booked,USD,false
tnt_demo,SHP-002252,import,AEJEA,INNSA,2,532.593,CUST-010,delivered,USD,false
tnt_demo,SHP-002253,import,SGSIN,CNSHA,5,4442.189,CUST-008,in_transit,INR,false
tnt_demo,SHP-002254,export,INMAA,INMUN,2,10846.276,CUST-016,arrived,USD,false
tnt_acme,SHP-002255,export,INNSA,INMUN,4,13579.150,CUST-014,in_transit,USD,false
tnt_demo,SHP-002256,import,CNSHA,SGSIN,4,559.000,CUST-003,delivered,INR,false
tnt_demo,SHP-002257,import,CNSHA,AEJEA,6,20111.408,CUST-011,in_transit,USD,false
tnt_demo,SHP-002258,export,INMAA,INMUN,4,,CUST-041,in_transit,USD,false
tnt_acme,SHP-002259,export,INNSA,INMUN,5,5830.678,CUST-045,booked,USD,true
tnt_demo,SHP-002260,import,SGSIN,INMAA,3,6137.278,CUST-034,booked,USD,false
tnt_demo,SHP-002261,export,INNSA,INMAA,4,4891.538,CUST-003,booked,USD,false
tnt_demo,SHP-002262,import,DEHAM,INMUN,4,,CUST-046,booked,INR,false
tnt_demo,SHP-002263,import,CNSHA,NLRTM,3,18579.068,CUST-025,arrived,USD,false
tnt_demo,SHP-002264,export,INNSA,INMAA,6,16475.760,CUST-019,delivered,USD,false
tnt_demo,SHP-002265,import,NLRTM,DEHAM,6,8167.981,CUST-001,in_transit,USD,false
tnt_acme,SHP-002266,export,INNSA,INMAA,5,19500.462,CUST-027,in_transit,USD,false
tnt_demo,SHP-002267,export,INNSA,CNSHA,4,19015.166,CUST-007,booked,INR,false
tnt_demo,SHP-002268,import,CNSHA,INMAA,2,8079.273,CUST-010,booked,INR,false
tnt_demo,SHP-002269,import,SGSIN,NLRTM,2,11332.215,CUST-029,in_transit,USD,false
tnt_demo,SHP-002270,import,AEJEA,INNSA,4,19028.520,CUST-027,booked,USD,false
tnt_demo,SHP-002271,export,INNSA,INMUN,2,18849.408,CUST-027,booked,INR,false
tnt_demo,SHP-002272,export,INNSA,DEHAM,6,24097.490,CUST-044,in_transit,INR,false
tnt_demo,SHP-002273,export,INNSA,INMUN,2,5577.194,CUST-005,delivered,INR,false
tnt_demo,SHP-002274,import,NLRTM,INMUN,4,16585.583,CUST-034,delivered,INR,false
tnt_demo,SHP-002275,export,INNSA,AEJEA,4,24137.999,CUST-039,in_transit,USD,false
tnt_demo,SHP-002276,import,SGSIN,NLRTM,1,3844.411,CUST-048,in_transit,USD,false
tnt_demo,SHP-002277,import,SGSIN,INNSA,1,23911.587,CUST-034,booked,USD,false
tnt_demo,SHP-002278,import,SGSIN,DEHAM,1,,CUST-048,in_transit,USD,false
tnt_demo,SHP-002279,export,INNSA,USNYC,3,19225.385,CUST-038,arrived,USD,false
tnt_demo,SHP-002280,import,CNSHA,INMUN,2,20364.125,CUST-038,in_transit,INR,false
tnt_demo,SHP-002281,export,INMUN,AEJEA,5,9684.638,CUST-018,arrived,INR,false
tnt_demo,SHP-002282,export,INNSA,SGSIN,4,24815.340,CUST-046,delivered,INR,false
tnt_demo,SHP-002283,import,CNSHA,INMAA,6,15714.100,CUST-002,booked,INR,false
tnt_demo,SHP-002284,export,INMAA,DEHAM,4,15565.575,CUST-045,delivered,USD,false
tnt_demo,SHP-002285,export,INNSA,SGSIN,5,2671.397,CUST-038,arrived,USD,false
tnt_demo,SHP-002286,import,SGSIN,NLRTM,3,16798.065,CUST-004,delivered,INR,false
tnt_demo,SHP-002287,import,SGSIN,USNYC,6,,CUST-033,in_transit,INR,true
tnt_demo,SHP-002288,export,INMAA,USNYC,2,6295.530,CUST-043,delivered,USD,false
tnt_demo,SHP-002289,import,AEJEA,CNSHA,2,5129.074,CUST-038,in_transit,USD,false
tnt_demo,SHP-002290,import,SGSIN,DEHAM,6,853.542,CUST-005,in_transit,USD,false
tnt_demo,SHP-002291,import,DEHAM,CNSHA,5,24128.453,CUST-030,in_transit,USD,false
tnt_demo,SHP-002292,export,INNSA,NLRTM,2,16383.855,CUST-005,delivered,USD,false
tnt_demo,SHP-002293,import,CNSHA,USNYC,6,24263.354,CUST-012,in_transit,EUR,false
tnt_demo,SHP-002294,import,CNSHA,DEHAM,3,15173.143,CUST-021,in_transit,USD,false
tnt_demo,SHP-002295,import,CNSHA,USNYC,3,3962.114,CUST-020,arrived,USD,false
tnt_demo,SHP-002296,export,INNSA,USNYC,5,3360.277,CUST-030,in_transit,INR,false
tnt_demo,SHP-002297,export,INNSA,CNSHA,4,6665.968,CUST-032,in_transit,INR,false
tnt_demo,SHP-002298,import,DEHAM,AEJEA,2,4209.056,CUST-010,booked,USD,false
tnt_demo,SHP-002299,import,AEJEA,SGSIN,2,5696.862,CUST-037,in_transit,USD,false
tnt_demo,SHP-002300,export,INMAA,USNYC,5,18343.383,CUST-031,in_transit,INR,false
tnt_demo,SHP-002301,import,SGSIN,CNSHA,4,15388.158,CUST-015,in_transit,INR,false
tnt_demo,SHP-002302,import,NLRTM,AEJEA,4,18612.345,CUST-039,booked,USD,true
tnt_demo,SHP-002303,import,SGSIN,INMUN,2,1133.832,CUST-015,in_transit,INR,false
tnt_demo,SHP-002304,import,CNSHA,INNSA,6,2210.182,CUST-031,booked,USD,false
tnt_demo,SHP-002305,export,INMAA,INNSA,4,,CUST-033,booked,USD,false
tnt_acme,SHP-002306,import,CNSHA,AEJEA,6,15188.584,CUST-009,arrived,USD,true
tnt_demo,SHP-002307,export,INMAA,INMUN,4,7160.740,CUST-017,booked,USD,false
tnt_demo,SHP-002308,export,INNSA,INMAA,5,,CUST-031,delivered,AED,false
tnt_demo,SHP-002309,import,AEJEA,SGSIN,2,2992.408,CUST-003,in_transit,INR,true
tnt_demo,SHP-002310,import,SGSIN,CNSHA,4,8960.774,CUST-012,delivered,EUR,false
tnt_demo,SHP-002311,export,INMAA,INMUN,3,12576.728,CUST-024,booked,USD,false
tnt_demo,SHP-002312,import,NLRTM,INMAA,3,4148.985,CUST-001,booked,EUR,false
tnt_demo,SHP-002313,import,CNSHA,USNYC,2,9146.196,CUST-004,booked,USD,false
tnt_demo,SHP-002314,import,SGSIN,INMAA,5,17785.600,CUST-020,arrived,EUR,false
tnt_demo,SHP-002315,export,INNSA,INMAA,1,19339.266,CUST-001,in_transit,USD,false
tnt_demo,SHP-002316,import,NLRTM,CNSHA,6,9115.704,CUST-012,in_transit,USD,false
tnt_demo,SHP-002317,export,INNSA,USNYC,1,9399.412,CUST-010,booked,INR,false
tnt_demo,SHP-002318,export,INNSA,INMUN,6,12272.927,CUST-013,booked,USD,false
tnt_demo,SHP-002319,import,SGSIN,INMAA,4,4461.113,CUST-048,in_transit,USD,false
tnt_demo,SHP-002320,import,AEJEA,INMAA,3,14492.763,CUST-040,booked,USD,false
tnt_acme,SHP-002321,export,INMAA,INNSA,2,13700.729,CUST-039,booked,EUR,false
tnt_demo,SHP-002322,import,CNSHA,SGSIN,4,9918.176,CUST-039,booked,INR,false
tnt_demo,SHP-002323,export,INNSA,NLRTM,6,5636.467,CUST-050,booked,INR,false
tnt_demo,SHP-002324,import,CNSHA,USNYC,4,7104.673,CUST-020,in_transit,INR,false
tnt_demo,SHP-002325,export,INNSA,INMUN,2,11338.575,CUST-009,booked,INR,false
tnt_demo,SHP-002326,import,SGSIN,NLRTM,2,7384.480,CUST-008,in_transit,INR,false
tnt_demo,SHP-002327,import,NLRTM,INMUN,2,18108.637,CUST-042,booked,INR,false
tnt_demo,SHP-002328,import,AEJEA,USNYC,3,,CUST-007,delivered,INR,false
tnt_demo,SHP-002329,export,INMAA,DEHAM,2,11913.022,CUST-021,in_transit,EUR,false
tnt_demo,SHP-002330,export,INMAA,AEJEA,1,9378.842,CUST-048,in_transit,INR,false
tnt_demo,SHP-002331,import,CNSHA,INMAA,2,9211.623,CUST-028,delivered,USD,true
tnt_demo,SHP-002332,export,INMAA,DEHAM,6,18569.373,CUST-012,in_transit,USD,false
tnt_demo,SHP-002333,export,INNSA,DEHAM,2,23156.045,CUST-046,in_transit,INR,false
tnt_demo,SHP-002334,export,INNSA,SGSIN,3,1743.070,CUST-028,in_transit,USD,false
tnt_acme,SHP-002335,import,CNSHA,DEHAM,4,17948.174,CUST-012,in_transit,USD,false
tnt_demo,SHP-002336,export,INNSA,USNYC,5,19021.450,CUST-049,booked,INR,false
tnt_demo,SHP-002337,import,SGSIN,USNYC,3,24212.693,CUST-011,booked,INR,false
tnt_demo,SHP-002338,import,USNYC,CNSHA,3,13071.908,CUST-011,arrived,INR,false
tnt_demo,SHP-002339,import,DEHAM,INMUN,1,13843.294,CUST-036,arrived,USD,false
tnt_demo,SHP-002340,import,AEJEA,USNYC,5,5737.880,CUST-016,in_transit,USD,false
tnt_demo,SHP-002341,import,CNSHA,USNYC,1,15447.011,CUST-044,arrived,USD,false
tnt_demo,SHP-002342,import,SGSIN,INNSA,2,6458.008,CUST-022,in_transit,USD,false
tnt_demo,SHP-002343,export,INMAA,INNSA,2,22566.998,CUST-027,in_transit,USD,false
tnt_demo,SHP-002344,export,INNSA,SGSIN,3,22964.138,CUST-048,in_transit,INR,false
tnt_demo,SHP-002345,export,INMAA,INNSA,1,23567.221,CUST-025,booked,USD,false
tnt_demo,SHP-002346,export,INNSA,INMUN,5,14586.051,CUST-012,booked,EUR,false
tnt_demo,SHP-002347,import,NLRTM,USNYC,1,22512.762,CUST-006,booked,USD,false
tnt_demo,SHP-002348,import,CNSHA,AEJEA,4,15464.642,CUST-023,in_transit,EUR,false
tnt_demo,SHP-002349,export,INNSA,INMUN,3,9143.254,CUST-006,arrived,EUR,false
tnt_demo,SHP-002350,export,INNSA,NLRTM,5,6134.179,CUST-035,delivered,EUR,false
tnt_demo,SHP-002351,export,INNSA,INMAA,1,16171.769,CUST-027,in_transit,USD,false
tnt_demo,SHP-002352,import,SGSIN,NLRTM,5,13389.354,CUST-033,arrived,EUR,false
tnt_demo,SHP-002353,export,INNSA,NLRTM,1,1690.006,CUST-036,booked,USD,false
tnt_demo,SHP-002354,import,NLRTM,INNSA,6,23154.216,CUST-004,arrived,USD,false
tnt_demo,SHP-002355,import,SGSIN,CNSHA,2,10209.365,CUST-002,booked,INR,false
tnt_demo,SHP-002356,export,INNSA,SGSIN,6,3887.713,CUST-034,in_transit,INR,false
tnt_demo,SHP-002357,export,INNSA,DEHAM,4,17348.410,CUST-023,booked,USD,false
tnt_demo,SHP-002358,export,INNSA,DEHAM,2,8308.423,CUST-026,booked,INR,false
tnt_demo,SHP-002359,import,NLRTM,INMAA,4,14196.390,CUST-004,in_transit,USD,false
tnt_demo,SHP-002360,import,CNSHA,NLRTM,2,20117.079,CUST-003,arrived,INR,false
tnt_demo,SHP-002361,export,INNSA,NLRTM,6,6727.431,CUST-017,in_transit,USD,false
tnt_demo,SHP-002362,import,SGSIN,DEHAM,2,9156.257,CUST-029,booked,EUR,false
tnt_demo,SHP-002363,import,SGSIN,INMUN,1,23001.870,CUST-008,in_transit,USD,false
tnt_demo,SHP-002364,import,DEHAM,AEJEA,5,8962.875,CUST-023,in_transit,USD,false
tnt_demo,SHP-002365,import,SGSIN,CNSHA,1,24141.102,CUST-018,in_transit,USD,false
tnt_demo,SHP-002366,export,INNSA,INMAA,5,1036.321,CUST-032,booked,USD,false
tnt_demo,SHP-002367,import,AEJEA,NLRTM,2,10694.265,CUST-029,in_transit,INR,false
tnt_demo,SHP-002368,import,CNSHA,USNYC,6,7543.514,CUST-035,in_transit,AED,false
tnt_acme,SHP-002369,export,INNSA,USNYC,1,18596.785,CUST-007,booked,USD,false
tnt_demo,SHP-002370,import,CNSHA,DEHAM,2,22473.387,CUST-020,delivered,INR,true
tnt_demo,SHP-002371,import,SGSIN,INMAA,2,23532.770,CUST-022,arrived,USD,false
tnt_demo,SHP-002372,import,CNSHA,DEHAM,6,20602.588,CUST-031,in_transit,INR,true
tnt_demo,SHP-002373,import,CNSHA,DEHAM,3,8625.108,CUST-011,booked,USD,false
tnt_demo,SHP-002374,export,INNSA,USNYC,2,7050.895,CUST-035,in_transit,INR,false
tnt_demo,SHP-002375,import,CNSHA,DEHAM,4,22890.314,CUST-022,in_transit,INR,false
tnt_demo,SHP-002376,export,INNSA,AEJEA,1,5638.728,CUST-024,in_transit,USD,false
tnt_demo,SHP-002377,export,INNSA,USNYC,4,16941.631,CUST-029,booked,INR,false
tnt_demo,SHP-002378,import,SGSIN,INMAA,4,14301.464,CUST-023,in_transit,INR,false
tnt_demo,SHP-002379,export,INMAA,INMUN,3,3984.645,CUST-034,booked,EUR,false
tnt_demo,SHP-002380,import,CNSHA,AEJEA,2,15037.400,CUST-032,booked,INR,false
tnt_acme,SHP-002381,export,INNSA,INMUN,1,17533.053,CUST-034,in_transit,USD,false
tnt_demo,SHP-002382,export,INMAA,INNSA,5,11531.106,CUST-043,booked,USD,false
tnt_demo,SHP-002383,export,INNSA,AEJEA,3,14199.420,CUST-020,in_transit,USD,false
tnt_demo,SHP-002384,import,USNYC,NLRTM,4,16684.976,CUST-038,arrived,USD,false
tnt_demo,SHP-002385,export,INMAA,AEJEA,1,12627.719,CUST-046,in_transit,USD,false
tnt_demo,SHP-002386,export,INNSA,CNSHA,1,18349.342,CUST-049,in_transit,INR,false
tnt_demo,SHP-002387,import,DEHAM,INMAA,5,24900.950,CUST-011,in_transit,USD,false
tnt_demo,SHP-002388,export,INNSA,USNYC,6,5286.696,CUST-021,in_transit,USD,false
tnt_acme,SHP-002389,export,INNSA,SGSIN,6,7585.337,CUST-041,arrived,USD,true
tnt_demo,SHP-002390,export,INMUN,INMAA,3,24341.726,CUST-007,in_transit,USD,false
tnt_demo,SHP-002391,import,SGSIN,DEHAM,5,9727.838,CUST-032,arrived,INR,false
tnt_demo,SHP-002392,export,INMAA,DEHAM,3,15023.200,CUST-035,in_transit,EUR,false
tnt_demo,SHP-002393,import,NLRTM,USNYC,3,1101.285,CUST-021,in_transit,USD,false
tnt_demo,SHP-002394,export,INNSA,SGSIN,5,23820.080,CUST-006,booked,INR,false
tnt_demo,SHP-002395,export,INNSA,SGSIN,4,4651.458,CUST-001,arrived,INR,false
tnt_demo,SHP-002396,export,INNSA,CNSHA,1,13349.293,CUST-040,in_transit,USD,false
tnt_demo,SHP-002397,import,SGSIN,AEJEA,6,18712.677,CUST-023,arrived,USD,false
tnt_demo,SHP-002398,import,AEJEA,INNSA,4,24066.021,CUST-041,in_transit,USD,false
tnt_demo,SHP-002399,export,INNSA,SGSIN,6,8500.224,CUST-030,in_transit,EUR,false
tnt_demo,SHP-002400,export,INNSA,INMUN,3,10368.534,CUST-022,delivered,EUR,false
tnt_demo,SHP-002401,import,SGSIN,AEJEA,2,16926.932,CUST-035,in_transit,AED,true
tnt_demo,SHP-002402,import,CNSHA,INNSA,2,,CUST-014,booked,INR,false
tnt_demo,SHP-002403,export,INNSA,DEHAM,1,23913.577,CUST-029,arrived,AED,false
tnt_demo,SHP-002404,import,AEJEA,CNSHA,1,12154.856,CUST-043,booked,USD,false
tnt_demo,SHP-002405,import,SGSIN,CNSHA,6,12468.524,CUST-048,booked,USD,false
tnt_acme,SHP-002406,import,DEHAM,SGSIN,2,12978.455,CUST-001,in_transit,USD,false
tnt_demo,SHP-002407,import,NLRTM,SGSIN,4,16358.165,CUST-042,delivered,INR,false
tnt_acme,SHP-002408,import,CNSHA,AEJEA,3,22709.238,CUST-027,booked,USD,false
tnt_demo,SHP-002409,import,SGSIN,CNSHA,3,8743.535,CUST-014,arrived,USD,false
tnt_demo,SHP-002410,export,INNSA,SGSIN,5,15555.507,CUST-037,in_transit,INR,false
tnt_demo,SHP-002411,export,INNSA,SGSIN,6,11094.585,CUST-016,arrived,INR,false
tnt_demo,SHP-002412,export,INNSA,INMAA,3,4173.323,CUST-044,in_transit,USD,false
tnt_demo,SHP-002413,import,CNSHA,SGSIN,2,,CUST-016,arrived,USD,false
tnt_demo,SHP-002414,import,SGSIN,CNSHA,1,21165.179,CUST-032,in_transit,INR,false
tnt_demo,SHP-002415,import,CNSHA,INMUN,2,19588.946,CUST-030,arrived,USD,false
tnt_demo,SHP-002416,import,NLRTM,INMUN,5,5446.641,CUST-009,in_transit,USD,false
tnt_demo,SHP-002417,export,INNSA,AEJEA,3,2122.582,CUST-030,booked,EUR,false
tnt_demo,SHP-002418,export,INMUN,AEJEA,3,8350.989,CUST-014,in_transit,EUR,false
tnt_demo,SHP-002419,import,CNSHA,INMUN,6,20722.323,CUST-009,in_transit,EUR,false
tnt_demo,SHP-002420,export,INNSA,NLRTM,5,13995.046,CUST-016,in_transit,USD,false
tnt_demo,SHP-002421,import,CNSHA,AEJEA,5,21069.992,CUST-027,in_transit,INR,false
tnt_demo,SHP-002422,export,INNSA,INMAA,2,23595.648,CUST-028,in_transit,EUR,false
tnt_demo,SHP-002423,export,INNSA,INMAA,5,4213.650,CUST-007,in_transit,USD,false
tnt_demo,SHP-002424,import,DEHAM,INNSA,4,19877.604,CUST-018,booked,EUR,false
tnt_demo,SHP-002425,import,CNSHA,NLRTM,5,17829.633,CUST-002,in_transit,USD,false
tnt_demo,SHP-002426,import,CNSHA,AEJEA,6,8575.512,CUST-003,arrived,USD,false
tnt_acme,SHP-002427,export,INMAA,SGSIN,4,21590.097,CUST-035,arrived,AED,false
tnt_demo,SHP-002428,export,INMAA,INNSA,2,,CUST-024,in_transit,USD,false
tnt_demo,SHP-002429,import,SGSIN,NLRTM,5,23204.713,CUST-034,booked,USD,false
tnt_demo,SHP-002430,export,INNSA,SGSIN,2,22148.798,CUST-023,in_transit,INR,false
tnt_demo,SHP-002431,import,SGSIN,INNSA,5,7880.636,CUST-040,booked,INR,false
tnt_demo,SHP-002432,import,CNSHA,NLRTM,2,,CUST-016,booked,USD,false
tnt_demo,SHP-002433,import,DEHAM,NLRTM,5,8599.001,CUST-029,booked,USD,false
tnt_demo,SHP-002434,import,CNSHA,INMAA,6,7813.474,CUST-024,in_transit,EUR,false
tnt_demo,SHP-002435,import,CNSHA,AEJEA,1,4388.387,CUST-022,arrived,USD,false
tnt_demo,SHP-002436,export,INNSA,SGSIN,5,23512.620,CUST-037,in_transit,INR,false
tnt_demo,SHP-002437,export,INMUN,INNSA,5,3408.925,CUST-042,booked,EUR,true
tnt_demo,SHP-002438,export,INNSA,DEHAM,5,10892.964,CUST-021,booked,USD,false
tnt_demo,SHP-002439,export,INNSA,USNYC,4,1759.455,CUST-003,booked,INR,false
tnt_demo,SHP-002440,import,CNSHA,DEHAM,6,6845.188,CUST-046,booked,USD,false
tnt_demo,SHP-002441,import,CNSHA,NLRTM,1,17168.582,CUST-018,booked,EUR,false
tnt_demo,SHP-002442,export,INNSA,CNSHA,2,3102.479,CUST-031,in_transit,USD,false
tnt_demo,SHP-002443,export,INNSA,AEJEA,1,15536.261,CUST-042,arrived,AED,false
tnt_acme,SHP-002444,import,SGSIN,USNYC,2,9880.624,CUST-039,booked,INR,false
tnt_demo,SHP-002445,import,NLRTM,INMUN,2,7874.594,CUST-025,arrived,INR,false
tnt_demo,SHP-002446,import,CNSHA,NLRTM,2,,CUST-020,arrived,INR,false
tnt_demo,SHP-002447,export,INNSA,USNYC,6,22979.316,CUST-017,in_transit,USD,false
tnt_demo,SHP-002448,export,INNSA,INMAA,1,11140.487,CUST-044,booked,USD,false
tnt_demo,SHP-002449,export,INNSA,CNSHA,6,19112.485,CUST-013,booked,INR,false
tnt_demo,SHP-002450,import,DEHAM,CNSHA,2,17321.663,CUST-045,delivered,INR,false
tnt_demo,SHP-002451,export,INNSA,DEHAM,4,8459.473,CUST-008,booked,AED,false
tnt_demo,SHP-002452,export,INMUN,USNYC,1,,CUST-012,booked,EUR,false
tnt_demo,SHP-002453,export,INNSA,CNSHA,4,4499.727,CUST-033,arrived,USD,false
tnt_demo,SHP-002454,export,INNSA,USNYC,3,24121.688,CUST-005,booked,INR,false
tnt_demo,SHP-002455,import,SGSIN,INNSA,1,10683.462,CUST-050,delivered,EUR,false
tnt_demo,SHP-002456,export,INMUN,DEHAM,6,7463.252,CUST-039,in_transit,INR,false
tnt_demo,SHP-002457,export,INNSA,AEJEA,2,730.445,CUST-037,booked,EUR,false
tnt_demo,SHP-002458,export,INMAA,NLRTM,1,11932.178,CUST-013,booked,USD,false
tnt_acme,SHP-002459,import,CNSHA,NLRTM,1,23031.353,CUST-002,delivered,USD,false
tnt_acme,SHP-002460,export,INNSA,USNYC,4,8101.904,CUST-019,in_transit,INR,false
tnt_demo,SHP-002461,export,INMUN,INMAA,2,7051.864,CUST-021,booked,EUR,true
tnt_acme,SHP-002462,export,INNSA,USNYC,5,838.771,CUST-043,arrived,USD,false
tnt_demo,SHP-002463,import,AEJEA,NLRTM,6,20907.428,CUST-034,arrived,INR,false
tnt_demo,SHP-002464,export,INNSA,SGSIN,5,18237.032,CUST-018,delivered,AED,false
tnt_demo,SHP-002465,export,INNSA,CNSHA,3,3611.861,CUST-032,booked,INR,false
tnt_demo,SHP-002466,import,NLRTM,INMAA,4,14418.442,CUST-041,in_transit,USD,false
tnt_demo,SHP-002467,export,INNSA,SGSIN,3,1868.561,CUST-021,in_transit,USD,false
tnt_demo,SHP-002468,import,CNSHA,SGSIN,2,20520.409,CUST-042,booked,AED,false
tnt_demo,SHP-002469,export,INNSA,NLRTM,1,,CUST-006,in_transit,INR,false
tnt_demo,SHP-002470,import,USNYC,NLRTM,4,5469.113,CUST-030,in_transit,AED,true
tnt_demo,SHP-002471,export,INNSA,INMAA,4,5902.969,CUST-034,booked,USD,false
tnt_demo,SHP-002472,import,USNYC,CNSHA,5,23813.290,CUST-049,in_transit,AED,false
tnt_demo,SHP-002473,import,CNSHA,SGSIN,5,17366.335,CUST-033,in_transit,EUR,false
tnt_demo,SHP-002474,export,INMUN,NLRTM,3,9603.189,CUST-008,in_transit,INR,true
tnt_demo,SHP-002475,export,INNSA,CNSHA,6,13818.506,CUST-039,in_transit,INR,false
tnt_demo,SHP-002476,import,SGSIN,CNSHA,1,3436.095,CUST-014,in_transit,AED,false
tnt_demo,SHP-002477,export,INNSA,NLRTM,5,11445.251,CUST-012,in_transit,USD,false
tnt_demo,SHP-002478,export,INNSA,NLRTM,3,6880.947,CUST-010,delivered,INR,false
tnt_acme,SHP-002479,export,INNSA,SGSIN,1,997.952,CUST-018,in_transit,EUR,false
tnt_demo,SHP-002480,import,SGSIN,INMUN,3,3123.442,CUST-013,in_transit,INR,false
tnt_demo,SHP-002481,export,INNSA,USNYC,4,8202.274,CUST-004,delivered,USD,false
tnt_demo,SHP-002482,export,INNSA,AEJEA,6,24808.575,CUST-042,delivered,INR,false
tnt_demo,SHP-002483,export,INNSA,AEJEA,1,11801.908,CUST-032,delivered,USD,false
tnt_demo,SHP-002484,import,DEHAM,INMAA,1,12629.685,CUST-037,in_transit,USD,false
tnt_demo,SHP-002485,import,NLRTM,INMUN,3,8419.235,CUST-037,arrived,AED,false
tnt_demo,SHP-002486,import,CNSHA,DEHAM,1,20896.409,CUST-025,booked,EUR,false
tnt_demo,SHP-002487,import,SGSIN,DEHAM,3,14098.925,CUST-041,in_transit,USD,false
tnt_demo,SHP-002488,import,USNYC,AEJEA,2,10897.578,CUST-050,arrived,USD,false
tnt_demo,SHP-002489,export,INNSA,AEJEA,4,7542.985,CUST-024,delivered,USD,false
tnt_demo,SHP-002490,import,DEHAM,NLRTM,6,4498.355,CUST-010,booked,INR,true
tnt_demo,SHP-002491,export,INMUN,DEHAM,3,23917.359,CUST-040,booked,EUR,false
tnt_demo,SHP-002492,export,INNSA,INMUN,4,5958.570,CUST-017,in_transit,INR,false
tnt_demo,SHP-002493,import,NLRTM,INMAA,3,2353.256,CUST-029,arrived,INR,false
tnt_demo,SHP-002494,import,CNSHA,USNYC,3,16429.013,CUST-033,in_transit,USD,false
tnt_demo,SHP-002495,export,INNSA,SGSIN,4,3481.266,CUST-035,in_transit,INR,false
tnt_demo,SHP-002496,export,INNSA,INMUN,1,5014.165,CUST-039,arrived,USD,false
tnt_acme,SHP-002497,export,INNSA,NLRTM,4,21850.636,CUST-029,arrived,INR,false
tnt_demo,SHP-002498,export,INNSA,NLRTM,6,2601.664,CUST-001,in_transit,INR,false
tnt_demo,SHP-002499,export,INNSA,SGSIN,6,10514.840,CUST-033,in_transit,EUR,false
tnt_demo,SHP-002500,import,CNSHA,NLRTM,6,24027.624,CUST-043,in_transit,USD,false
tnt_demo,SHP-002501,import,SGSIN,NLRTM,1,10818.273,CUST-023,booked,INR,false
tnt_demo,SHP-002502,export,INNSA,CNSHA,4,3104.391,CUST-018,delivered,USD,false
tnt_demo,SHP-002503,import,USNYC,INNSA,6,12793.036,CUST-038,in_transit,USD,true
tnt_demo,SHP-002504,export,INNSA,DEHAM,4,6140.846,CUST-003,arrived,USD,false
tnt_demo,SHP-002505,export,INMUN,DEHAM,2,22024.465,CUST-008,arrived,USD,false
tnt_demo,SHP-002506,export,INNSA,INMAA,1,6473.768,CUST-002,in_transit,USD,false
tnt_acme,SHP-002507,import,SGSIN,INMUN,3,,CUST-008,booked,INR,false
tnt_demo,SHP-002508,import,CNSHA,INMUN,3,24082.670,CUST-018,booked,INR,false
tnt_demo,SHP-002509,export,INNSA,DEHAM,3,17383.335,CUST-016,in_transit,USD,false
tnt_demo,SHP-002510,import,SGSIN,NLRTM,5,,CUST-004,booked,AED,false
tnt_demo,SHP-002511,export,INMAA,SGSIN,6,10439.065,CUST-039,delivered,INR,false
tnt_demo,SHP-002512,export,INNSA,INMUN,3,6456.438,CUST-043,booked,USD,false
tnt_demo,SHP-002513,import,CNSHA,INNSA,5,11952.808,CUST-008,in_transit,INR,false
tnt_demo,SHP-002514,export,INNSA,NLRTM,2,750.711,CUST-023,in_transit,INR,false
tnt_demo,SHP-002515,export,INNSA,NLRTM,2,20560.034,CUST-048,booked,USD,false
tnt_demo,SHP-002516,import,CNSHA,INMAA,6,1727.007,CUST-002,booked,USD,false
tnt_demo,SHP-002517,import,AEJEA,NLRTM,5,18378.423,CUST-023,booked,USD,false
tnt_demo,SHP-002518,import,SGSIN,NLRTM,5,3769.898,CUST-009,in_transit,USD,false
tnt_demo,SHP-002519,import,CNSHA,INMUN,1,10554.489,CUST-044,booked,INR,false
tnt_demo,SHP-002520,import,AEJEA,NLRTM,3,,CUST-029,in_transit,USD,false
tnt_demo,SHP-002521,export,INNSA,NLRTM,3,9556.542,CUST-047,booked,EUR,true
tnt_demo,SHP-002522,export,INNSA,AEJEA,4,1499.893,CUST-046,in_transit,INR,false
tnt_demo,SHP-002523,export,INMAA,SGSIN,1,15278.716,CUST-026,booked,EUR,false
tnt_demo,SHP-002524,export,INMAA,INMUN,4,22251.888,CUST-045,in_transit,USD,false
tnt_demo,SHP-002525,import,SGSIN,DEHAM,3,4930.331,CUST-033,in_transit,INR,false
tnt_demo,SHP-002526,export,INMUN,DEHAM,4,7889.048,CUST-047,in_transit,INR,false
tnt_demo,SHP-002527,import,NLRTM,CNSHA,1,14319.908,CUST-049,booked,INR,false
tnt_demo,SHP-002528,import,SGSIN,INMUN,3,5430.399,CUST-032,booked,USD,false
tnt_demo,SHP-002529,import,CNSHA,INMAA,5,23704.191,CUST-039,delivered,INR,false
tnt_demo,SHP-002530,export,INMUN,NLRTM,1,21968.043,CUST-023,arrived,USD,true
tnt_demo,SHP-002531,export,INNSA,INMUN,6,20396.590,CUST-042,in_transit,USD,false
tnt_demo,SHP-002532,import,NLRTM,AEJEA,6,10742.159,CUST-022,delivered,USD,false
tnt_demo,SHP-002533,export,INMAA,DEHAM,2,,CUST-009,arrived,INR,false
tnt_demo,SHP-002534,export,INMAA,INMUN,4,3865.873,CUST-017,booked,INR,false
tnt_demo,SHP-002535,import,CNSHA,INMAA,4,2508.140,CUST-042,in_transit,USD,false
tnt_demo,SHP-002536,export,INMAA,DEHAM,1,2187.496,CUST-038,booked,INR,false
tnt_demo,SHP-002537,export,INMAA,CNSHA,3,17323.020,CUST-026,arrived,USD,false
tnt_demo,SHP-002538,export,INNSA,INMUN,3,7211.546,CUST-023,in_transit,USD,false
tnt_demo,SHP-002539,export,INMUN,USNYC,3,19583.574,CUST-023,in_transit,INR,false
tnt_acme,SHP-002540,export,INNSA,SGSIN,2,21431.588,CUST-032,in_transit,USD,false
tnt_demo,SHP-002541,import,SGSIN,INMAA,4,13369.992,CUST-046,booked,USD,false
tnt_demo,SHP-002542,export,INNSA,NLRTM,5,19163.754,CUST-049,in_transit,USD,false
tnt_demo,SHP-002543,import,SGSIN,INMAA,4,20911.230,CUST-021,booked,USD,false
tnt_demo,SHP-002544,import,DEHAM,AEJEA,4,20365.302,CUST-007,booked,EUR,false
tnt_demo,SHP-002545,export,INNSA,CNSHA,3,,CUST-048,in_transit,INR,false
tnt_demo,SHP-002546,export,INNSA,USNYC,3,21590.207,CUST-048,in_transit,USD,false
tnt_demo,SHP-002547,export,INMAA,NLRTM,1,14173.481,CUST-037,in_transit,INR,false
tnt_demo,SHP-002548,export,INNSA,INMUN,3,18674.389,CUST-037,delivered,INR,false
tnt_demo,SHP-002549,import,NLRTM,USNYC,6,13324.201,CUST-026,booked,USD,false
tnt_demo,SHP-002550,import,NLRTM,CNSHA,6,,CUST-018,arrived,USD,false
tnt_demo,SHP-002551,import,CNSHA,INMUN,5,6348.985,CUST-040,in_transit,USD,false
tnt_demo,SHP-002552,export,INNSA,NLRTM,2,8786.497,CUST-046,delivered,INR,false
tnt_demo,SHP-002553,export,INNSA,SGSIN,4,12386.461,CUST-013,in_transit,USD,false
tnt_demo,SHP-002554,export,INNSA,SGSIN,3,18626.448,CUST-012,delivered,EUR,false
tnt_demo,SHP-002555,export,INMUN,INNSA,3,8340.047,CUST-021,booked,AED,false
tnt_demo,SHP-002556,import,AEJEA,INMUN,4,2418.604,CUST-013,booked,USD,false
tnt_demo,SHP-002557,import,CNSHA,DEHAM,1,7757.144,CUST-001,in_transit,AED,false
tnt_demo,SHP-002558,import,DEHAM,CNSHA,6,7493.933,CUST-019,in_transit,EUR,false
tnt_demo,SHP-002559,export,INNSA,USNYC,2,20373.644,CUST-028,arrived,USD,false
tnt_demo,SHP-002560,export,INMUN,SGSIN,6,19974.616,CUST-032,delivered,USD,false
tnt_demo,SHP-002561,export,INNSA,AEJEA,3,3453.521,CUST-047,in_transit,USD,false
tnt_demo,SHP-002562,export,INNSA,SGSIN,6,18614.728,CUST-015,in_transit,AED,false
tnt_demo,SHP-002563,export,INNSA,NLRTM,1,19765.183,CUST-035,in_transit,INR,false
tnt_demo,SHP-002564,export,INNSA,USNYC,1,1157.381,CUST-024,in_transit,INR,false
tnt_demo,SHP-002565,export,INMAA,AEJEA,6,19370.220,CUST-004,delivered,INR,false
tnt_demo,SHP-002566,import,SGSIN,CNSHA,3,12478.342,CUST-020,in_transit,USD,false
tnt_demo,SHP-002567,export,INMUN,NLRTM,5,,CUST-031,booked,USD,false
tnt_demo,SHP-002568,export,INNSA,CNSHA,5,23390.930,CUST-002,booked,EUR,false
tnt_demo,SHP-002569,import,SGSIN,INMUN,4,15568.381,CUST-009,arrived,INR,false
tnt_demo,SHP-002570,export,INNSA,AEJEA,3,22688.574,CUST-048,in_transit,USD,false
tnt_demo,SHP-002571,export,INNSA,INMAA,5,20462.631,CUST-035,in_transit,USD,false
tnt_demo,SHP-002572,import,CNSHA,INMAA,4,3224.213,CUST-020,booked,USD,false
tnt_demo,SHP-002573,export,INNSA,DEHAM,2,594.266,CUST-012,arrived,USD,false
tnt_demo,SHP-002574,export,INNSA,AEJEA,1,13698.710,CUST-048,booked,USD,false
tnt_acme,SHP-002575,import,AEJEA,DEHAM,4,24378.493,CUST-010,delivered,EUR,false
tnt_demo,SHP-002576,import,SGSIN,INMAA,1,1204.541,CUST-013,arrived,INR,false
tnt_acme,SHP-002577,import,CNSHA,INMUN,2,19787.123,CUST-049,booked,INR,false
tnt_demo,SHP-002578,import,CNSHA,INMAA,5,2666.860,CUST-040,in_transit,USD,false
tnt_acme,SHP-002579,export,INNSA,AEJEA,4,19481.199,CUST-031,in_transit,USD,false
tnt_demo,SHP-002580,import,CNSHA,SGSIN,3,24106.266,CUST-018,in_transit,INR,false
tnt_demo,SHP-002581,export,INNSA,SGSIN,5,8731.159,CUST-047,booked,USD,false
tnt_demo,SHP-002582,export,INNSA,NLRTM,4,10236.992,CUST-044,booked,USD,false
tnt_demo,SHP-002583,export,INNSA,USNYC,2,19865.890,CUST-038,in_transit,AED,false
tnt_demo,SHP-002584,import,CNSHA,NLRTM,5,15146.551,CUST-022,arrived,USD,false
tnt_demo,SHP-002585,export,INMAA,SGSIN,3,24997.707,CUST-007,booked,USD,false
tnt_demo,SHP-002586,export,INNSA,CNSHA,5,23851.171,CUST-002,booked,EUR,false
tnt_acme,SHP-002587,import,DEHAM,NLRTM,3,22392.899,CUST-015,booked,USD,false
tnt_demo,SHP-002588,export,INNSA,CNSHA,3,,CUST-006,booked,INR,false
tnt_demo,SHP-002589,export,INMAA,INMUN,3,19029.664,CUST-038,in_transit,USD,true
tnt_demo,SHP-002590,export,INNSA,USNYC,1,1445.037,CUST-012,booked,INR,false
tnt_demo,SHP-002591,export,INNSA,AEJEA,2,6263.721,CUST-020,in_transit,EUR,false
tnt_demo,SHP-002592,import,NLRTM,DEHAM,1,5790.202,CUST-033,arrived,USD,false
tnt_demo,SHP-002593,import,SGSIN,INMUN,4,16038.735,CUST-027,booked,USD,false
tnt_demo,SHP-002594,import,SGSIN,CNSHA,1,20611.178,CUST-033,in_transit,INR,false
tnt_acme,SHP-002595,export,INNSA,USNYC,1,16851.728,CUST-008,in_transit,INR,false
tnt_demo,SHP-002596,export,INNSA,INMAA,5,9425.095,CUST-010,in_transit,EUR,false
tnt_demo,SHP-002597,export,INNSA,SGSIN,4,5716.827,CUST-015,delivered,EUR,false
tnt_demo,SHP-002598,export,INNSA,INMUN,3,7003.661,CUST-050,in_transit,USD,false
tnt_demo,SHP-002599,import,SGSIN,DEHAM,1,14903.902,CUST-047,booked,INR,false
tnt_demo,SHP-002600,import,CNSHA,DEHAM,3,5718.476,CUST-008,booked,USD,false
tnt_demo,SHP-002601,import,SGSIN,INMUN,1,2391.266,CUST-011,in_transit,INR,false
tnt_acme,SHP-002602,export,INMAA,SGSIN,2,3013.557,CUST-002,arrived,USD,false
tnt_demo,SHP-002603,export,INNSA,INMUN,3,9522.083,CUST-009,arrived,INR,false
tnt_demo,SHP-002604,export,INMUN,SGSIN,1,20650.187,CUST-011,delivered,EUR,false
tnt_demo,SHP-002605,import,CNSHA,AEJEA,3,23714.200,CUST-001,in_transit,INR,false
tnt_acme,SHP-002606,export,INMAA,USNYC,2,24462.548,CUST-017,in_transit,USD,false
tnt_demo,SHP-002607,import,DEHAM,INMAA,3,14499.080,CUST-050,arrived,EUR,false
tnt_demo,SHP-002608,export,INNSA,USNYC,3,1363.119,CUST-030,in_transit,USD,false
tnt_demo,SHP-002609,export,INNSA,INMAA,1,20391.051,CUST-035,in_transit,INR,false
tnt_demo,SHP-002610,export,INMAA,USNYC,1,14068.489,CUST-039,booked,EUR,false
tnt_demo,SHP-002611,import,SGSIN,INMUN,6,21187.451,CUST-050,in_transit,EUR,false
tnt_demo,SHP-002612,import,SGSIN,CNSHA,4,14284.721,CUST-025,arrived,INR,false
tnt_demo,SHP-002613,export,INMAA,CNSHA,1,22316.427,CUST-003,in_transit,INR,false
tnt_demo,SHP-002614,import,SGSIN,AEJEA,6,,CUST-040,booked,AED,false
tnt_demo,SHP-002615,import,SGSIN,INMUN,6,3531.028,CUST-030,in_transit,INR,false
tnt_demo,SHP-002616,import,SGSIN,DEHAM,4,12241.405,CUST-016,in_transit,INR,false
tnt_demo,SHP-002617,export,INNSA,DEHAM,1,19717.190,CUST-042,in_transit,INR,false
tnt_demo,SHP-002618,export,INMAA,NLRTM,6,13370.237,CUST-039,delivered,INR,true
tnt_acme,SHP-002619,import,SGSIN,INMAA,4,9383.081,CUST-002,arrived,USD,false
tnt_demo,SHP-002620,export,INNSA,USNYC,1,10655.773,CUST-009,arrived,USD,false
tnt_demo,SHP-002621,export,INMAA,CNSHA,2,4156.688,CUST-050,booked,INR,false
tnt_demo,SHP-002622,export,INMAA,INNSA,3,22489.600,CUST-021,in_transit,EUR,false
tnt_demo,SHP-002623,export,INNSA,DEHAM,3,17217.780,CUST-038,booked,USD,true
tnt_demo,SHP-002624,export,INNSA,INMAA,4,21447.721,CUST-011,booked,EUR,false
tnt_demo,SHP-002625,export,INNSA,DEHAM,1,5154.320,CUST-036,delivered,EUR,true
tnt_demo,SHP-002626,export,INNSA,NLRTM,2,23322.891,CUST-016,booked,USD,false
tnt_demo,SHP-002627,export,INMUN,DEHAM,3,20784.697,CUST-008,in_transit,INR,false
tnt_demo,SHP-002628,import,CNSHA,SGSIN,1,5717.885,CUST-011,in_transit,INR,false
tnt_demo,SHP-002629,export,INNSA,USNYC,4,1661.415,CUST-015,in_transit,EUR,false
tnt_demo,SHP-002630,export,INNSA,DEHAM,4,22210.999,CUST-016,in_transit,EUR,false
tnt_acme,SHP-002631,export,INNSA,INMAA,4,5372.457,CUST-011,arrived,INR,false
tnt_demo,SHP-002632,export,INMAA,AEJEA,6,16335.401,CUST-013,arrived,AED,false
tnt_demo,SHP-002633,import,USNYC,CNSHA,6,,CUST-019,in_transit,USD,true
tnt_demo,SHP-002634,import,NLRTM,INNSA,3,5999.926,CUST-018,in_transit,INR,false
tnt_acme,SHP-002635,import,USNYC,DEHAM,5,1848.245,CUST-010,arrived,USD,false
tnt_demo,SHP-002636,import,CNSHA,AEJEA,1,1819.365,CUST-019,delivered,USD,false
tnt_demo,SHP-002637,import,AEJEA,USNYC,6,16320.483,CUST-030,arrived,USD,false
tnt_demo,SHP-002638,export,INNSA,NLRTM,4,4617.804,CUST-022,delivered,USD,false
tnt_demo,SHP-002639,import,DEHAM,INMUN,1,6601.138,CUST-047,in_transit,USD,false
tnt_demo,SHP-002640,export,INNSA,NLRTM,2,,CUST-015,in_transit,USD,false
tnt_demo,SHP-002641,import,CNSHA,INMUN,1,22024.577,CUST-008,in_transit,USD,false
tnt_demo,SHP-002642,import,USNYC,INMAA,4,16035.126,CUST-034,in_transit,USD,false
tnt_demo,SHP-002643,export,INNSA,AEJEA,2,4003.315,CUST-009,in_transit,USD,false
tnt_demo,SHP-002644,export,INNSA,AEJEA,3,10387.027,CUST-031,in_transit,INR,false
tnt_demo,SHP-002645,import,CNSHA,DEHAM,5,16677.098,CUST-001,arrived,EUR,false
tnt_acme,SHP-002646,import,CNSHA,SGSIN,1,6817.638,CUST-024,in_transit,EUR,false
tnt_demo,SHP-002647,export,INNSA,AEJEA,1,17407.116,CUST-015,booked,EUR,false
tnt_demo,SHP-002648,export,INMAA,DEHAM,4,17250.710,CUST-040,in_transit,AED,false
tnt_demo,SHP-002649,import,CNSHA,INMUN,4,23016.448,CUST-049,arrived,INR,false
tnt_demo,SHP-002650,export,INMUN,NLRTM,1,653.844,CUST-008,arrived,USD,false
tnt_acme,SHP-002651,export,INNSA,NLRTM,3,15033.566,CUST-041,booked,INR,false
tnt_demo,SHP-002652,export,INMAA,CNSHA,4,4330.968,CUST-035,booked,INR,false
tnt_demo,SHP-002653,export,INNSA,INMUN,6,17954.287,CUST-003,in_transit,INR,false
tnt_demo,SHP-002654,export,INNSA,SGSIN,4,8382.746,CUST-048,in_transit,USD,false
tnt_demo,SHP-002655,import,CNSHA,INMUN,6,5310.885,CUST-030,booked,USD,false
tnt_acme,SHP-002656,export,INMAA,INNSA,4,22688.474,CUST-014,in_transit,EUR,false
tnt_demo,SHP-002657,import,CNSHA,NLRTM,3,14427.567,CUST-012,in_transit,USD,false
tnt_acme,SHP-002658,export,INNSA,USNYC,5,12099.625,CUST-007,in_transit,USD,true
tnt_demo,SHP-002659,export,INNSA,USNYC,1,6242.392,CUST-013,in_transit,EUR,false
tnt_demo,SHP-002660,export,INNSA,NLRTM,2,9243.662,CUST-035,booked,EUR,false
tnt_demo,SHP-002661,import,NLRTM,INNSA,4,24862.640,CUST-046,in_transit,USD,false
tnt_demo,SHP-002662,export,INNSA,AEJEA,3,3764.669,CUST-024,in_transit,INR,false
tnt_demo,SHP-002663,export,INMAA,NLRTM,4,23166.319,CUST-014,in_transit,USD,false
tnt_demo,SHP-002664,export,INMAA,CNSHA,3,19646.842,CUST-043,in_transit,INR,true
tnt_demo,SHP-002665,import,SGSIN,INMAA,5,819.279,CUST-003,delivered,EUR,false
tnt_demo,SHP-002666,export,INNSA,DEHAM,6,15432.025,CUST-031,in_transit,INR,false
tnt_demo,SHP-002667,import,CNSHA,NLRTM,4,2864.696,CUST-004,arrived,USD,false
tnt_demo,SHP-002668,import,SGSIN,USNYC,6,1512.463,CUST-018,arrived,INR,true
tnt_demo,SHP-002669,export,INNSA,INMAA,5,8703.002,CUST-047,in_transit,USD,false
tnt_demo,SHP-002670,import,SGSIN,INMUN,3,15838.504,CUST-043,arrived,EUR,false
tnt_demo,SHP-002671,import,CNSHA,USNYC,5,1872.780,CUST-009,in_transit,INR,false
tnt_demo,SHP-002672,export,INMAA,SGSIN,6,19135.457,CUST-013,arrived,USD,false
tnt_demo,SHP-002673,import,CNSHA,SGSIN,4,2171.654,CUST-010,arrived,INR,false
tnt_demo,SHP-002674,import,DEHAM,USNYC,2,17313.676,CUST-031,arrived,INR,false
tnt_demo,SHP-002675,import,CNSHA,USNYC,1,10323.313,CUST-004,arrived,INR,false
tnt_demo,SHP-002676,import,DEHAM,INMAA,4,7698.118,CUST-002,in_transit,USD,false
tnt_demo,SHP-002677,import,SGSIN,AEJEA,2,826.937,CUST-002,in_transit,USD,false
tnt_demo,SHP-002678,import,NLRTM,DEHAM,1,21252.140,CUST-024,in_transit,USD,true
tnt_demo,SHP-002679,export,INNSA,INMAA,3,9263.285,CUST-037,in_transit,USD,false
tnt_demo,SHP-002680,import,CNSHA,NLRTM,5,864.723,CUST-020,booked,INR,false
tnt_demo,SHP-002681,export,INNSA,CNSHA,1,7077.982,CUST-004,arrived,EUR,false
tnt_demo,SHP-002682,export,INMAA,CNSHA,5,10727.505,CUST-005,booked,INR,false
tnt_demo,SHP-002683,export,INMUN,CNSHA,4,8173.629,CUST-005,delivered,AED,false
tnt_acme,SHP-002684,import,DEHAM,CNSHA,5,11316.141,CUST-023,in_transit,INR,false
tnt_demo,SHP-002685,export,INNSA,INMUN,5,10024.498,CUST-017,arrived,USD,false
tnt_acme,SHP-002686,export,INNSA,INMAA,5,14844.916,CUST-048,booked,USD,false
tnt_demo,SHP-002687,export,INNSA,INMUN,4,9505.447,CUST-001,arrived,INR,true
tnt_demo,SHP-002688,export,INMAA,DEHAM,5,15280.145,CUST-011,arrived,USD,false
tnt_demo,SHP-002689,export,INNSA,NLRTM,1,14108.871,CUST-041,booked,USD,false
tnt_demo,SHP-002690,export,INNSA,AEJEA,3,10551.257,CUST-049,in_transit,USD,false
tnt_demo,SHP-002691,import,DEHAM,INMAA,4,6153.613,CUST-019,delivered,EUR,false
tnt_acme,SHP-002692,export,INNSA,NLRTM,3,16992.243,CUST-033,booked,USD,false
tnt_demo,SHP-002693,export,INMAA,CNSHA,4,6284.972,CUST-027,delivered,INR,false
tnt_demo,SHP-002694,export,INNSA,INMUN,3,5376.553,CUST-017,delivered,USD,false
tnt_demo,SHP-002695,import,SGSIN,CNSHA,3,17496.354,CUST-050,arrived,USD,false
tnt_demo,SHP-002696,export,INNSA,AEJEA,5,17438.822,CUST-041,in_transit,INR,false
tnt_demo,SHP-002697,import,CNSHA,DEHAM,4,8991.277,CUST-020,in_transit,USD,false
tnt_demo,SHP-002698,export,INMAA,INMUN,5,15839.015,CUST-030,in_transit,AED,false
tnt_demo,SHP-002699,import,CNSHA,NLRTM,5,23773.264,CUST-017,in_transit,USD,true
tnt_demo,SHP-002700,export,INNSA,SGSIN,3,22990.370,CUST-005,in_transit,USD,false
tnt_demo,SHP-002701,export,INMAA,INMUN,1,11793.886,CUST-034,in_transit,USD,false
tnt_demo,SHP-002702,import,CNSHA,INMUN,1,8776.493,CUST-044,arrived,USD,false
tnt_demo,SHP-002703,export,INNSA,INMAA,5,19787.388,CUST-028,booked,EUR,false
tnt_demo,SHP-002704,import,CNSHA,INMAA,6,3217.773,CUST-049,arrived,EUR,false
tnt_acme,SHP-002705,export,INNSA,DEHAM,4,1113.791,CUST-035,booked,AED,false
tnt_acme,SHP-002706,export,INNSA,USNYC,4,7727.927,CUST-035,in_transit,INR,false
tnt_demo,SHP-002707,export,INNSA,NLRTM,6,12367.021,CUST-011,in_transit,USD,false
tnt_demo,SHP-002708,import,SGSIN,NLRTM,2,21315.164,CUST-001,arrived,INR,false
tnt_demo,SHP-002709,import,CNSHA,SGSIN,6,7868.193,CUST-039,in_transit,INR,false
tnt_demo,SHP-002710,import,SGSIN,CNSHA,5,21021.946,CUST-005,booked,USD,false
tnt_acme,SHP-002711,export,INNSA,INMAA,6,843.770,CUST-013,in_transit,INR,false
tnt_demo,SHP-002712,export,INNSA,SGSIN,3,16446.136,CUST-013,in_transit,USD,false
tnt_demo,SHP-002713,import,CNSHA,INMUN,6,19813.256,CUST-036,booked,INR,false
tnt_demo,SHP-002714,import,CNSHA,NLRTM,1,10050.042,CUST-032,arrived,INR,false
tnt_demo,SHP-002715,import,SGSIN,AEJEA,3,,CUST-039,in_transit,USD,false
tnt_demo,SHP-002716,import,CNSHA,INNSA,3,20517.350,CUST-011,delivered,USD,false
tnt_demo,SHP-002717,import,CNSHA,AEJEA,6,5368.969,CUST-015,in_transit,USD,false
tnt_demo,SHP-002718,export,INMUN,INNSA,4,3618.090,CUST-036,in_transit,INR,false
tnt_demo,SHP-002719,export,INNSA,DEHAM,1,9913.222,CUST-028,in_transit,EUR,false
tnt_demo,SHP-002720,export,INNSA,CNSHA,5,6931.554,CUST-002,in_transit,USD,false
tnt_demo,SHP-002721,import,SGSIN,INNSA,5,16744.473,CUST-049,booked,INR,false
tnt_demo,SHP-002722,import,SGSIN,DEHAM,2,17013.222,CUST-018,booked,INR,false
tnt_demo,SHP-002723,import,NLRTM,INNSA,6,15891.006,CUST-023,in_transit,INR,false
tnt_demo,SHP-002724,import,SGSIN,INNSA,6,23049.116,CUST-021,in_transit,USD,false
tnt_acme,SHP-002725,export,INMUN,USNYC,3,946.111,CUST-046,arrived,AED,false
tnt_demo,SHP-002726,import,NLRTM,AEJEA,6,7054.903,CUST-032,delivered,AED,false
tnt_demo,SHP-002727,export,INMAA,INMUN,5,11200.047,CUST-007,delivered,USD,false
tnt_acme,SHP-002728,import,CNSHA,NLRTM,5,,CUST-023,booked,INR,false
tnt_demo,SHP-002729,export,INNSA,INMUN,2,20412.442,CUST-047,booked,USD,true
tnt_demo,SHP-002730,export,INNSA,INMAA,6,7818.260,CUST-013,in_transit,USD,false
tnt_demo,SHP-002731,import,DEHAM,INMAA,6,11832.026,CUST-003,in_transit,USD,false
tnt_acme,SHP-002732,export,INNSA,CNSHA,6,10978.904,CUST-014,in_transit,EUR,false
tnt_demo,SHP-002733,export,INMAA,CNSHA,2,24820.697,CUST-005,in_transit,INR,false
tnt_demo,SHP-002734,export,INNSA,INMUN,2,18409.627,CUST-034,arrived,USD,false
tnt_demo,SHP-002735,import,SGSIN,USNYC,2,7833.972,CUST-014,in_transit,INR,false
tnt_demo,SHP-002736,export,INNSA,SGSIN,3,,CUST-002,arrived,INR,false
tnt_acme,SHP-002737,import,CNSHA,USNYC,6,24191.866,CUST-006,arrived,EUR,false
tnt_acme,SHP-002738,import,NLRTM,DEHAM,5,19189.895,CUST-024,booked,EUR,false
tnt_demo,SHP-002739,import,SGSIN,NLRTM,6,13309.160,CUST-038,in_transit,EUR,false
tnt_demo,SHP-002740,import,CNSHA,INMAA,6,12722.766,CUST-001,arrived,INR,false
tnt_acme,SHP-002741,export,INMUN,CNSHA,6,20620.627,CUST-031,delivered,USD,false
tnt_demo,SHP-002742,import,DEHAM,NLRTM,6,19803.701,CUST-049,booked,EUR,false
tnt_demo,SHP-002743,import,NLRTM,INNSA,4,10379.433,CUST-037,booked,USD,false
tnt_demo,SHP-002744,import,NLRTM,INMUN,6,11016.282,CUST-014,in_transit,INR,false
tnt_demo,SHP-002745,import,SGSIN,DEHAM,4,11200.401,CUST-045,in_transit,INR,false
tnt_demo,SHP-002746,import,SGSIN,INMUN,4,12538.739,CUST-014,in_transit,INR,false
tnt_demo,SHP-002747,import,CNSHA,USNYC,2,12157.476,CUST-015,arrived,INR,false
tnt_demo,SHP-002748,import,CNSHA,INMUN,1,19578.921,CUST-005,arrived,USD,false
tnt_demo,SHP-002749,import,AEJEA,NLRTM,5,10891.653,CUST-005,in_transit,USD,false
tnt_demo,SHP-002750,import,NLRTM,INMUN,1,6995.896,CUST-038,arrived,INR,false
tnt_demo,SHP-002751,import,SGSIN,NLRTM,2,17769.817,CUST-042,delivered,USD,false
tnt_demo,SHP-002752,import,CNSHA,USNYC,1,2631.966,CUST-047,in_transit,USD,false
tnt_demo,SHP-002753,import,CNSHA,USNYC,2,21109.928,CUST-044,delivered,INR,false
tnt_demo,SHP-002754,export,INNSA,INMUN,4,13428.330,CUST-018,in_transit,USD,false
tnt_demo,SHP-002755,import,SGSIN,DEHAM,6,15920.914,CUST-012,in_transit,INR,false
tnt_demo,SHP-002756,import,SGSIN,DEHAM,5,9970.526,CUST-047,in_transit,INR,false
tnt_demo,SHP-002757,import,USNYC,DEHAM,3,12329.127,CUST-028,booked,USD,false
tnt_demo,SHP-002758,import,DEHAM,INNSA,3,17611.619,CUST-024,in_transit,USD,false
tnt_demo,SHP-002759,export,INMAA,NLRTM,4,4118.704,CUST-010,booked,USD,false
tnt_demo,SHP-002760,import,USNYC,SGSIN,3,15450.154,CUST-038,delivered,EUR,false
tnt_demo,SHP-002761,import,CNSHA,DEHAM,4,6729.837,CUST-017,in_transit,EUR,false
tnt_demo,SHP-002762,import,SGSIN,INMUN,2,2484.177,CUST-008,arrived,INR,false
tnt_demo,SHP-002763,export,INNSA,CNSHA,3,13190.622,CUST-043,booked,USD,false
tnt_demo,SHP-002764,import,DEHAM,INNSA,6,17353.363,CUST-040,arrived,INR,false
tnt_demo,SHP-002765,import,SGSIN,INNSA,1,22405.073,CUST-003,booked,EUR,false
tnt_demo,SHP-002766,import,SGSIN,INNSA,6,21974.598,CUST-004,booked,INR,false
tnt_demo,SHP-002767,export,INMAA,SGSIN,5,3694.374,CUST-039,delivered,INR,false
tnt_demo,SHP-002768,export,INMUN,DEHAM,3,23307.377,CUST-012,arrived,INR,true
tnt_demo,SHP-002769,import,DEHAM,AEJEA,3,10780.115,CUST-001,booked,INR,false
tnt_demo,SHP-002770,import,CNSHA,INMAA,5,20103.370,CUST-022,in_transit,USD,false
tnt_demo,SHP-002771,import,CNSHA,DEHAM,1,24565.637,CUST-047,booked,USD,false
tnt_demo,SHP-002772,import,NLRTM,SGSIN,5,6869.500,CUST-009,arrived,EUR,false
tnt_demo,SHP-002773,import,SGSIN,DEHAM,1,1386.427,CUST-048,booked,USD,false
tnt_demo,SHP-002774,export,INNSA,INMAA,2,23832.433,CUST-018,delivered,USD,false
tnt_demo,SHP-002775,export,INMUN,SGSIN,3,5572.328,CUST-033,in_transit,EUR,false
tnt_demo,SHP-002776,export,INNSA,INMUN,4,4652.988,CUST-021,booked,INR,false
tnt_demo,SHP-002777,import,AEJEA,CNSHA,4,6768.069,CUST-019,arrived,USD,false
tnt_demo,SHP-002778,export,INNSA,AEJEA,1,15218.982,CUST-012,in_transit,INR,false
tnt_demo,SHP-002779,import,CNSHA,INMAA,3,23210.891,CUST-049,in_transit,EUR,false
tnt_demo,SHP-002780,import,SGSIN,INMAA,5,4038.920,CUST-029,in_transit,INR,false
tnt_demo,SHP-002781,import,CNSHA,SGSIN,4,7105.042,CUST-020,delivered,EUR,false
tnt_demo,SHP-002782,import,DEHAM,SGSIN,6,8580.838,CUST-031,arrived,EUR,false
tnt_demo,SHP-002783,export,INNSA,INMAA,6,1119.949,CUST-027,in_transit,INR,true
tnt_demo,SHP-002784,import,NLRTM,INMUN,3,8680.409,CUST-026,booked,USD,false
tnt_demo,SHP-002785,export,INMAA,USNYC,6,13059.107,CUST-019,booked,INR,false
tnt_demo,SHP-002786,import,AEJEA,INNSA,5,13854.412,CUST-019,in_transit,INR,false
tnt_demo,SHP-002787,export,INNSA,DEHAM,4,13408.403,CUST-040,booked,USD,true
tnt_demo,SHP-002788,import,CNSHA,INMUN,6,644.280,CUST-024,in_transit,AED,false
tnt_demo,SHP-002789,export,INMAA,INMUN,4,20748.478,CUST-010,in_transit,INR,false
tnt_demo,SHP-002790,export,INMAA,CNSHA,6,12481.353,CUST-045,arrived,INR,false
tnt_demo,SHP-002791,export,INNSA,SGSIN,4,844.742,CUST-012,in_transit,USD,false
tnt_demo,SHP-002792,export,INNSA,DEHAM,2,2835.231,CUST-016,in_transit,USD,true
tnt_demo,SHP-002793,export,INMUN,USNYC,3,18432.549,CUST-013,in_transit,USD,false
tnt_demo,SHP-002794,import,CNSHA,DEHAM,5,,CUST-048,in_transit,INR,true
tnt_demo,SHP-002795,export,INNSA,INMAA,2,,CUST-027,arrived,INR,false
tnt_demo,SHP-002796,export,INNSA,CNSHA,1,24072.518,CUST-020,in_transit,USD,false
tnt_demo,SHP-002797,export,INNSA,SGSIN,6,13219.296,CUST-004,arrived,USD,false
tnt_demo,SHP-002798,export,INMUN,INNSA,2,12411.428,CUST-029,in_transit,EUR,false
tnt_demo,SHP-002799,import,USNYC,INMAA,6,5698.822,CUST-012,booked,EUR,true
tnt_acme,SHP-002800,import,SGSIN,USNYC,4,11933.826,CUST-045,in_transit,INR,false
tnt_demo,SHP-002801,export,INNSA,INMUN,2,21283.455,CUST-037,arrived,EUR,true
tnt_demo,SHP-002802,export,INNSA,SGSIN,1,,CUST-002,delivered,AED,false
tnt_demo,SHP-002803,import,CNSHA,AEJEA,1,4636.278,CUST-048,in_transit,EUR,false
tnt_demo,SHP-002804,export,INNSA,INMAA,1,23431.146,CUST-034,in_transit,USD,false
tnt_demo,SHP-002805,export,INNSA,NLRTM,6,22385.257,CUST-041,arrived,USD,false
tnt_demo,SHP-002806,export,INMAA,NLRTM,6,21671.552,CUST-020,in_transit,INR,false
tnt_demo,SHP-002807,import,DEHAM,NLRTM,3,11928.644,CUST-029,booked,EUR,false
tnt_demo,SHP-002808,import,CNSHA,INMUN,1,10816.311,CUST-038,booked,USD,false
tnt_demo,SHP-002809,export,INNSA,INMUN,5,17862.445,CUST-048,in_transit,USD,false
tnt_demo,SHP-002810,export,INMAA,DEHAM,1,18434.170,CUST-039,in_transit,INR,false
tnt_demo,SHP-002811,import,CNSHA,INMAA,1,19275.920,CUST-024,arrived,USD,false
tnt_acme,SHP-002812,import,CNSHA,USNYC,3,21903.536,CUST-041,booked,USD,false
tnt_demo,SHP-002813,import,CNSHA,INNSA,1,7412.909,CUST-029,in_transit,AED,false
tnt_demo,SHP-002814,import,CNSHA,INNSA,4,23436.781,CUST-033,booked,AED,false
tnt_demo,SHP-002815,export,INNSA,INMAA,3,21643.371,CUST-021,delivered,INR,false
tnt_demo,SHP-002816,import,SGSIN,INMAA,5,,CUST-040,delivered,EUR,false
tnt_demo,SHP-002817,export,INMUN,SGSIN,2,11891.482,CUST-018,booked,USD,false
tnt_demo,SHP-002818,export,INMAA,DEHAM,3,13278.345,CUST-034,delivered,INR,false
tnt_demo,SHP-002819,import,SGSIN,AEJEA,1,21430.782,CUST-015,booked,USD,false
tnt_demo,SHP-002820,import,DEHAM,INMAA,3,8039.039,CUST-012,booked,USD,false
tnt_demo,SHP-002821,export,INMUN,INMAA,3,17066.966,CUST-033,booked,INR,false
tnt_demo,SHP-002822,export,INNSA,INMUN,5,23675.534,CUST-048,booked,INR,true
tnt_demo,SHP-002823,export,INMUN,AEJEA,3,23330.832,CUST-014,delivered,USD,false
tnt_demo,SHP-002824,import,CNSHA,NLRTM,4,5257.123,CUST-001,arrived,USD,false
tnt_demo,SHP-002825,export,INNSA,SGSIN,5,23219.980,CUST-027,in_transit,INR,false
tnt_demo,SHP-002826,export,INNSA,AEJEA,4,21787.536,CUST-018,booked,EUR,false
tnt_acme,SHP-002827,export,INNSA,SGSIN,1,15847.641,CUST-044,in_transit,INR,false
tnt_demo,SHP-002828,export,INNSA,AEJEA,4,20288.038,CUST-033,arrived,INR,false
tnt_demo,SHP-002829,import,SGSIN,AEJEA,4,9994.268,CUST-049,delivered,USD,false
tnt_demo,SHP-002830,import,CNSHA,DEHAM,4,10201.787,CUST-036,in_transit,INR,false
tnt_demo,SHP-002831,import,SGSIN,AEJEA,6,7317.377,CUST-025,booked,INR,false
tnt_demo,SHP-002832,export,INNSA,CNSHA,3,16566.241,CUST-020,booked,EUR,false
tnt_demo,SHP-002833,export,INMUN,NLRTM,3,6688.533,CUST-036,in_transit,INR,false
tnt_demo,SHP-002834,export,INNSA,USNYC,6,10644.326,CUST-031,arrived,INR,false
tnt_demo,SHP-002835,import,NLRTM,INNSA,2,,CUST-029,delivered,USD,false
tnt_demo,SHP-002836,import,SGSIN,INMUN,2,7427.474,CUST-041,in_transit,INR,false
tnt_acme,SHP-002837,export,INNSA,USNYC,1,14145.959,CUST-012,delivered,USD,false
tnt_demo,SHP-002838,export,INNSA,DEHAM,6,24420.950,CUST-003,delivered,USD,false
tnt_demo,SHP-002839,export,INNSA,SGSIN,1,6665.636,CUST-017,arrived,USD,false
tnt_demo,SHP-002840,import,NLRTM,INMUN,3,23256.119,CUST-028,delivered,INR,false
tnt_demo,SHP-002841,export,INNSA,INMUN,6,22517.460,CUST-038,booked,EUR,false
tnt_demo,SHP-002842,import,CNSHA,INNSA,2,3762.068,CUST-007,booked,USD,false
tnt_demo,SHP-002843,import,CNSHA,AEJEA,1,13748.962,CUST-019,in_transit,USD,false
tnt_demo,SHP-002844,export,INNSA,INMAA,2,21492.585,CUST-006,in_transit,USD,false
tnt_demo,SHP-002845,export,INMAA,DEHAM,5,20146.251,CUST-049,delivered,USD,false
tnt_demo,SHP-002846,export,INNSA,INMUN,6,4634.653,CUST-048,booked,USD,false
tnt_demo,SHP-002847,export,INNSA,CNSHA,6,4111.354,CUST-002,arrived,USD,false
tnt_demo,SHP-002848,export,INNSA,DEHAM,2,12012.039,CUST-005,arrived,USD,false
tnt_demo,SHP-002849,import,CNSHA,INNSA,2,24160.403,CUST-037,in_transit,INR,false
tnt_demo,SHP-002850,import,CNSHA,INNSA,1,20059.420,CUST-024,arrived,USD,false
tnt_acme,SHP-002851,export,INNSA,CNSHA,2,5728.951,CUST-008,in_transit,INR,false
tnt_demo,SHP-002852,export,INNSA,SGSIN,6,18420.477,CUST-024,arrived,INR,false
tnt_demo,SHP-002853,import,SGSIN,DEHAM,1,4036.667,CUST-037,in_transit,INR,false
tnt_demo,SHP-002854,import,CNSHA,SGSIN,2,11793.140,CUST-026,booked,USD,false
tnt_demo,SHP-002855,export,INMAA,SGSIN,6,11615.961,CUST-042,in_transit,INR,false
tnt_demo,SHP-002856,import,CNSHA,AEJEA,4,18943.094,CUST-040,in_transit,USD,false
tnt_demo,SHP-002857,import,SGSIN,CNSHA,3,21895.754,CUST-030,arrived,AED,false
tnt_demo,SHP-002858,import,CNSHA,AEJEA,2,19998.232,CUST-021,booked,USD,false
tnt_demo,SHP-002859,export,INMAA,INNSA,2,9057.834,CUST-043,booked,USD,true
tnt_demo,SHP-002860,export,INNSA,SGSIN,4,7212.226,CUST-029,arrived,USD,false
tnt_demo,SHP-002861,export,INNSA,AEJEA,1,568.145,CUST-036,booked,USD,false
tnt_demo,SHP-002862,export,INNSA,INMUN,2,22778.396,CUST-022,booked,EUR,false
tnt_demo,SHP-002863,export,INNSA,SGSIN,3,21490.242,CUST-024,booked,USD,false
tnt_demo,SHP-002864,export,INMAA,USNYC,6,9525.233,CUST-050,delivered,INR,false
tnt_demo,SHP-002865,export,INMUN,SGSIN,2,23826.866,CUST-046,booked,USD,false
tnt_demo,SHP-002866,export,INMAA,CNSHA,5,23150.612,CUST-032,in_transit,USD,false
tnt_demo,SHP-002867,export,INNSA,NLRTM,3,5154.416,CUST-050,in_transit,INR,false
tnt_acme,SHP-002868,export,INNSA,USNYC,2,9707.157,CUST-007,in_transit,AED,false
tnt_demo,SHP-002869,export,INNSA,CNSHA,1,889.174,CUST-006,in_transit,INR,false
tnt_demo,SHP-002870,export,INNSA,INMAA,6,17189.901,CUST-037,booked,INR,true
tnt_acme,SHP-002871,export,INMAA,DEHAM,6,3935.055,CUST-050,booked,USD,false
tnt_demo,SHP-002872,export,INMAA,NLRTM,2,9553.787,CUST-025,booked,AED,false
tnt_acme,SHP-002873,export,INMAA,USNYC,4,16010.840,CUST-022,arrived,USD,false
tnt_demo,SHP-002874,export,INNSA,CNSHA,1,15396.236,CUST-012,delivered,USD,false
tnt_demo,SHP-002875,export,INNSA,USNYC,6,15750.368,CUST-008,booked,USD,false
tnt_demo,SHP-002876,export,INNSA,USNYC,2,9093.204,CUST-025,in_transit,INR,false
tnt_demo,SHP-002877,import,USNYC,INNSA,5,2541.256,CUST-033,booked,EUR,false
tnt_demo,SHP-002878,export,INNSA,NLRTM,3,5950.061,CUST-046,delivered,USD,false
tnt_demo,SHP-002879,export,INNSA,SGSIN,4,15670.756,CUST-042,arrived,USD,false
tnt_acme,SHP-002880,import,CNSHA,USNYC,3,19987.201,CUST-025,arrived,EUR,false
tnt_demo,SHP-002881,export,INNSA,CNSHA,2,10905.618,CUST-015,in_transit,USD,false
tnt_demo,SHP-002882,export,INMAA,INNSA,4,6565.979,CUST-033,arrived,USD,false
tnt_demo,SHP-002883,export,INNSA,SGSIN,3,21772.011,CUST-037,in_transit,AED,false
tnt_acme,SHP-002884,import,NLRTM,INMAA,3,14296.246,CUST-012,booked,INR,false
tnt_demo,SHP-002885,import,DEHAM,CNSHA,2,7421.946,CUST-009,in_transit,INR,false
tnt_demo,SHP-002886,export,INNSA,USNYC,2,18847.198,CUST-025,in_transit,EUR,false
tnt_demo,SHP-002887,import,SGSIN,INMUN,1,15741.724,CUST-025,in_transit,INR,false
tnt_demo,SHP-002888,export,INNSA,USNYC,5,24369.537,CUST-026,booked,EUR,false
tnt_demo,SHP-002889,export,INNSA,INMAA,3,6995.766,CUST-026,in_transit,INR,false
tnt_demo,SHP-002890,export,INMAA,NLRTM,5,19254.347,CUST-021,booked,USD,true
tnt_demo,SHP-002891,import,USNYC,INNSA,2,13551.454,CUST-042,in_transit,USD,false
tnt_demo,SHP-002892,import,AEJEA,INMAA,5,18095.356,CUST-011,booked,INR,false
tnt_demo,SHP-002893,import,CNSHA,INNSA,1,7281.039,CUST-024,delivered,INR,false
tnt_demo,SHP-002894,export,INNSA,INMAA,6,6760.924,CUST-041,in_transit,USD,false
tnt_demo,SHP-002895,export,INMAA,AEJEA,2,18213.129,CUST-015,arrived,INR,false
tnt_demo,SHP-002896,export,INMAA,CNSHA,4,,CUST-037,booked,USD,false
tnt_demo,SHP-002897,export,INNSA,DEHAM,3,11144.008,CUST-039,booked,EUR,false
tnt_demo,SHP-002898,import,USNYC,INMAA,5,6389.170,CUST-011,in_transit,USD,false
tnt_demo,SHP-002899,import,CNSHA,INNSA,2,16836.046,CUST-003,arrived,USD,false
tnt_demo,SHP-002900,import,CNSHA,NLRTM,1,18944.737,CUST-032,booked,INR,false
tnt_demo,SHP-002901,export,INNSA,INMAA,3,20058.547,CUST-042,booked,EUR,false
tnt_demo,SHP-002902,export,INNSA,INMAA,4,15563.232,CUST-037,in_transit,USD,false
tnt_demo,SHP-002903,import,SGSIN,CNSHA,4,2798.056,CUST-037,booked,INR,false
tnt_demo,SHP-002904,export,INNSA,NLRTM,1,19588.359,CUST-041,booked,INR,false
tnt_demo,SHP-002905,export,INMAA,CNSHA,4,14098.578,CUST-016,booked,USD,false
tnt_acme,SHP-002906,import,CNSHA,INNSA,1,21307.966,CUST-010,in_transit,USD,true
tnt_demo,SHP-002907,export,INNSA,INMAA,3,11408.567,CUST-018,arrived,USD,false
tnt_demo,SHP-002908,export,INMUN,USNYC,3,3573.761,CUST-037,in_transit,INR,false
tnt_demo,SHP-002909,import,USNYC,INMUN,2,21861.441,CUST-013,in_transit,INR,false
tnt_demo,SHP-002910,import,CNSHA,INMAA,4,2670.009,CUST-045,booked,EUR,false
tnt_acme,SHP-002911,import,SGSIN,INNSA,2,23701.391,CUST-005,in_transit,USD,false
tnt_acme,SHP-002912,export,INNSA,SGSIN,4,9376.195,CUST-017,arrived,USD,false
tnt_demo,SHP-002913,import,DEHAM,AEJEA,1,1936.746,CUST-015,arrived,INR,false
tnt_demo,SHP-002914,export,INNSA,DEHAM,3,2487.739,CUST-033,arrived,EUR,false
tnt_demo,SHP-002915,import,SGSIN,CNSHA,2,4107.493,CUST-034,booked,INR,false
tnt_demo,SHP-002916,import,USNYC,INMAA,2,2103.405,CUST-039,in_transit,USD,false
tnt_demo,SHP-002917,export,INNSA,SGSIN,5,4884.311,CUST-033,booked,USD,false
tnt_acme,SHP-002918,import,CNSHA,INNSA,2,20484.432,CUST-026,booked,AED,false
tnt_demo,SHP-002919,import,CNSHA,AEJEA,3,21084.273,CUST-023,booked,USD,false
tnt_demo,SHP-002920,export,INNSA,AEJEA,4,7946.278,CUST-050,booked,AED,false
tnt_demo,SHP-002921,export,INMAA,NLRTM,3,14569.679,CUST-001,in_transit,AED,false
tnt_demo,SHP-002922,export,INNSA,DEHAM,2,3807.178,CUST-012,booked,AED,false
tnt_acme,SHP-002923,export,INNSA,CNSHA,4,15120.043,CUST-021,in_transit,EUR,false
tnt_demo,SHP-002924,import,SGSIN,CNSHA,5,5240.076,CUST-003,in_transit,INR,false
tnt_demo,SHP-002925,export,INNSA,DEHAM,2,21865.008,CUST-039,arrived,USD,false
tnt_demo,SHP-002926,import,SGSIN,CNSHA,1,11112.132,CUST-039,arrived,USD,false
tnt_demo,SHP-002927,import,CNSHA,INMAA,4,8865.243,CUST-039,booked,EUR,false
tnt_demo,SHP-002928,import,SGSIN,NLRTM,4,12566.865,CUST-017,arrived,USD,false
tnt_demo,SHP-002929,export,INMAA,SGSIN,2,16046.201,CUST-011,in_transit,USD,false
tnt_acme,SHP-002930,import,SGSIN,CNSHA,6,4767.346,CUST-011,delivered,INR,false
tnt_demo,SHP-002931,import,SGSIN,AEJEA,6,20907.092,CUST-050,arrived,EUR,false
tnt_demo,SHP-002932,export,INNSA,AEJEA,5,10257.782,CUST-038,in_transit,EUR,false
tnt_demo,SHP-002933,import,CNSHA,USNYC,2,,CUST-003,delivered,USD,false
tnt_demo,SHP-002934,import,USNYC,NLRTM,5,14378.556,CUST-003,arrived,INR,false
tnt_demo,SHP-002935,import,NLRTM,DEHAM,2,7858.364,CUST-040,booked,INR,false
tnt_demo,SHP-002936,import,CNSHA,NLRTM,6,24437.431,CUST-026,in_transit,INR,false
tnt_demo,SHP-002937,import,USNYC,INNSA,2,8420.919,CUST-039,delivered,INR,false
tnt_demo,SHP-002938,import,USNYC,INMAA,4,9731.784,CUST-022,booked,EUR,false
tnt_demo,SHP-002939,export,INNSA,INMAA,1,2362.692,CUST-039,in_transit,INR,false
tnt_demo,SHP-002940,import,DEHAM,AEJEA,4,22187.611,CUST-049,in_transit,INR,false
tnt_demo,SHP-002941,import,SGSIN,AEJEA,1,15141.168,CUST-048,delivered,USD,false
tnt_demo,SHP-002942,import,USNYC,INMUN,6,,CUST-046,in_transit,EUR,false
tnt_demo,SHP-002943,import,SGSIN,INMUN,1,23584.940,CUST-043,booked,USD,false
tnt_demo,SHP-002944,import,CNSHA,INMAA,5,9130.906,CUST-037,arrived,INR,false
tnt_demo,SHP-002945,import,SGSIN,AEJEA,2,6269.664,CUST-038,arrived,USD,false
tnt_demo,SHP-002946,import,CNSHA,SGSIN,4,9383.533,CUST-041,in_transit,INR,false
tnt_demo,SHP-002947,export,INNSA,USNYC,2,,CUST-016,booked,INR,false
tnt_demo,SHP-002948,import,SGSIN,INNSA,5,4903.059,CUST-018,in_transit,INR,false
tnt_demo,SHP-002949,import,CNSHA,AEJEA,6,13390.217,CUST-037,delivered,AED,true
tnt_demo,SHP-002950,export,INMAA,CNSHA,2,10687.122,CUST-019,delivered,USD,false
tnt_demo,SHP-002951,export,INNSA,DEHAM,5,13152.175,CUST-028,booked,INR,false
tnt_acme,SHP-002952,import,USNYC,INMAA,6,15958.536,CUST-037,delivered,USD,true
tnt_acme,SHP-002953,export,INMAA,NLRTM,6,7439.399,CUST-022,booked,USD,false
tnt_demo,SHP-002954,import,CNSHA,NLRTM,3,21181.474,CUST-043,booked,INR,false
tnt_demo,SHP-002955,import,NLRTM,INMUN,5,1421.361,CUST-025,arrived,USD,false
tnt_demo,SHP-002956,import,SGSIN,NLRTM,5,,CUST-014,arrived,INR,false
tnt_demo,SHP-002957,import,SGSIN,DEHAM,3,12063.698,CUST-022,in_transit,INR,false
tnt_demo,SHP-002958,export,INMAA,NLRTM,3,16192.973,CUST-029,in_transit,INR,true
tnt_demo,SHP-002959,export,INNSA,SGSIN,6,12709.425,CUST-036,in_transit,INR,false
tnt_demo,SHP-002960,export,INNSA,AEJEA,4,12276.099,CUST-018,in_transit,USD,false
tnt_demo,SHP-002961,import,USNYC,INMUN,4,7485.418,CUST-036,booked,INR,false
tnt_demo,SHP-002962,import,AEJEA,INNSA,3,2042.749,CUST-028,delivered,EUR,false
tnt_acme,SHP-002963,export,INNSA,SGSIN,2,7284.388,CUST-006,in_transit,USD,false
tnt_demo,SHP-002964,export,INNSA,CNSHA,6,13152.963,CUST-022,delivered,USD,false
tnt_demo,SHP-002965,import,CNSHA,INMAA,1,13370.750,CUST-008,in_transit,USD,false
tnt_demo,SHP-002966,import,CNSHA,INMUN,1,21778.279,CUST-015,booked,USD,false
tnt_demo,SHP-002967,export,INNSA,SGSIN,2,17657.323,CUST-028,in_transit,INR,false
tnt_acme,SHP-002968,export,INMAA,INNSA,4,17666.191,CUST-018,in_transit,INR,false
tnt_demo,SHP-002969,export,INNSA,DEHAM,6,,CUST-032,booked,INR,false
tnt_demo,SHP-002970,export,INNSA,DEHAM,6,11507.426,CUST-032,arrived,USD,false
tnt_demo,SHP-002971,import,CNSHA,INMAA,1,10871.426,CUST-017,in_transit,INR,false
tnt_demo,SHP-002972,import,SGSIN,CNSHA,2,,CUST-027,delivered,INR,true
tnt_demo,SHP-002973,import,DEHAM,NLRTM,6,940.669,CUST-024,in_transit,INR,true
tnt_demo,SHP-002974,export,INNSA,USNYC,4,21658.923,CUST-033,booked,EUR,false
tnt_demo,SHP-002975,export,INNSA,USNYC,6,10669.825,CUST-049,in_transit,USD,false
tnt_demo,SHP-002976,import,NLRTM,AEJEA,1,3451.174,CUST-029,booked,INR,false
tnt_demo,SHP-002977,export,INMAA,SGSIN,6,19477.954,CUST-001,arrived,USD,true
tnt_demo,SHP-002978,export,INNSA,USNYC,1,17012.485,CUST-048,in_transit,USD,false
tnt_demo,SHP-002979,export,INNSA,USNYC,6,1633.772,CUST-021,in_transit,EUR,false
tnt_acme,SHP-002980,export,INNSA,SGSIN,3,14656.123,CUST-032,booked,INR,false
tnt_demo,SHP-002981,export,INNSA,NLRTM,5,21420.698,CUST-047,arrived,USD,false
tnt_demo,SHP-002982,export,INNSA,USNYC,5,,CUST-040,in_transit,USD,false
tnt_demo,SHP-002983,import,CNSHA,INMAA,3,11413.644,CUST-004,arrived,INR,false
tnt_demo,SHP-002984,export,INNSA,NLRTM,1,2101.012,CUST-043,arrived,USD,false
tnt_demo,SHP-002985,export,INMAA,INNSA,5,21075.890,CUST-012,arrived,INR,false
tnt_demo,SHP-002986,export,INMAA,NLRTM,1,11019.708,CUST-021,booked,USD,false
tnt_demo,SHP-002987,import,SGSIN,USNYC,4,807.290,CUST-032,in_transit,AED,false
tnt_demo,SHP-002988,export,INNSA,USNYC,2,,CUST-013,arrived,INR,false
tnt_acme,SHP-002989,export,INNSA,DEHAM,3,8558.696,CUST-029,arrived,USD,false
tnt_demo,SHP-002990,export,INNSA,SGSIN,5,,CUST-001,in_transit,EUR,false
tnt_demo,SHP-002991,export,INMAA,AEJEA,5,13077.694,CUST-032,in_transit,INR,true
tnt_demo,SHP-002992,import,CNSHA,INNSA,1,7400.158,CUST-031,in_transit,INR,false
tnt_demo,SHP-002993,export,INNSA,NLRTM,6,13931.107,CUST-023,arrived,EUR,false
tnt_demo,SHP-002994,export,INNSA,INMAA,6,826.810,CUST-044,delivered,INR,false
tnt_demo,SHP-002995,export,INNSA,SGSIN,3,12381.311,CUST-026,booked,INR,false
tnt_demo,SHP-002996,export,INNSA,NLRTM,3,17543.725,CUST-046,arrived,USD,false
tnt_demo,SHP-002997,export,INMAA,INMUN,2,20789.390,CUST-037,in_transit,INR,false
tnt_demo,SHP-002998,export,INNSA,SGSIN,3,3374.016,CUST-038,delivered,USD,true
tnt_demo,SHP-002999,export,INMAA,SGSIN,5,1596.890,CUST-028,delivered,USD,false
tnt_demo,SHP-003000,import,CNSHA,INNSA,4,24532.981,CUST-016,in_transit,EUR,false
tnt_demo,SHP-003001,export,INNSA,AEJEA,1,12631.747,CUST-034,booked,INR,false
tnt_acme,SHP-003002,export,INNSA,SGSIN,5,8299.626,CUST-015,delivered,AED,false
tnt_demo,SHP-003003,export,INNSA,NLRTM,1,12349.384,CUST-047,in_transit,USD,false
tnt_demo,SHP-003004,export,INMAA,AEJEA,4,18762.577,CUST-023,in_transit,USD,false
tnt_demo,SHP-003005,export,INNSA,DEHAM,2,22281.953,CUST-003,booked,USD,false
tnt_demo,SHP-003006,export,INNSA,NLRTM,4,23192.225,CUST-006,in_transit,INR,false
tnt_demo,SHP-003007,export,INNSA,SGSIN,5,8565.404,CUST-035,in_transit,USD,false
tnt_acme,SHP-003008,import,CNSHA,INMUN,6,21914.337,CUST-008,in_transit,INR,false
tnt_demo,SHP-003009,export,INNSA,AEJEA,1,8743.707,CUST-028,booked,EUR,false
tnt_demo,SHP-003010,export,INNSA,AEJEA,5,10130.690,CUST-024,booked,USD,false
tnt_demo,SHP-003011,export,INNSA,DEHAM,5,17884.068,CUST-031,booked,USD,false
tnt_acme,SHP-003012,import,SGSIN,NLRTM,2,18167.860,CUST-022,delivered,INR,false
tnt_demo,SHP-003013,export,INMAA,AEJEA,1,20824.981,CUST-040,in_transit,USD,false
tnt_acme,SHP-003014,export,INNSA,USNYC,1,3335.231,CUST-033,arrived,INR,false
tnt_demo,SHP-003015,import,AEJEA,CNSHA,1,517.797,CUST-028,booked,USD,false
tnt_demo,SHP-003016,export,INNSA,DEHAM,3,7971.018,CUST-042,booked,USD,false
tnt_demo,SHP-003017,export,INNSA,INMUN,5,4387.707,CUST-004,arrived,USD,false
tnt_demo,SHP-003018,export,INNSA,SGSIN,6,4610.979,CUST-028,booked,USD,false
tnt_demo,SHP-003019,export,INNSA,INMUN,5,5393.578,CUST-030,in_transit,USD,false
tnt_demo,SHP-003020,import,CNSHA,INMAA,2,20834.241,CUST-005,booked,AED,false
tnt_demo,SHP-003021,import,SGSIN,INMUN,6,7503.862,CUST-010,arrived,AED,true
tnt_demo,SHP-003022,export,INNSA,INMAA,3,21605.192,CUST-049,booked,INR,false
tnt_demo,SHP-003023,export,INMAA,INMUN,2,978.329,CUST-023,delivered,USD,false
tnt_acme,SHP-003024,export,INNSA,INMUN,1,9910.065,CUST-018,booked,INR,false
tnt_demo,SHP-003025,import,DEHAM,INMAA,6,12072.234,CUST-003,arrived,USD,false
tnt_demo,SHP-003026,export,INMAA,AEJEA,5,15992.712,CUST-020,arrived,AED,false
tnt_demo,SHP-003027,export,INNSA,USNYC,5,9742.596,CUST-025,in_transit,INR,false
tnt_demo,SHP-003028,export,INNSA,USNYC,3,11015.810,CUST-028,booked,USD,false
tnt_demo,SHP-003029,import,CNSHA,AEJEA,5,11297.420,CUST-003,booked,INR,false
tnt_demo,SHP-003030,import,CNSHA,INNSA,5,5772.716,CUST-025,in_transit,USD,false
tnt_demo,SHP-003031,export,INNSA,CNSHA,2,9131.642,CUST-026,booked,USD,false
tnt_demo,SHP-003032,import,NLRTM,DEHAM,3,4012.094,CUST-007,booked,USD,false
tnt_demo,SHP-003033,import,CNSHA,NLRTM,4,19396.261,CUST-012,delivered,USD,false
tnt_demo,SHP-003034,import,CNSHA,AEJEA,3,9004.279,CUST-038,in_transit,USD,false
tnt_demo,SHP-003035,export,INNSA,INMAA,3,20394.614,CUST-042,in_transit,INR,false
tnt_demo,SHP-003036,import,CNSHA,SGSIN,6,20515.255,CUST-047,booked,USD,false
tnt_demo,SHP-003037,export,INNSA,SGSIN,3,,CUST-007,in_transit,INR,false
tnt_demo,SHP-003038,import,AEJEA,INMAA,2,9692.617,CUST-039,in_transit,USD,false
tnt_demo,SHP-003039,export,INNSA,SGSIN,1,17185.315,CUST-037,booked,USD,false
tnt_demo,SHP-003040,import,CNSHA,NLRTM,3,6226.710,CUST-035,booked,EUR,false
tnt_demo,SHP-003041,export,INNSA,INMAA,2,14913.487,CUST-021,in_transit,INR,false
tnt_demo,SHP-003042,export,INNSA,NLRTM,2,4626.384,CUST-001,booked,EUR,false
tnt_demo,SHP-003043,export,INMAA,CNSHA,1,4765.285,CUST-005,in_transit,USD,false
tnt_acme,SHP-003044,export,INNSA,SGSIN,4,10664.950,CUST-050,in_transit,INR,false
tnt_demo,SHP-003045,import,CNSHA,INMUN,4,23938.832,CUST-009,booked,EUR,false
tnt_demo,SHP-003046,export,INMAA,SGSIN,1,11711.245,CUST-029,arrived,AED,false
tnt_demo,SHP-003047,export,INNSA,SGSIN,4,15047.021,CUST-022,booked,USD,false
tnt_acme,SHP-003048,export,INNSA,SGSIN,1,18011.828,CUST-016,arrived,INR,false
tnt_demo,SHP-003049,import,USNYC,INNSA,3,21435.331,CUST-036,booked,INR,false
tnt_demo,SHP-003050,export,INNSA,AEJEA,3,14997.135,CUST-049,in_transit,USD,false
tnt_demo,SHP-003051,export,INMAA,INNSA,6,14971.736,CUST-004,in_transit,USD,false
tnt_demo,SHP-003052,export,INNSA,NLRTM,5,4172.766,CUST-012,in_transit,INR,false
tnt_demo,SHP-003053,export,INNSA,USNYC,4,9190.724,CUST-001,arrived,INR,false
tnt_acme,SHP-003054,export,INNSA,DEHAM,5,24614.870,CUST-037,booked,USD,false
tnt_demo,SHP-003055,import,CNSHA,AEJEA,4,23740.217,CUST-026,delivered,USD,false
tnt_demo,SHP-003056,export,INNSA,INMAA,4,9550.774,CUST-008,arrived,INR,false
tnt_demo,SHP-003057,export,INNSA,SGSIN,1,8817.673,CUST-023,in_transit,USD,false
tnt_acme,SHP-003058,export,INNSA,AEJEA,2,13486.973,CUST-031,booked,USD,false
tnt_demo,SHP-003059,import,CNSHA,DEHAM,6,5826.868,CUST-003,arrived,EUR,false
tnt_acme,SHP-003060,import,DEHAM,INMUN,4,22536.816,CUST-049,booked,INR,false
tnt_demo,SHP-003061,export,INMUN,CNSHA,1,23996.766,CUST-003,delivered,USD,false
tnt_demo,SHP-003062,import,SGSIN,USNYC,2,7447.895,CUST-035,in_transit,USD,false
tnt_acme,SHP-003063,export,INNSA,AEJEA,6,16309.327,CUST-017,booked,USD,false
tnt_demo,SHP-003064,export,INNSA,NLRTM,5,17414.944,CUST-044,delivered,USD,false
tnt_demo,SHP-003065,import,CNSHA,INMAA,5,15892.862,CUST-005,in_transit,INR,false
tnt_demo,SHP-003066,export,INNSA,CNSHA,1,12859.968,CUST-028,arrived,INR,false
tnt_demo,SHP-003067,import,AEJEA,DEHAM,5,7669.288,CUST-023,booked,INR,false
tnt_demo,SHP-003068,import,DEHAM,INMAA,2,22807.478,CUST-007,delivered,INR,false
tnt_demo,SHP-003069,export,INNSA,INMAA,3,4439.497,CUST-037,in_transit,AED,false
tnt_demo,SHP-003070,export,INNSA,NLRTM,6,12500.304,CUST-041,in_transit,EUR,false
tnt_demo,SHP-003071,import,SGSIN,AEJEA,3,17212.749,CUST-023,booked,USD,false
tnt_demo,SHP-003072,export,INNSA,INMAA,5,8511.595,CUST-001,delivered,USD,false
tnt_demo,SHP-003073,export,INMAA,NLRTM,1,23920.169,CUST-022,arrived,INR,false
tnt_demo,SHP-003074,export,INMUN,SGSIN,5,18773.783,CUST-047,in_transit,AED,false
tnt_demo,SHP-003075,export,INNSA,AEJEA,2,3815.166,CUST-032,in_transit,USD,false
tnt_demo,SHP-003076,export,INNSA,NLRTM,5,12002.773,CUST-016,delivered,EUR,false
tnt_demo,SHP-003077,export,INMAA,AEJEA,5,23986.509,CUST-003,in_transit,USD,false
tnt_demo,SHP-003078,import,SGSIN,CNSHA,6,761.574,CUST-034,in_transit,INR,false
tnt_demo,SHP-003079,export,INMAA,INNSA,1,18735.875,CUST-007,booked,INR,false
tnt_demo,SHP-003080,export,INNSA,DEHAM,6,19819.658,CUST-010,booked,EUR,false
tnt_demo,SHP-003081,import,SGSIN,INMAA,4,15989.943,CUST-029,arrived,USD,false
tnt_demo,SHP-003082,import,SGSIN,INMAA,2,3411.252,CUST-035,in_transit,USD,false
tnt_demo,SHP-003083,export,INMAA,NLRTM,5,23660.866,CUST-024,booked,USD,false
tnt_demo,SHP-003084,import,CNSHA,NLRTM,6,2852.741,CUST-040,in_transit,USD,false
tnt_demo,SHP-003085,import,CNSHA,NLRTM,6,3180.370,CUST-011,booked,USD,false
tnt_demo,SHP-003086,import,SGSIN,DEHAM,5,23477.841,CUST-020,in_transit,USD,false
tnt_demo,SHP-003087,export,INMUN,NLRTM,6,14193.353,CUST-010,in_transit,INR,false
tnt_demo,SHP-003088,import,NLRTM,INMAA,2,14414.892,CUST-039,in_transit,EUR,false
tnt_demo,SHP-003089,export,INNSA,AEJEA,1,2204.917,CUST-007,booked,INR,false
tnt_demo,SHP-003090,export,INNSA,SGSIN,1,13447.127,CUST-020,booked,INR,false
tnt_demo,SHP-003091,import,CNSHA,INNSA,5,16024.065,CUST-034,booked,USD,false
tnt_demo,SHP-003092,export,INNSA,AEJEA,5,8685.256,CUST-039,booked,USD,false
tnt_acme,SHP-003093,import,CNSHA,NLRTM,1,9526.482,CUST-015,in_transit,USD,false
tnt_demo,SHP-003094,export,INMAA,INNSA,6,3756.506,CUST-048,delivered,USD,false
tnt_demo,SHP-003095,import,NLRTM,INNSA,1,24565.175,CUST-030,arrived,INR,false
tnt_demo,SHP-003096,export,INMAA,USNYC,6,9401.243,CUST-034,in_transit,USD,false
tnt_demo,SHP-003097,import,SGSIN,INMUN,3,17132.112,CUST-001,in_transit,USD,false
tnt_demo,SHP-003098,import,NLRTM,DEHAM,1,10591.000,CUST-049,in_transit,EUR,false
tnt_demo,SHP-003099,import,USNYC,AEJEA,2,12191.883,CUST-007,delivered,INR,false
tnt_demo,SHP-003100,export,INMAA,USNYC,5,4265.079,CUST-018,delivered,INR,false
tnt_demo,SHP-003101,export,INMUN,AEJEA,5,18821.661,CUST-033,in_transit,USD,false
tnt_demo,SHP-003102,import,CNSHA,AEJEA,4,3073.845,CUST-020,booked,USD,true
tnt_demo,SHP-003103,import,SGSIN,AEJEA,1,15896.181,CUST-019,in_transit,EUR,false
tnt_demo,SHP-003104,export,INNSA,SGSIN,6,16884.268,CUST-005,booked,EUR,false
tnt_demo,SHP-003105,export,INMAA,INMUN,3,11479.700,CUST-035,delivered,USD,false
tnt_demo,SHP-003106,import,SGSIN,INMUN,2,13077.379,CUST-020,arrived,INR,false
tnt_demo,SHP-003107,export,INNSA,AEJEA,5,18872.580,CUST-039,booked,USD,false
tnt_demo,SHP-003108,export,INNSA,DEHAM,1,6963.376,CUST-027,in_transit,USD,false
tnt_demo,SHP-003109,import,CNSHA,NLRTM,4,21308.704,CUST-007,arrived,USD,false
tnt_demo,SHP-003110,export,INNSA,NLRTM,1,20784.452,CUST-047,booked,INR,false
tnt_demo,SHP-003111,import,CNSHA,INMAA,1,14910.283,CUST-035,in_transit,EUR,false
tnt_demo,SHP-003112,import,AEJEA,CNSHA,3,24063.097,CUST-047,arrived,USD,false
tnt_demo,SHP-003113,export,INNSA,CNSHA,1,16815.947,CUST-022,booked,USD,false
tnt_demo,SHP-003114,import,AEJEA,CNSHA,3,11561.504,CUST-026,arrived,INR,false
tnt_acme,SHP-003115,import,SGSIN,INMUN,2,12884.353,CUST-046,booked,USD,false
tnt_demo,SHP-003116,import,AEJEA,NLRTM,3,4386.862,CUST-009,in_transit,EUR,false
tnt_acme,SHP-003117,import,SGSIN,NLRTM,1,3570.493,CUST-022,in_transit,INR,false
tnt_demo,SHP-003118,export,INNSA,INMUN,3,6941.062,CUST-046,delivered,USD,false
tnt_demo,SHP-003119,import,CNSHA,NLRTM,5,8826.556,CUST-050,in_transit,INR,false
tnt_demo,SHP-003120,import,CNSHA,INMAA,1,22797.719,CUST-009,in_transit,USD,false
tnt_demo,SHP-003121,export,INNSA,USNYC,2,5728.125,CUST-027,in_transit,INR,false
tnt_demo,SHP-003122,import,AEJEA,INMAA,4,3696.303,CUST-032,booked,INR,false
tnt_demo,SHP-003123,export,INMAA,NLRTM,3,10744.636,CUST-020,booked,USD,false
tnt_demo,SHP-003124,import,CNSHA,INNSA,3,6018.621,CUST-015,in_transit,USD,false
tnt_acme,SHP-003125,import,SGSIN,CNSHA,2,8962.171,CUST-002,arrived,EUR,false
tnt_demo,SHP-003126,export,INMUN,AEJEA,2,23103.379,CUST-041,in_transit,INR,false
tnt_demo,SHP-003127,import,CNSHA,NLRTM,6,17226.546,CUST-020,in_transit,INR,false
tnt_demo,SHP-003128,import,SGSIN,NLRTM,4,9688.343,CUST-026,in_transit,INR,false
tnt_demo,SHP-003129,import,NLRTM,AEJEA,6,3737.277,CUST-050,delivered,USD,false
tnt_demo,SHP-003130,import,SGSIN,CNSHA,1,15865.701,CUST-024,delivered,INR,false
tnt_acme,SHP-003131,import,CNSHA,DEHAM,2,7110.463,CUST-009,booked,USD,false
tnt_demo,SHP-003132,import,SGSIN,INMUN,6,22411.973,CUST-022,booked,EUR,false
tnt_demo,SHP-003133,export,INMAA,SGSIN,3,3073.852,CUST-005,delivered,USD,false
tnt_demo,SHP-003134,export,INNSA,CNSHA,4,,CUST-031,in_transit,USD,false
tnt_demo,SHP-003135,export,INNSA,INMUN,6,7538.311,CUST-032,in_transit,USD,false
tnt_demo,SHP-003136,export,INMUN,CNSHA,3,24737.378,CUST-025,in_transit,EUR,false
tnt_demo,SHP-003137,import,SGSIN,INMUN,2,11910.259,CUST-021,arrived,EUR,false
tnt_demo,SHP-003138,export,INNSA,NLRTM,2,4736.986,CUST-004,in_transit,USD,false
tnt_demo,SHP-003139,import,CNSHA,INMAA,5,17800.669,CUST-016,in_transit,INR,false
tnt_demo,SHP-003140,export,INMUN,NLRTM,3,7863.652,CUST-047,in_transit,USD,false
tnt_demo,SHP-003141,import,NLRTM,CNSHA,5,6334.506,CUST-043,delivered,EUR,false
tnt_demo,SHP-003142,export,INNSA,SGSIN,3,7952.927,CUST-046,in_transit,USD,false
tnt_demo,SHP-003143,export,INNSA,AEJEA,2,12602.457,CUST-026,booked,INR,false
tnt_demo,SHP-003144,export,INNSA,NLRTM,4,11651.977,CUST-046,booked,INR,true
tnt_demo,SHP-003145,export,INNSA,DEHAM,3,21940.010,CUST-016,booked,USD,false
tnt_demo,SHP-003146,export,INNSA,INMAA,1,2332.708,CUST-006,booked,USD,false
tnt_demo,SHP-003147,import,AEJEA,SGSIN,5,5281.422,CUST-031,in_transit,USD,false
tnt_demo,SHP-003148,import,CNSHA,INNSA,2,8148.919,CUST-023,in_transit,EUR,false
tnt_demo,SHP-003149,export,INNSA,CNSHA,3,16941.988,CUST-001,in_transit,USD,false
tnt_demo,SHP-003150,export,INNSA,AEJEA,5,11100.539,CUST-010,delivered,INR,false
tnt_demo,SHP-003151,import,SGSIN,INMUN,5,20205.940,CUST-047,booked,USD,false
tnt_acme,SHP-003152,export,INNSA,INMUN,1,1734.777,CUST-005,in_transit,USD,false
tnt_demo,SHP-003153,export,INNSA,INMAA,5,10705.728,CUST-022,arrived,INR,false
tnt_demo,SHP-003154,import,CNSHA,SGSIN,1,13051.635,CUST-013,in_transit,USD,false
tnt_demo,SHP-003155,export,INNSA,USNYC,4,10034.349,CUST-004,booked,USD,false
tnt_demo,SHP-003156,export,INMAA,AEJEA,5,12446.013,CUST-009,booked,INR,false
tnt_demo,SHP-003157,import,SGSIN,NLRTM,4,10531.897,CUST-032,arrived,EUR,false
tnt_demo,SHP-003158,export,INNSA,SGSIN,4,19932.104,CUST-047,in_transit,USD,false
tnt_demo,SHP-003159,import,DEHAM,SGSIN,4,14543.653,CUST-040,booked,USD,false
tnt_demo,SHP-003160,import,SGSIN,DEHAM,5,14573.677,CUST-002,in_transit,USD,false
tnt_demo,SHP-003161,import,SGSIN,INMUN,5,11543.100,CUST-011,delivered,USD,false
tnt_demo,SHP-003162,import,CNSHA,INNSA,6,18042.789,CUST-031,booked,EUR,false
tnt_demo,SHP-003163,export,INNSA,AEJEA,5,23169.452,CUST-006,in_transit,INR,false
tnt_acme,SHP-003164,import,SGSIN,USNYC,1,19069.369,CUST-007,in_transit,EUR,false
tnt_demo,SHP-003165,export,INNSA,CNSHA,2,8858.296,CUST-013,in_transit,INR,false
tnt_acme,SHP-003166,import,SGSIN,NLRTM,4,9284.042,CUST-042,booked,AED,false
tnt_demo,SHP-003167,export,INNSA,INMUN,4,24188.902,CUST-039,delivered,USD,false
tnt_demo,SHP-003168,export,INNSA,SGSIN,6,7793.267,CUST-013,arrived,EUR,false
tnt_demo,SHP-003169,export,INNSA,CNSHA,6,21516.829,CUST-017,booked,INR,false
tnt_demo,SHP-003170,export,INNSA,NLRTM,4,24978.856,CUST-005,arrived,AED,false
tnt_demo,SHP-003171,export,INNSA,AEJEA,4,18030.334,CUST-035,in_transit,USD,false
tnt_demo,SHP-003172,export,INNSA,SGSIN,3,22880.682,CUST-040,in_transit,USD,false
tnt_demo,SHP-003173,import,SGSIN,AEJEA,2,14857.251,CUST-025,arrived,EUR,false
tnt_demo,SHP-003174,export,INMAA,INMUN,4,4587.331,CUST-002,in_transit,USD,false
tnt_demo,SHP-003175,export,INNSA,INMUN,4,21097.665,CUST-018,booked,USD,false
tnt_demo,SHP-003176,import,NLRTM,SGSIN,6,3994.178,CUST-018,arrived,USD,false
tnt_demo,SHP-003177,import,CNSHA,DEHAM,3,14241.629,CUST-022,in_transit,USD,false
tnt_demo,SHP-003178,import,SGSIN,NLRTM,2,21032.698,CUST-034,in_transit,INR,false
tnt_demo,SHP-003179,import,USNYC,AEJEA,1,7722.661,CUST-031,in_transit,INR,false
tnt_demo,SHP-003180,export,INNSA,INMAA,5,9693.251,CUST-008,booked,USD,false
tnt_demo,SHP-003181,export,INNSA,INMUN,6,21768.426,CUST-040,arrived,AED,false
tnt_demo,SHP-003182,export,INNSA,DEHAM,4,4847.063,CUST-016,arrived,INR,false
tnt_demo,SHP-003183,export,INMAA,NLRTM,6,11174.625,CUST-050,delivered,USD,false
tnt_demo,SHP-003184,import,SGSIN,INNSA,5,16317.671,CUST-049,in_transit,USD,false
tnt_demo,SHP-003185,import,NLRTM,CNSHA,2,24641.163,CUST-004,booked,USD,false
tnt_demo,SHP-003186,import,CNSHA,AEJEA,2,,CUST-020,booked,INR,false
tnt_acme,SHP-003187,export,INMAA,NLRTM,2,22393.067,CUST-023,delivered,INR,false
tnt_demo,SHP-003188,import,USNYC,INNSA,2,18043.996,CUST-041,in_transit,INR,false
tnt_demo,SHP-003189,export,INNSA,NLRTM,3,17147.057,CUST-043,arrived,USD,false
tnt_demo,SHP-003190,export,INNSA,SGSIN,4,2884.060,CUST-025,booked,INR,false
tnt_demo,SHP-003191,export,INNSA,NLRTM,3,2105.855,CUST-039,delivered,USD,false
tnt_demo,SHP-003192,import,CNSHA,INNSA,5,8286.390,CUST-048,arrived,AED,false
tnt_acme,SHP-003193,export,INNSA,SGSIN,4,19372.243,CUST-049,in_transit,AED,false
tnt_demo,SHP-003194,export,INMUN,SGSIN,5,23685.470,CUST-015,in_transit,EUR,false
tnt_demo,SHP-003195,export,INNSA,SGSIN,2,10183.299,CUST-009,arrived,INR,false
tnt_demo,SHP-003196,export,INMAA,SGSIN,3,19571.833,CUST-041,delivered,INR,false
tnt_demo,SHP-003197,import,SGSIN,INNSA,3,2958.514,CUST-050,booked,USD,false
tnt_demo,SHP-003198,import,SGSIN,AEJEA,2,15340.836,CUST-028,booked,USD,false
tnt_demo,SHP-003199,import,SGSIN,AEJEA,2,12970.168,CUST-025,booked,USD,false
tnt_demo,SHP-003200,export,INNSA,NLRTM,4,23760.845,CUST-001,in_transit,USD,false
tnt_demo,SHP-003201,export,INNSA,USNYC,6,17345.019,CUST-043,arrived,AED,false
tnt_demo,SHP-003202,import,SGSIN,INMUN,3,5238.603,CUST-014,in_transit,USD,false
tnt_demo,SHP-003203,import,SGSIN,CNSHA,2,11075.228,CUST-014,booked,USD,false
tnt_demo,SHP-003204,import,CNSHA,DEHAM,6,3628.621,CUST-041,in_transit,EUR,false
tnt_demo,SHP-003205,import,USNYC,INMUN,3,21252.471,CUST-031,arrived,INR,false
tnt_demo,SHP-003206,import,SGSIN,USNYC,5,12612.109,CUST-024,delivered,INR,false
tnt_demo,SHP-003207,import,AEJEA,INMUN,5,22712.347,CUST-006,in_transit,INR,false
tnt_demo,SHP-003208,import,CNSHA,DEHAM,4,9089.322,CUST-007,in_transit,EUR,false
tnt_demo,SHP-003209,import,SGSIN,AEJEA,5,4186.677,CUST-003,delivered,EUR,false
tnt_demo,SHP-003210,export,INMAA,INNSA,3,21951.616,CUST-042,booked,INR,false
tnt_demo,SHP-003211,import,AEJEA,INNSA,5,10914.180,CUST-019,in_transit,USD,false
tnt_demo,SHP-003212,export,INNSA,USNYC,2,16691.912,CUST-028,arrived,INR,false
tnt_demo,SHP-003213,export,INNSA,SGSIN,5,12888.279,CUST-050,in_transit,USD,false
tnt_demo,SHP-003214,import,SGSIN,CNSHA,1,16348.342,CUST-028,in_transit,INR,false
tnt_demo,SHP-003215,export,INNSA,NLRTM,3,13128.667,CUST-033,arrived,USD,false
tnt_demo,SHP-003216,export,INMAA,DEHAM,5,20528.099,CUST-047,booked,USD,false
tnt_demo,SHP-003217,export,INNSA,NLRTM,2,19452.289,CUST-022,in_transit,USD,false
tnt_demo,SHP-003218,import,CNSHA,USNYC,6,14963.143,CUST-042,in_transit,USD,false
tnt_demo,SHP-003219,export,INMAA,USNYC,3,1860.379,CUST-032,booked,USD,false
tnt_demo,SHP-003220,export,INNSA,USNYC,4,8784.258,CUST-034,booked,INR,false
tnt_acme,SHP-003221,import,USNYC,INNSA,2,14099.659,CUST-011,arrived,EUR,false
tnt_acme,SHP-003222,import,CNSHA,NLRTM,3,8965.842,CUST-001,in_transit,USD,false
tnt_demo,SHP-003223,import,SGSIN,CNSHA,4,24535.374,CUST-016,in_transit,USD,false
tnt_demo,SHP-003224,import,DEHAM,USNYC,6,24389.999,CUST-028,in_transit,INR,false
tnt_demo,SHP-003225,export,INNSA,NLRTM,3,21713.488,CUST-032,arrived,USD,false
tnt_demo,SHP-003226,export,INNSA,AEJEA,5,23138.515,CUST-014,in_transit,INR,false
tnt_demo,SHP-003227,import,CNSHA,DEHAM,4,7076.241,CUST-005,delivered,INR,false
tnt_demo,SHP-003228,export,INNSA,INMUN,1,2351.779,CUST-020,booked,INR,false
tnt_demo,SHP-003229,import,SGSIN,INMUN,6,17849.730,CUST-011,in_transit,INR,true
tnt_demo,SHP-003230,export,INNSA,NLRTM,4,12903.923,CUST-021,arrived,USD,false
tnt_demo,SHP-003231,export,INNSA,INMUN,4,21460.495,CUST-040,booked,INR,false
tnt_demo,SHP-003232,export,INNSA,DEHAM,2,23056.706,CUST-019,in_transit,USD,false
tnt_acme,SHP-003233,export,INMAA,SGSIN,4,24921.489,CUST-006,in_transit,USD,true
tnt_demo,SHP-003234,import,AEJEA,SGSIN,3,15278.698,CUST-041,delivered,AED,false
tnt_demo,SHP-003235,export,INNSA,CNSHA,4,24368.596,CUST-007,in_transit,USD,false
tnt_demo,SHP-003236,import,CNSHA,DEHAM,4,16217.542,CUST-007,arrived,USD,false
tnt_demo,SHP-003237,import,SGSIN,INMUN,5,11486.937,CUST-001,in_transit,INR,false
tnt_demo,SHP-003238,export,INMAA,AEJEA,5,24757.329,CUST-011,in_transit,INR,false
tnt_demo,SHP-003239,import,CNSHA,NLRTM,2,3141.861,CUST-003,booked,INR,false
tnt_demo,SHP-003240,import,CNSHA,AEJEA,5,10458.563,CUST-039,in_transit,INR,false
tnt_demo,SHP-003241,import,CNSHA,NLRTM,4,24600.245,CUST-015,in_transit,INR,false
tnt_demo,SHP-003242,import,SGSIN,INNSA,4,3207.278,CUST-039,booked,USD,false
tnt_demo,SHP-003243,import,SGSIN,AEJEA,4,2668.774,CUST-001,delivered,USD,false
tnt_demo,SHP-003244,import,CNSHA,SGSIN,6,6124.319,CUST-042,in_transit,USD,false
tnt_demo,SHP-003245,export,INMAA,INNSA,5,6196.202,CUST-027,booked,INR,false
tnt_demo,SHP-003246,import,SGSIN,INNSA,5,4944.448,CUST-048,in_transit,USD,false
tnt_demo,SHP-003247,export,INNSA,CNSHA,6,16615.330,CUST-032,booked,EUR,false
tnt_demo,SHP-003248,export,INNSA,NLRTM,4,1732.545,CUST-031,arrived,USD,false
tnt_demo,SHP-003249,export,INNSA,DEHAM,1,14164.812,CUST-026,arrived,USD,false
tnt_demo,SHP-003250,export,INMAA,SGSIN,1,11899.191,CUST-042,in_transit,INR,false
tnt_demo,SHP-003251,import,CNSHA,INNSA,2,6209.547,CUST-007,booked,EUR,false
tnt_demo,SHP-003252,import,CNSHA,AEJEA,3,9609.170,CUST-050,in_transit,EUR,false
tnt_demo,SHP-003253,export,INMAA,USNYC,6,22538.298,CUST-045,arrived,INR,false
tnt_demo,SHP-003254,import,SGSIN,INMUN,5,5587.680,CUST-018,in_transit,INR,false
tnt_demo,SHP-003255,import,DEHAM,CNSHA,6,17859.760,CUST-036,in_transit,INR,false
tnt_demo,SHP-003256,export,INNSA,SGSIN,2,5876.873,CUST-020,in_transit,INR,false
tnt_demo,SHP-003257,import,SGSIN,DEHAM,4,2245.968,CUST-029,booked,USD,false
tnt_demo,SHP-003258,import,DEHAM,SGSIN,6,502.225,CUST-009,booked,INR,false
tnt_demo,SHP-003259,export,INNSA,CNSHA,4,9932.213,CUST-014,in_transit,USD,false
tnt_demo,SHP-003260,export,INMUN,NLRTM,6,5810.185,CUST-012,booked,USD,false
tnt_demo,SHP-003261,export,INMAA,NLRTM,4,21441.263,CUST-008,in_transit,INR,false
tnt_demo,SHP-003262,export,INMAA,USNYC,1,22545.996,CUST-006,in_transit,INR,false
tnt_demo,SHP-003263,export,INMAA,AEJEA,4,1071.742,CUST-033,booked,INR,false
tnt_acme,SHP-003264,import,SGSIN,NLRTM,4,13483.777,CUST-021,in_transit,EUR,false
tnt_demo,SHP-003265,export,INNSA,DEHAM,3,18112.249,CUST-027,arrived,USD,false
tnt_demo,SHP-003266,export,INNSA,DEHAM,2,1431.121,CUST-032,in_transit,USD,false
tnt_demo,SHP-003267,export,INNSA,USNYC,3,21620.102,CUST-042,arrived,USD,false
tnt_demo,SHP-003268,import,CNSHA,INNSA,3,12613.725,CUST-044,in_transit,USD,false
tnt_demo,SHP-003269,export,INNSA,INMAA,5,21164.086,CUST-027,delivered,USD,false
tnt_demo,SHP-003270,import,AEJEA,INMUN,2,15505.109,CUST-024,in_transit,USD,false
tnt_demo,SHP-003271,import,AEJEA,INMAA,1,13819.014,CUST-040,booked,USD,false
tnt_demo,SHP-003272,export,INNSA,USNYC,3,18627.242,CUST-045,arrived,INR,false
tnt_demo,SHP-003273,import,SGSIN,USNYC,6,9444.885,CUST-007,booked,USD,false
tnt_demo,SHP-003274,export,INMAA,DEHAM,1,7845.059,CUST-039,in_transit,INR,false
tnt_demo,SHP-003275,export,INMUN,CNSHA,6,11914.843,CUST-029,delivered,USD,false
tnt_demo,SHP-003276,import,SGSIN,CNSHA,5,23544.532,CUST-017,arrived,EUR,false
tnt_demo,SHP-003277,import,NLRTM,INNSA,4,22450.791,CUST-044,booked,INR,false
tnt_demo,SHP-003278,export,INMAA,DEHAM,6,7829.665,CUST-029,booked,USD,false
tnt_demo,SHP-003279,export,INNSA,INMAA,5,9315.759,CUST-023,booked,INR,false
tnt_demo,SHP-003280,import,CNSHA,AEJEA,5,15134.785,CUST-016,in_transit,USD,false
tnt_demo,SHP-003281,import,SGSIN,CNSHA,2,2235.402,CUST-034,in_transit,USD,false
tnt_demo,SHP-003282,import,USNYC,INNSA,3,16279.314,CUST-035,booked,USD,false
tnt_demo,SHP-003283,import,SGSIN,INMAA,4,24276.188,CUST-009,delivered,USD,false
tnt_demo,SHP-003284,export,INNSA,USNYC,3,23603.214,CUST-007,delivered,INR,false
tnt_acme,SHP-003285,import,CNSHA,SGSIN,6,4289.455,CUST-023,in_transit,USD,false
tnt_demo,SHP-003286,import,CNSHA,INMUN,5,4977.666,CUST-015,arrived,USD,false
tnt_demo,SHP-003287,export,INNSA,INMAA,5,19488.244,CUST-012,arrived,USD,false
tnt_demo,SHP-003288,import,NLRTM,CNSHA,3,5789.836,CUST-009,booked,EUR,false
tnt_acme,SHP-003289,import,SGSIN,USNYC,3,5803.594,CUST-031,delivered,EUR,false
tnt_demo,SHP-003290,import,CNSHA,INMUN,3,1042.115,CUST-034,arrived,USD,false
tnt_demo,SHP-003291,export,INNSA,INMUN,5,19782.036,CUST-018,arrived,USD,false
tnt_demo,SHP-003292,export,INNSA,AEJEA,1,7455.123,CUST-022,in_transit,EUR,false
tnt_demo,SHP-003293,import,SGSIN,AEJEA,2,7709.936,CUST-035,in_transit,INR,false
tnt_demo,SHP-003294,export,INNSA,DEHAM,2,21243.408,CUST-037,arrived,INR,false
tnt_demo,SHP-003295,export,INNSA,CNSHA,3,15548.475,CUST-024,booked,INR,false
tnt_demo,SHP-003296,import,SGSIN,USNYC,4,12977.986,CUST-004,in_transit,USD,false
tnt_demo,SHP-003297,export,INNSA,AEJEA,2,18232.380,CUST-023,arrived,INR,false
tnt_acme,SHP-003298,import,CNSHA,INMUN,6,10869.862,CUST-015,booked,EUR,false
tnt_demo,SHP-003299,import,DEHAM,CNSHA,1,930.542,CUST-050,arrived,USD,false
tnt_demo,SHP-003300,export,INNSA,INMAA,5,5541.939,CUST-009,in_transit,USD,false
tnt_demo,SHP-003301,import,NLRTM,CNSHA,5,11039.956,CUST-026,in_transit,USD,false
tnt_demo,SHP-003302,export,INNSA,INMUN,1,19973.397,CUST-042,booked,INR,false
tnt_demo,SHP-003303,export,INMAA,DEHAM,3,14625.651,CUST-038,in_transit,INR,false
tnt_demo,SHP-003304,import,NLRTM,CNSHA,3,,CUST-013,booked,USD,false
tnt_demo,SHP-003305,export,INMAA,NLRTM,4,5292.186,CUST-045,in_transit,INR,false
tnt_demo,SHP-003306,import,CNSHA,DEHAM,6,20952.233,CUST-033,booked,USD,false
tnt_demo,SHP-003307,import,CNSHA,NLRTM,6,16535.338,CUST-016,booked,INR,false
tnt_demo,SHP-003308,export,INNSA,AEJEA,2,,CUST-028,arrived,USD,false
tnt_demo,SHP-003309,export,INNSA,NLRTM,6,17248.185,CUST-002,in_transit,EUR,false
tnt_demo,SHP-003310,import,CNSHA,SGSIN,4,23864.819,CUST-024,arrived,USD,false
tnt_demo,SHP-003311,import,SGSIN,INMUN,4,22555.317,CUST-042,in_transit,USD,false
tnt_acme,SHP-003312,export,INNSA,INMAA,5,10392.342,CUST-031,in_transit,INR,false
tnt_demo,SHP-003313,import,DEHAM,AEJEA,2,,CUST-041,delivered,USD,false
tnt_acme,SHP-003314,export,INNSA,INMUN,4,20194.323,CUST-015,booked,INR,false
tnt_demo,SHP-003315,export,INNSA,NLRTM,3,8143.639,CUST-043,booked,AED,false
tnt_demo,SHP-003316,import,CNSHA,INMAA,5,5975.513,CUST-005,in_transit,USD,false
tnt_demo,SHP-003317,export,INNSA,SGSIN,5,15919.645,CUST-042,booked,USD,false
tnt_demo,SHP-003318,import,CNSHA,USNYC,6,966.044,CUST-019,arrived,USD,false
tnt_demo,SHP-003319,import,CNSHA,NLRTM,5,12566.043,CUST-043,booked,EUR,true
tnt_demo,SHP-003320,import,AEJEA,SGSIN,6,1156.276,CUST-018,in_transit,INR,false
tnt_demo,SHP-003321,import,SGSIN,AEJEA,4,13886.335,CUST-036,delivered,EUR,false
tnt_demo,SHP-003322,export,INMAA,INMUN,1,23232.250,CUST-039,booked,INR,false
tnt_acme,SHP-003323,import,USNYC,SGSIN,1,4030.945,CUST-048,booked,USD,false
tnt_demo,SHP-003324,export,INMAA,INMUN,4,18804.599,CUST-023,booked,USD,false
tnt_demo,SHP-003325,export,INNSA,DEHAM,2,8501.940,CUST-037,booked,AED,false
tnt_demo,SHP-003326,export,INNSA,INMUN,6,760.340,CUST-029,booked,EUR,false
tnt_demo,SHP-003327,export,INMAA,INNSA,3,22979.702,CUST-012,delivered,AED,false
tnt_demo,SHP-003328,import,SGSIN,INMAA,6,23870.257,CUST-020,booked,USD,false
tnt_demo,SHP-003329,export,INMUN,INNSA,6,8704.985,CUST-018,booked,USD,false
tnt_demo,SHP-003330,export,INNSA,CNSHA,6,10535.082,CUST-011,in_transit,EUR,false
tnt_demo,SHP-003331,export,INMAA,SGSIN,4,15529.561,CUST-027,booked,INR,true
tnt_demo,SHP-003332,import,SGSIN,CNSHA,4,24772.534,CUST-050,delivered,USD,false
tnt_acme,SHP-003333,import,SGSIN,USNYC,4,17913.568,CUST-007,booked,INR,false
tnt_demo,SHP-003334,export,INMAA,AEJEA,1,,CUST-038,in_transit,USD,false
tnt_acme,SHP-003335,import,USNYC,INMAA,3,6973.291,CUST-009,booked,USD,true
tnt_demo,SHP-003336,import,SGSIN,INNSA,2,3999.904,CUST-037,booked,USD,false
tnt_demo,SHP-003337,import,CNSHA,DEHAM,5,21266.460,CUST-020,booked,USD,false
tnt_demo,SHP-003338,export,INMAA,INNSA,1,22863.645,CUST-021,booked,INR,false
tnt_demo,SHP-003339,import,DEHAM,INMUN,3,5785.767,CUST-014,delivered,USD,false
tnt_demo,SHP-003340,import,SGSIN,USNYC,4,5203.989,CUST-010,in_transit,INR,false
tnt_demo,SHP-003341,export,INNSA,AEJEA,2,5010.232,CUST-029,booked,USD,false
tnt_demo,SHP-003342,import,SGSIN,CNSHA,5,19761.514,CUST-030,in_transit,INR,false
tnt_demo,SHP-003343,import,DEHAM,INMUN,1,19361.908,CUST-018,booked,INR,false
tnt_demo,SHP-003344,export,INMAA,CNSHA,6,20707.014,CUST-014,booked,USD,false
tnt_demo,SHP-003345,import,SGSIN,INMAA,5,23541.241,CUST-008,delivered,USD,false
tnt_demo,SHP-003346,import,AEJEA,DEHAM,1,6812.593,CUST-049,arrived,USD,false
tnt_demo,SHP-003347,export,INMAA,CNSHA,2,15346.363,CUST-031,booked,INR,false
tnt_demo,SHP-003348,export,INMAA,CNSHA,2,5174.034,CUST-005,in_transit,USD,false
tnt_demo,SHP-003349,import,SGSIN,CNSHA,2,10626.143,CUST-037,booked,INR,false
tnt_demo,SHP-003350,export,INNSA,DEHAM,5,24928.920,CUST-019,delivered,INR,false
tnt_demo,SHP-003351,import,USNYC,DEHAM,1,22641.141,CUST-012,booked,USD,false
tnt_demo,SHP-003352,import,CNSHA,DEHAM,4,23160.826,CUST-033,delivered,USD,false
tnt_demo,SHP-003353,import,CNSHA,USNYC,1,6296.503,CUST-045,in_transit,EUR,false
tnt_demo,SHP-003354,export,INNSA,NLRTM,5,1346.449,CUST-042,in_transit,INR,false
tnt_demo,SHP-003355,import,AEJEA,INMAA,4,3815.356,CUST-047,delivered,EUR,false
tnt_demo,SHP-003356,export,INNSA,INMAA,5,24429.664,CUST-040,in_transit,USD,false
tnt_acme,SHP-003357,export,INMAA,SGSIN,2,2532.581,CUST-012,delivered,INR,false
tnt_demo,SHP-003358,export,INNSA,CNSHA,1,22826.322,CUST-013,arrived,USD,true
tnt_demo,SHP-003359,export,INNSA,AEJEA,2,10452.925,CUST-036,booked,EUR,false
tnt_demo,SHP-003360,import,CNSHA,INMUN,3,14784.347,CUST-037,booked,INR,false
tnt_demo,SHP-003361,import,DEHAM,AEJEA,1,895.340,CUST-034,arrived,USD,false
tnt_demo,SHP-003362,export,INMAA,USNYC,3,23973.406,CUST-047,in_transit,EUR,false
tnt_demo,SHP-003363,export,INNSA,CNSHA,4,22705.312,CUST-010,in_transit,USD,false
tnt_demo,SHP-003364,export,INNSA,SGSIN,5,2175.582,CUST-002,delivered,INR,false
tnt_demo,SHP-003365,import,CNSHA,SGSIN,4,,CUST-035,in_transit,INR,false
tnt_demo,SHP-003366,import,CNSHA,INNSA,5,13940.843,CUST-024,delivered,EUR,false
tnt_demo,SHP-003367,export,INMAA,CNSHA,5,19519.019,CUST-020,in_transit,USD,true
tnt_demo,SHP-003368,export,INMAA,INMUN,5,21731.844,CUST-013,in_transit,USD,false
tnt_demo,SHP-003369,export,INMUN,INMAA,2,23413.355,CUST-020,booked,USD,false
tnt_demo,SHP-003370,export,INNSA,DEHAM,4,2152.686,CUST-021,in_transit,AED,false
tnt_demo,SHP-003371,export,INNSA,INMAA,2,23505.365,CUST-001,in_transit,INR,false
tnt_demo,SHP-003372,export,INNSA,DEHAM,6,7535.444,CUST-031,booked,EUR,false
tnt_acme,SHP-003373,export,INNSA,INMUN,5,17356.509,CUST-003,booked,INR,true
tnt_demo,SHP-003374,import,SGSIN,DEHAM,1,3640.535,CUST-009,booked,INR,false
tnt_demo,SHP-003375,import,CNSHA,USNYC,6,5789.873,CUST-014,arrived,EUR,false
tnt_demo,SHP-003376,import,AEJEA,SGSIN,1,24596.032,CUST-026,in_transit,USD,true
tnt_demo,SHP-003377,import,SGSIN,NLRTM,2,14210.871,CUST-027,in_transit,USD,false
tnt_demo,SHP-003378,export,INNSA,USNYC,2,10792.693,CUST-044,delivered,USD,false
tnt_demo,SHP-003379,import,AEJEA,USNYC,6,10830.431,CUST-014,in_transit,AED,false
tnt_demo,SHP-003380,export,INNSA,DEHAM,3,7355.222,CUST-011,delivered,EUR,false
tnt_demo,SHP-003381,export,INNSA,USNYC,6,15475.643,CUST-041,booked,EUR,false
tnt_demo,SHP-003382,export,INNSA,AEJEA,2,7595.088,CUST-014,in_transit,USD,false
tnt_demo,SHP-003383,export,INMAA,USNYC,1,24469.332,CUST-021,booked,INR,false
tnt_demo,SHP-003384,import,CNSHA,AEJEA,2,8477.911,CUST-016,in_transit,INR,false
tnt_demo,SHP-003385,export,INNSA,NLRTM,2,23367.715,CUST-016,in_transit,AED,false
tnt_demo,SHP-003386,import,SGSIN,INMUN,1,8597.863,CUST-021,booked,EUR,false
tnt_demo,SHP-003387,export,INNSA,INMAA,2,24238.807,CUST-013,booked,USD,false
tnt_demo,SHP-003388,import,USNYC,INMAA,5,20909.830,CUST-028,in_transit,INR,false
tnt_demo,SHP-003389,import,CNSHA,NLRTM,1,9877.341,CUST-047,in_transit,INR,false
tnt_demo,SHP-003390,import,SGSIN,NLRTM,5,12881.376,CUST-018,in_transit,INR,false
tnt_demo,SHP-003391,import,SGSIN,NLRTM,2,24127.736,CUST-021,in_transit,INR,false
tnt_demo,SHP-003392,import,NLRTM,INMAA,5,24509.656,CUST-050,in_transit,EUR,false
tnt_demo,SHP-003393,export,INNSA,INMUN,4,9429.970,CUST-007,arrived,EUR,true
tnt_demo,SHP-003394,import,SGSIN,CNSHA,1,14702.314,CUST-021,in_transit,USD,false
tnt_demo,SHP-003395,export,INMUN,INNSA,2,12060.774,CUST-037,arrived,USD,false
tnt_acme,SHP-003396,export,INNSA,AEJEA,2,6968.229,CUST-029,in_transit,INR,false
tnt_demo,SHP-003397,import,CNSHA,INNSA,1,15172.355,CUST-002,arrived,USD,false
tnt_demo,SHP-003398,export,INMAA,USNYC,2,10620.561,CUST-049,in_transit,USD,false
tnt_acme,SHP-003399,import,CNSHA,USNYC,3,15498.616,CUST-029,delivered,INR,false
tnt_demo,SHP-003400,import,CNSHA,INNSA,5,4325.227,CUST-014,in_transit,INR,false
tnt_demo,SHP-003401,import,CNSHA,INMAA,6,9068.773,CUST-015,in_transit,EUR,false
tnt_acme,SHP-003402,export,INNSA,NLRTM,3,1163.561,CUST-021,in_transit,INR,false
tnt_demo,SHP-003403,export,INNSA,CNSHA,3,13347.422,CUST-022,booked,USD,false
tnt_demo,SHP-003404,import,CNSHA,DEHAM,2,9430.630,CUST-039,in_transit,USD,false
tnt_demo,SHP-003405,export,INMUN,INNSA,1,3488.434,CUST-036,booked,USD,false
tnt_demo,SHP-003406,import,SGSIN,CNSHA,6,11730.858,CUST-018,in_transit,USD,false
tnt_demo,SHP-003407,export,INNSA,CNSHA,2,20845.851,CUST-003,booked,EUR,true
tnt_demo,SHP-003408,import,NLRTM,AEJEA,2,4645.584,CUST-021,in_transit,USD,false
tnt_demo,SHP-003409,export,INMAA,AEJEA,3,2206.045,CUST-032,arrived,EUR,false
tnt_demo,SHP-003410,export,INMAA,SGSIN,4,21111.896,CUST-045,in_transit,USD,false
tnt_demo,SHP-003411,export,INNSA,USNYC,2,2379.655,CUST-004,arrived,INR,false
tnt_acme,SHP-003412,import,NLRTM,CNSHA,3,18980.910,CUST-018,arrived,USD,false
tnt_demo,SHP-003413,import,CNSHA,DEHAM,4,5094.720,CUST-028,in_transit,INR,false
tnt_demo,SHP-003414,export,INMAA,NLRTM,4,15740.483,CUST-010,booked,USD,false
tnt_demo,SHP-003415,import,SGSIN,INMUN,3,20528.877,CUST-001,in_transit,EUR,false
tnt_demo,SHP-003416,import,SGSIN,DEHAM,2,1078.824,CUST-044,booked,EUR,false
tnt_acme,SHP-003417,import,CNSHA,INMAA,4,2034.696,CUST-036,in_transit,INR,false
tnt_acme,SHP-003418,export,INNSA,CNSHA,2,22856.281,CUST-004,in_transit,USD,false
tnt_demo,SHP-003419,import,CNSHA,INMAA,6,6626.557,CUST-015,booked,EUR,false
tnt_demo,SHP-003420,import,CNSHA,INNSA,2,2160.458,CUST-021,in_transit,EUR,false
tnt_demo,SHP-003421,export,INNSA,SGSIN,4,16440.277,CUST-040,delivered,INR,false
tnt_demo,SHP-003422,import,DEHAM,AEJEA,6,4483.632,CUST-018,in_transit,INR,false
tnt_acme,SHP-003423,import,CNSHA,NLRTM,3,1245.781,CUST-007,in_transit,INR,false
tnt_acme,SHP-003424,export,INNSA,AEJEA,3,3555.081,CUST-020,in_transit,INR,false
tnt_demo,SHP-003425,import,USNYC,SGSIN,1,8258.282,CUST-013,delivered,INR,false
tnt_demo,SHP-003426,import,DEHAM,INMUN,4,10099.127,CUST-041,in_transit,INR,false
tnt_demo,SHP-003427,export,INMAA,USNYC,4,10139.807,CUST-046,booked,USD,false
tnt_demo,SHP-003428,import,USNYC,NLRTM,2,5405.627,CUST-022,in_transit,USD,false
tnt_demo,SHP-003429,import,NLRTM,USNYC,3,6566.293,CUST-040,in_transit,AED,false
tnt_demo,SHP-003430,export,INNSA,INMUN,2,10596.981,CUST-024,booked,USD,false
tnt_demo,SHP-003431,import,DEHAM,USNYC,5,19045.930,CUST-023,in_transit,INR,false
tnt_demo,SHP-003432,export,INMAA,CNSHA,3,2518.718,CUST-007,booked,USD,false
tnt_demo,SHP-003433,import,SGSIN,USNYC,4,24415.315,CUST-009,booked,USD,false
tnt_demo,SHP-003434,import,DEHAM,INMAA,3,4501.324,CUST-035,arrived,USD,false
tnt_demo,SHP-003435,import,USNYC,AEJEA,5,11972.917,CUST-036,in_transit,INR,false
tnt_demo,SHP-003436,export,INNSA,SGSIN,5,22896.675,CUST-039,booked,INR,false
tnt_demo,SHP-003437,import,AEJEA,CNSHA,6,9522.911,CUST-014,in_transit,USD,false
tnt_demo,SHP-003438,export,INMAA,DEHAM,3,3923.605,CUST-008,arrived,EUR,false
tnt_acme,SHP-003439,export,INNSA,SGSIN,5,14870.634,CUST-021,booked,INR,false
tnt_demo,SHP-003440,export,INNSA,CNSHA,6,13574.908,CUST-043,arrived,EUR,false
tnt_demo,SHP-003441,export,INMAA,NLRTM,5,24057.539,CUST-033,in_transit,USD,false
tnt_demo,SHP-003442,import,CNSHA,SGSIN,3,1511.279,CUST-024,delivered,USD,false
tnt_demo,SHP-003443,import,SGSIN,INMAA,3,9052.159,CUST-027,arrived,USD,false
tnt_demo,SHP-003444,import,SGSIN,INNSA,1,21671.594,CUST-004,booked,INR,false
tnt_demo,SHP-003445,import,CNSHA,INMAA,4,8319.232,CUST-014,in_transit,USD,false
tnt_demo,SHP-003446,export,INNSA,CNSHA,1,,CUST-015,in_transit,INR,false
tnt_demo,SHP-003447,import,SGSIN,AEJEA,3,20433.516,CUST-026,in_transit,AED,false
tnt_demo,SHP-003448,import,NLRTM,INMAA,2,12216.446,CUST-010,delivered,USD,false
tnt_demo,SHP-003449,import,USNYC,AEJEA,4,18966.944,CUST-035,booked,EUR,false
tnt_demo,SHP-003450,import,SGSIN,DEHAM,3,15611.968,CUST-009,booked,USD,false
tnt_acme,SHP-003451,import,USNYC,INNSA,4,7761.406,CUST-006,booked,USD,false
tnt_demo,SHP-003452,import,CNSHA,USNYC,1,6996.433,CUST-006,booked,USD,false
tnt_acme,SHP-003453,export,INNSA,AEJEA,2,,CUST-035,in_transit,INR,false
tnt_demo,SHP-003454,export,INNSA,NLRTM,6,,CUST-001,in_transit,INR,false
tnt_demo,SHP-003455,import,SGSIN,INNSA,3,,CUST-001,in_transit,USD,false
tnt_demo,SHP-003456,import,CNSHA,AEJEA,1,3514.263,CUST-028,delivered,USD,false
tnt_demo,SHP-003457,import,CNSHA,NLRTM,6,1155.507,CUST-040,booked,USD,false
tnt_demo,SHP-003458,import,CNSHA,NLRTM,1,18197.166,CUST-020,in_transit,INR,false
tnt_demo,SHP-003459,export,INNSA,USNYC,5,2495.213,CUST-045,arrived,USD,false
tnt_demo,SHP-003460,export,INNSA,USNYC,4,17402.638,CUST-006,booked,EUR,false
tnt_demo,SHP-003461,import,USNYC,INMAA,5,14844.022,CUST-032,booked,INR,false
tnt_demo,SHP-003462,export,INNSA,INMUN,2,1694.360,CUST-006,in_transit,USD,false
tnt_demo,SHP-003463,import,SGSIN,NLRTM,5,10363.614,CUST-021,booked,USD,true
tnt_demo,SHP-003464,export,INMAA,CNSHA,4,23203.450,CUST-050,booked,USD,false
tnt_demo,SHP-003465,import,CNSHA,USNYC,4,5220.494,CUST-035,in_transit,USD,false
tnt_demo,SHP-003466,export,INMAA,DEHAM,6,4342.810,CUST-005,in_transit,USD,false
tnt_demo,SHP-003467,export,INNSA,DEHAM,3,13748.351,CUST-045,in_transit,INR,false
tnt_demo,SHP-003468,export,INNSA,INMAA,2,6852.555,CUST-003,arrived,USD,false
tnt_demo,SHP-003469,export,INNSA,USNYC,1,24580.210,CUST-023,delivered,USD,false
tnt_demo,SHP-003470,export,INMUN,SGSIN,6,11200.092,CUST-014,in_transit,USD,false
tnt_demo,SHP-003471,export,INNSA,SGSIN,3,9414.922,CUST-012,in_transit,USD,false
tnt_demo,SHP-003472,export,INNSA,DEHAM,6,18498.665,CUST-042,delivered,INR,false
tnt_demo,SHP-003473,import,CNSHA,DEHAM,3,,CUST-001,booked,INR,false
tnt_demo,SHP-003474,export,INNSA,SGSIN,4,11672.005,CUST-016,in_transit,INR,false
tnt_demo,SHP-003475,import,USNYC,DEHAM,2,20687.333,CUST-023,delivered,USD,true
tnt_demo,SHP-003476,export,INMUN,SGSIN,6,3986.745,CUST-016,arrived,INR,false
tnt_demo,SHP-003477,export,INNSA,DEHAM,4,4418.256,CUST-023,arrived,USD,false
tnt_demo,SHP-003478,import,DEHAM,SGSIN,6,18631.840,CUST-003,arrived,EUR,false
tnt_demo,SHP-003479,export,INMAA,INMUN,1,17670.476,CUST-012,in_transit,AED,false
tnt_demo,SHP-003480,import,DEHAM,INMUN,1,23296.772,CUST-017,booked,INR,false
tnt_demo,SHP-003481,export,INNSA,AEJEA,5,22798.820,CUST-008,booked,INR,false
tnt_demo,SHP-003482,import,DEHAM,USNYC,5,24747.994,CUST-038,booked,INR,false
tnt_demo,SHP-003483,export,INMUN,AEJEA,4,22193.973,CUST-042,booked,USD,false
tnt_demo,SHP-003484,import,USNYC,DEHAM,6,18288.129,CUST-043,booked,USD,false
tnt_demo,SHP-003485,export,INMAA,INNSA,3,,CUST-029,delivered,USD,true
tnt_acme,SHP-003486,import,DEHAM,USNYC,6,,CUST-026,booked,USD,false
tnt_demo,SHP-003487,export,INNSA,CNSHA,2,16069.105,CUST-032,delivered,AED,false
tnt_demo,SHP-003488,import,AEJEA,USNYC,1,23206.496,CUST-032,in_transit,USD,false
tnt_demo,SHP-003489,import,CNSHA,INMAA,4,24967.261,CUST-004,delivered,INR,false
tnt_demo,SHP-003490,export,INNSA,INMUN,2,21192.025,CUST-026,delivered,INR,false
tnt_demo,SHP-003491,import,DEHAM,INNSA,3,20989.300,CUST-008,in_transit,USD,false
tnt_demo,SHP-003492,import,DEHAM,INMUN,2,8100.235,CUST-045,arrived,INR,false
tnt_demo,SHP-003493,import,CNSHA,AEJEA,5,14473.442,CUST-034,in_transit,USD,false
tnt_demo,SHP-003494,import,AEJEA,INNSA,4,12849.519,CUST-017,delivered,INR,false
tnt_demo,SHP-003495,import,DEHAM,CNSHA,4,16885.576,CUST-038,booked,USD,false
tnt_demo,SHP-003496,export,INMUN,AEJEA,1,21079.790,CUST-047,arrived,USD,false
tnt_demo,SHP-003497,import,DEHAM,INMAA,5,21214.105,CUST-026,booked,USD,false
tnt_demo,SHP-003498,export,INMAA,SGSIN,4,14413.193,CUST-023,arrived,USD,false
tnt_demo,SHP-003499,export,INNSA,CNSHA,5,21886.400,CUST-032,booked,INR,false
tnt_demo,SHP-003500,export,INNSA,DEHAM,3,18551.971,CUST-046,booked,EUR,false
tnt_acme,SHP-003501,export,INNSA,NLRTM,3,6656.424,CUST-042,delivered,USD,false
tnt_demo,SHP-003502,export,INNSA,CNSHA,1,17422.736,CUST-033,in_transit,EUR,false
tnt_demo,SHP-003503,export,INMAA,SGSIN,2,7504.173,CUST-037,booked,INR,false
tnt_demo,SHP-003504,export,INMAA,INMUN,3,10182.859,CUST-007,arrived,USD,false
tnt_demo,SHP-003505,import,SGSIN,CNSHA,2,22598.494,CUST-043,in_transit,INR,false
tnt_demo,SHP-003506,import,CNSHA,NLRTM,4,17775.450,CUST-001,in_transit,INR,false
tnt_demo,SHP-003507,export,INMAA,DEHAM,3,19819.777,CUST-013,arrived,INR,false
tnt_demo,SHP-003508,export,INNSA,DEHAM,3,24667.614,CUST-011,arrived,EUR,false
tnt_demo,SHP-003509,import,CNSHA,INNSA,1,16884.036,CUST-028,in_transit,AED,false
tnt_demo,SHP-003510,export,INMUN,SGSIN,3,892.589,CUST-010,booked,INR,false
tnt_demo,SHP-003511,export,INMUN,CNSHA,5,6798.464,CUST-049,booked,INR,false
tnt_demo,SHP-003512,export,INNSA,AEJEA,1,8505.379,CUST-016,in_transit,USD,false
tnt_demo,SHP-003513,import,CNSHA,USNYC,1,5113.700,CUST-020,in_transit,EUR,true
tnt_demo,SHP-003514,import,CNSHA,SGSIN,4,8252.169,CUST-002,arrived,USD,false
tnt_demo,SHP-003515,import,DEHAM,INNSA,4,12722.852,CUST-043,delivered,USD,false
tnt_demo,SHP-003516,import,DEHAM,AEJEA,4,7487.354,CUST-031,booked,EUR,false
tnt_demo,SHP-003517,import,DEHAM,INMUN,5,,CUST-020,arrived,AED,false
tnt_demo,SHP-003518,import,SGSIN,INMUN,5,13148.888,CUST-019,in_transit,INR,false
tnt_demo,SHP-003519,import,USNYC,DEHAM,1,24145.166,CUST-030,booked,EUR,false
tnt_demo,SHP-003520,import,CNSHA,INMAA,1,1081.588,CUST-034,in_transit,INR,false
tnt_demo,SHP-003521,import,CNSHA,INMAA,3,16473.864,CUST-049,arrived,EUR,true
tnt_demo,SHP-003522,export,INMUN,USNYC,3,6126.209,CUST-030,in_transit,USD,false
tnt_demo,SHP-003523,export,INNSA,INMUN,6,23336.777,CUST-006,delivered,INR,false
tnt_demo,SHP-003524,import,NLRTM,AEJEA,2,16617.610,CUST-009,arrived,USD,false
tnt_demo,SHP-003525,export,INMAA,CNSHA,1,13194.275,CUST-025,booked,USD,false
tnt_demo,SHP-003526,export,INMAA,SGSIN,6,22248.754,CUST-044,booked,EUR,false
tnt_demo,SHP-003527,import,CNSHA,SGSIN,5,8995.680,CUST-032,arrived,AED,false
tnt_demo,SHP-003528,export,INNSA,CNSHA,4,20119.837,CUST-007,in_transit,INR,false
tnt_demo,SHP-003529,export,INMAA,USNYC,2,1304.401,CUST-034,booked,INR,false
tnt_demo,SHP-003530,import,SGSIN,AEJEA,4,909.377,CUST-028,booked,EUR,false
tnt_demo,SHP-003531,import,SGSIN,INNSA,6,12653.756,CUST-048,in_transit,USD,false
tnt_demo,SHP-003532,export,INNSA,INMUN,1,10517.708,CUST-033,booked,INR,false
tnt_demo,SHP-003533,export,INNSA,DEHAM,5,3687.358,CUST-028,booked,INR,true
tnt_acme,SHP-003534,import,SGSIN,NLRTM,3,13034.545,CUST-024,arrived,USD,false
tnt_demo,SHP-003535,export,INMAA,AEJEA,6,24727.999,CUST-035,arrived,INR,false
tnt_demo,SHP-003536,import,SGSIN,DEHAM,2,3265.334,CUST-003,in_transit,EUR,false
tnt_demo,SHP-003537,export,INNSA,DEHAM,2,15768.781,CUST-049,in_transit,USD,false
tnt_demo,SHP-003538,import,SGSIN,DEHAM,1,17065.930,CUST-049,arrived,USD,false
tnt_demo,SHP-003539,export,INMAA,USNYC,1,12033.469,CUST-032,arrived,USD,false
tnt_demo,SHP-003540,export,INNSA,CNSHA,4,22699.265,CUST-029,in_transit,INR,false
tnt_demo,SHP-003541,export,INNSA,AEJEA,1,836.276,CUST-012,booked,INR,false
tnt_demo,SHP-003542,export,INNSA,INMUN,5,5903.503,CUST-005,in_transit,INR,false
tnt_demo,SHP-003543,import,SGSIN,INMAA,1,19320.711,CUST-014,booked,USD,false
tnt_demo,SHP-003544,import,SGSIN,INNSA,1,18638.909,CUST-031,booked,USD,false
tnt_demo,SHP-003545,export,INMAA,INMUN,2,24045.501,CUST-029,arrived,INR,false
tnt_demo,SHP-003546,export,INNSA,USNYC,4,11633.930,CUST-014,in_transit,INR,false
tnt_demo,SHP-003547,export,INMAA,NLRTM,5,14423.236,CUST-025,booked,USD,true
tnt_demo,SHP-003548,import,USNYC,INMAA,6,18843.056,CUST-046,booked,INR,false
tnt_demo,SHP-003549,import,SGSIN,INNSA,2,20193.258,CUST-029,in_transit,INR,false
tnt_demo,SHP-003550,import,NLRTM,CNSHA,1,18214.894,CUST-046,in_transit,EUR,false
tnt_demo,SHP-003551,import,CNSHA,NLRTM,6,20050.605,CUST-044,in_transit,USD,false
tnt_demo,SHP-003552,import,SGSIN,NLRTM,1,6508.318,CUST-033,arrived,USD,false
tnt_acme,SHP-003553,import,AEJEA,SGSIN,6,15286.699,CUST-020,delivered,AED,false
tnt_demo,SHP-003554,import,CNSHA,SGSIN,3,16075.115,CUST-003,booked,AED,false
tnt_acme,SHP-003555,import,NLRTM,INMAA,6,13269.973,CUST-006,booked,INR,false
tnt_demo,SHP-003556,import,CNSHA,NLRTM,2,14907.233,CUST-044,in_transit,USD,false
tnt_demo,SHP-003557,import,NLRTM,DEHAM,3,21484.909,CUST-029,booked,USD,false
tnt_demo,SHP-003558,import,USNYC,SGSIN,4,21738.874,CUST-046,booked,INR,false
tnt_demo,SHP-003559,export,INMAA,INNSA,6,22536.581,CUST-025,in_transit,INR,false
tnt_demo,SHP-003560,import,SGSIN,USNYC,6,22059.480,CUST-026,in_transit,EUR,true
tnt_demo,SHP-003561,import,SGSIN,INNSA,3,11366.555,CUST-026,delivered,INR,false
tnt_acme,SHP-003562,import,CNSHA,DEHAM,2,5604.330,CUST-042,delivered,INR,false
tnt_demo,SHP-003563,import,DEHAM,INNSA,5,22570.551,CUST-002,arrived,USD,false
tnt_demo,SHP-003564,import,CNSHA,INMAA,5,20596.053,CUST-031,arrived,USD,false
tnt_demo,SHP-003565,import,AEJEA,INNSA,4,10029.533,CUST-009,in_transit,INR,false
tnt_demo,SHP-003566,export,INMAA,DEHAM,3,13010.235,CUST-011,delivered,INR,false
tnt_demo,SHP-003567,export,INMUN,CNSHA,5,14683.637,CUST-012,arrived,INR,false
tnt_demo,SHP-003568,import,AEJEA,USNYC,1,23683.726,CUST-007,booked,USD,false
tnt_demo,SHP-003569,import,SGSIN,NLRTM,1,2798.770,CUST-033,in_transit,USD,false
tnt_demo,SHP-003570,import,CNSHA,INMAA,1,19095.552,CUST-030,booked,AED,false
tnt_demo,SHP-003571,import,CNSHA,NLRTM,5,10498.093,CUST-049,booked,INR,false
tnt_acme,SHP-003572,export,INNSA,DEHAM,4,24405.485,CUST-030,in_transit,INR,false
tnt_demo,SHP-003573,export,INNSA,CNSHA,5,15771.158,CUST-022,in_transit,USD,false
tnt_demo,SHP-003574,import,DEHAM,INNSA,5,21956.687,CUST-030,in_transit,INR,false
tnt_demo,SHP-003575,export,INNSA,SGSIN,1,4337.879,CUST-042,in_transit,INR,false
tnt_demo,SHP-003576,import,AEJEA,SGSIN,3,11561.248,CUST-029,booked,USD,false
tnt_demo,SHP-003577,export,INNSA,CNSHA,5,11151.525,CUST-003,arrived,INR,true
tnt_demo,SHP-003578,export,INMAA,USNYC,1,6847.634,CUST-022,arrived,INR,false
tnt_demo,SHP-003579,import,SGSIN,INNSA,2,9642.768,CUST-001,booked,USD,false
tnt_demo,SHP-003580,import,CNSHA,NLRTM,3,6822.510,CUST-043,in_transit,USD,false
tnt_demo,SHP-003581,export,INNSA,CNSHA,3,6531.081,CUST-028,in_transit,USD,false
tnt_demo,SHP-003582,export,INNSA,CNSHA,1,12910.958,CUST-005,booked,EUR,false
tnt_demo,SHP-003583,import,DEHAM,NLRTM,4,6130.893,CUST-044,delivered,USD,false
tnt_demo,SHP-003584,import,SGSIN,INNSA,4,16048.815,CUST-008,in_transit,USD,false
tnt_demo,SHP-003585,export,INMAA,SGSIN,1,16135.677,CUST-036,in_transit,USD,false
tnt_demo,SHP-003586,export,INMAA,SGSIN,1,6888.953,CUST-044,delivered,USD,false
tnt_demo,SHP-003587,import,CNSHA,INMUN,6,10651.970,CUST-049,delivered,USD,false
tnt_demo,SHP-003588,export,INNSA,SGSIN,4,1043.568,CUST-027,delivered,USD,false
tnt_demo,SHP-003589,export,INNSA,AEJEA,4,6170.506,CUST-019,booked,INR,false
tnt_acme,SHP-003590,export,INNSA,AEJEA,4,18722.052,CUST-030,delivered,EUR,false
tnt_demo,SHP-003591,export,INNSA,SGSIN,6,,CUST-050,arrived,USD,false
tnt_demo,SHP-003592,import,CNSHA,SGSIN,5,10003.984,CUST-011,delivered,USD,false
tnt_demo,SHP-003593,import,CNSHA,INMAA,1,19667.774,CUST-020,booked,INR,false
tnt_demo,SHP-003594,import,SGSIN,AEJEA,2,7413.048,CUST-042,delivered,AED,false
tnt_demo,SHP-003595,import,AEJEA,DEHAM,4,9432.124,CUST-014,arrived,EUR,false
tnt_demo,SHP-003596,export,INNSA,INMUN,4,13688.386,CUST-022,booked,EUR,false
tnt_demo,SHP-003597,export,INMAA,SGSIN,4,13182.753,CUST-032,booked,INR,false
tnt_demo,SHP-003598,export,INNSA,SGSIN,4,7415.665,CUST-009,arrived,EUR,false
tnt_demo,SHP-003599,import,SGSIN,USNYC,3,18773.188,CUST-044,in_transit,USD,false
tnt_demo,SHP-003600,export,INMAA,CNSHA,3,21022.642,CUST-015,in_transit,EUR,false
tnt_demo,SHP-003601,export,INNSA,AEJEA,6,639.991,CUST-035,in_transit,USD,false
tnt_demo,SHP-003602,import,NLRTM,AEJEA,1,12457.283,CUST-048,in_transit,INR,false
tnt_acme,SHP-003603,import,CNSHA,INNSA,6,5366.417,CUST-002,delivered,USD,false
tnt_demo,SHP-003604,export,INMAA,NLRTM,5,22969.454,CUST-009,booked,EUR,false
tnt_demo,SHP-003605,export,INNSA,NLRTM,5,20261.678,CUST-029,in_transit,INR,false
tnt_demo,SHP-003606,import,AEJEA,USNYC,3,9038.147,CUST-003,in_transit,USD,false
tnt_demo,SHP-003607,export,INNSA,INMUN,1,4724.895,CUST-015,booked,INR,false
tnt_demo,SHP-003608,export,INMUN,INMAA,3,8798.862,CUST-002,in_transit,USD,false
tnt_demo,SHP-003609,export,INMAA,SGSIN,4,514.029,CUST-010,in_transit,INR,false
tnt_acme,SHP-003610,export,INNSA,NLRTM,2,21330.373,CUST-022,in_transit,USD,false
tnt_demo,SHP-003611,import,CNSHA,AEJEA,6,7857.159,CUST-044,in_transit,INR,false
tnt_demo,SHP-003612,export,INNSA,INMUN,3,16074.265,CUST-012,booked,INR,false
tnt_demo,SHP-003613,import,CNSHA,SGSIN,1,13195.211,CUST-047,in_transit,INR,false
tnt_acme,SHP-003614,export,INMUN,AEJEA,2,20518.311,CUST-046,booked,AED,true
tnt_demo,SHP-003615,import,SGSIN,INMUN,3,19032.958,CUST-028,booked,USD,false
tnt_demo,SHP-003616,export,INMAA,INNSA,5,11278.024,CUST-010,in_transit,USD,false
tnt_demo,SHP-003617,export,INNSA,SGSIN,1,16406.100,CUST-022,in_transit,INR,false
tnt_demo,SHP-003618,import,CNSHA,USNYC,1,13277.654,CUST-041,arrived,AED,false
tnt_demo,SHP-003619,import,CNSHA,INNSA,4,7423.558,CUST-040,booked,EUR,false
tnt_demo,SHP-003620,import,CNSHA,SGSIN,3,20099.773,CUST-032,in_transit,USD,true
tnt_demo,SHP-003621,export,INNSA,DEHAM,1,6872.498,CUST-010,in_transit,AED,false
tnt_demo,SHP-003622,export,INNSA,SGSIN,1,14882.647,CUST-045,in_transit,USD,false
tnt_demo,SHP-003623,export,INNSA,SGSIN,3,21138.512,CUST-027,in_transit,INR,false
tnt_demo,SHP-003624,import,CNSHA,SGSIN,3,14019.943,CUST-039,in_transit,USD,false
tnt_demo,SHP-003625,import,SGSIN,DEHAM,1,7274.791,CUST-018,in_transit,USD,false
tnt_demo,SHP-003626,import,CNSHA,SGSIN,4,21886.756,CUST-008,delivered,EUR,false
tnt_acme,SHP-003627,export,INNSA,INMUN,1,2668.505,CUST-033,in_transit,USD,false
tnt_demo,SHP-003628,import,CNSHA,USNYC,1,10562.756,CUST-029,delivered,AED,false
tnt_demo,SHP-003629,export,INNSA,INMUN,3,11741.142,CUST-032,in_transit,USD,false
tnt_demo,SHP-003630,import,CNSHA,USNYC,1,8942.361,CUST-015,booked,EUR,false
tnt_acme,SHP-003631,export,INNSA,DEHAM,1,11970.656,CUST-010,in_transit,USD,false
tnt_demo,SHP-003632,export,INMAA,INMUN,2,2670.186,CUST-028,delivered,USD,false
tnt_demo,SHP-003633,import,CNSHA,AEJEA,2,8376.477,CUST-014,in_transit,INR,false
tnt_demo,SHP-003634,import,SGSIN,DEHAM,6,7616.527,CUST-045,arrived,EUR,false
tnt_demo,SHP-003635,import,CNSHA,DEHAM,1,24358.826,CUST-033,in_transit,AED,false
tnt_demo,SHP-003636,import,AEJEA,USNYC,1,24444.113,CUST-014,in_transit,USD,false
tnt_demo,SHP-003637,export,INNSA,AEJEA,2,16658.629,CUST-035,in_transit,INR,false
tnt_demo,SHP-003638,export,INNSA,INMUN,2,4135.660,CUST-027,booked,INR,false
tnt_demo,SHP-003639,export,INNSA,AEJEA,3,18764.907,CUST-034,in_transit,USD,false
tnt_demo,SHP-003640,export,INMAA,CNSHA,5,17018.090,CUST-001,delivered,USD,false
tnt_demo,SHP-003641,import,SGSIN,CNSHA,3,,CUST-016,delivered,AED,false
tnt_demo,SHP-003642,import,CNSHA,INNSA,1,13922.116,CUST-042,in_transit,INR,false
tnt_demo,SHP-003643,import,CNSHA,INMUN,1,14802.403,CUST-007,booked,AED,false
tnt_demo,SHP-003644,import,CNSHA,INNSA,4,16119.583,CUST-047,in_transit,INR,false
tnt_demo,SHP-003645,import,NLRTM,USNYC,2,2276.657,CUST-026,in_transit,INR,false
tnt_demo,SHP-003646,import,USNYC,DEHAM,1,11256.444,CUST-007,in_transit,INR,false
tnt_demo,SHP-003647,export,INMAA,USNYC,6,17162.023,CUST-003,in_transit,USD,false
tnt_demo,SHP-003648,export,INNSA,NLRTM,1,6078.065,CUST-039,in_transit,EUR,false
tnt_demo,SHP-003649,import,SGSIN,CNSHA,5,7392.551,CUST-018,in_transit,INR,false
tnt_demo,SHP-003650,export,INNSA,USNYC,4,1403.965,CUST-028,arrived,USD,false
tnt_demo,SHP-003651,export,INNSA,INMAA,1,7084.446,CUST-048,in_transit,INR,false
tnt_demo,SHP-003652,import,DEHAM,CNSHA,4,16061.540,CUST-021,in_transit,USD,false
tnt_acme,SHP-003653,import,SGSIN,AEJEA,5,10245.305,CUST-002,in_transit,USD,true
tnt_demo,SHP-003654,import,USNYC,NLRTM,3,13546.140,CUST-017,booked,USD,false
tnt_demo,SHP-003655,import,AEJEA,SGSIN,1,19102.528,CUST-015,in_transit,USD,false
tnt_demo,SHP-003656,import,USNYC,INMUN,3,5269.015,CUST-013,booked,USD,true
tnt_demo,SHP-003657,import,AEJEA,INNSA,4,9939.202,CUST-040,arrived,INR,false
tnt_demo,SHP-003658,import,SGSIN,AEJEA,6,11011.260,CUST-032,arrived,USD,false
tnt_demo,SHP-003659,export,INNSA,DEHAM,4,9503.360,CUST-037,delivered,INR,true
tnt_demo,SHP-003660,import,CNSHA,INMAA,3,8371.510,CUST-032,in_transit,USD,false
tnt_demo,SHP-003661,export,INMAA,SGSIN,1,22365.418,CUST-009,booked,USD,false
tnt_demo,SHP-003662,export,INNSA,NLRTM,5,14194.935,CUST-032,arrived,INR,false
tnt_demo,SHP-003663,import,NLRTM,INMAA,2,,CUST-019,booked,INR,false
tnt_demo,SHP-003664,export,INNSA,INMUN,5,2937.686,CUST-049,in_transit,INR,false
tnt_demo,SHP-003665,export,INNSA,CNSHA,5,16858.296,CUST-023,in_transit,INR,false
tnt_demo,SHP-003666,export,INNSA,AEJEA,4,7639.409,CUST-027,in_transit,USD,false
tnt_demo,SHP-003667,export,INNSA,DEHAM,1,16626.756,CUST-020,booked,USD,false
tnt_demo,SHP-003668,import,CNSHA,INNSA,2,,CUST-011,delivered,INR,true
tnt_demo,SHP-003669,export,INMUN,DEHAM,2,21331.213,CUST-029,arrived,INR,false
tnt_acme,SHP-003670,import,SGSIN,INNSA,1,17328.640,CUST-009,in_transit,INR,false
tnt_demo,SHP-003671,export,INNSA,INMAA,4,19174.277,CUST-037,in_transit,USD,false
tnt_demo,SHP-003672,import,CNSHA,DEHAM,3,9327.324,CUST-038,booked,USD,false
tnt_demo,SHP-003673,export,INNSA,USNYC,1,18349.345,CUST-048,arrived,EUR,false
tnt_demo,SHP-003674,import,CNSHA,INMAA,2,19380.054,CUST-020,in_transit,EUR,false
tnt_demo,SHP-003675,import,USNYC,INNSA,1,2127.404,CUST-038,delivered,USD,false
tnt_demo,SHP-003676,export,INMAA,NLRTM,5,13932.779,CUST-001,in_transit,AED,false
tnt_demo,SHP-003677,export,INNSA,INMAA,1,5860.494,CUST-038,delivered,AED,false
tnt_demo,SHP-003678,export,INMAA,CNSHA,1,2293.602,CUST-045,booked,USD,false
tnt_demo,SHP-003679,export,INNSA,CNSHA,4,2292.670,CUST-020,in_transit,INR,false
tnt_demo,SHP-003680,import,CNSHA,DEHAM,6,5881.260,CUST-032,in_transit,USD,false
tnt_demo,SHP-003681,import,AEJEA,INMAA,5,3935.824,CUST-034,arrived,EUR,false
tnt_demo,SHP-003682,import,CNSHA,INNSA,5,21381.935,CUST-035,booked,AED,false
tnt_demo,SHP-003683,export,INMUN,SGSIN,4,4585.221,CUST-005,booked,USD,false
tnt_acme,SHP-003684,export,INMAA,USNYC,5,17710.967,CUST-040,delivered,EUR,false
tnt_demo,SHP-003685,export,INMAA,DEHAM,4,16819.047,CUST-015,in_transit,USD,false
tnt_demo,SHP-003686,import,SGSIN,CNSHA,1,15990.804,CUST-025,in_transit,USD,false
tnt_acme,SHP-003687,import,SGSIN,USNYC,2,,CUST-019,in_transit,EUR,false
tnt_demo,SHP-003688,import,CNSHA,NLRTM,2,,CUST-032,in_transit,EUR,false
tnt_acme,SHP-003689,export,INNSA,AEJEA,5,10764.109,CUST-050,delivered,USD,false
tnt_demo,SHP-003690,import,CNSHA,INMAA,6,19043.939,CUST-038,in_transit,EUR,false
tnt_demo,SHP-003691,import,SGSIN,USNYC,1,7847.041,CUST-004,booked,USD,false
tnt_demo,SHP-003692,export,INMAA,INNSA,4,22015.918,CUST-031,in_transit,AED,false
tnt_demo,SHP-003693,export,INMUN,CNSHA,6,5979.700,CUST-020,in_transit,USD,false
tnt_demo,SHP-003694,import,DEHAM,USNYC,3,18182.497,CUST-004,in_transit,INR,false
tnt_demo,SHP-003695,export,INNSA,USNYC,4,12444.438,CUST-004,arrived,USD,false
tnt_demo,SHP-003696,import,SGSIN,INMAA,2,11306.932,CUST-029,in_transit,USD,false
tnt_demo,SHP-003697,export,INMAA,AEJEA,6,9553.876,CUST-013,arrived,EUR,true
tnt_demo,SHP-003698,export,INMAA,DEHAM,2,4813.608,CUST-017,in_transit,USD,false
tnt_demo,SHP-003699,import,CNSHA,DEHAM,5,1128.866,CUST-033,delivered,EUR,false
tnt_demo,SHP-003700,import,CNSHA,AEJEA,3,4643.696,CUST-011,in_transit,EUR,false
tnt_demo,SHP-003701,export,INNSA,SGSIN,1,21558.098,CUST-026,in_transit,EUR,false
tnt_demo,SHP-003702,export,INNSA,DEHAM,4,18347.746,CUST-011,arrived,USD,false
tnt_demo,SHP-003703,import,SGSIN,DEHAM,5,6049.692,CUST-005,in_transit,USD,false
tnt_demo,SHP-003704,import,CNSHA,USNYC,6,21128.089,CUST-041,delivered,INR,false
tnt_demo,SHP-003705,import,CNSHA,INNSA,1,23747.244,CUST-018,in_transit,USD,false
tnt_demo,SHP-003706,import,SGSIN,DEHAM,4,22984.755,CUST-002,booked,USD,false
tnt_demo,SHP-003707,import,DEHAM,INMAA,4,21207.000,CUST-012,in_transit,INR,false
tnt_demo,SHP-003708,import,SGSIN,NLRTM,2,3088.604,CUST-003,booked,INR,false
tnt_demo,SHP-003709,export,INNSA,INMUN,5,8609.245,CUST-007,delivered,USD,false
tnt_demo,SHP-003710,export,INMAA,NLRTM,1,14873.731,CUST-023,delivered,EUR,false
tnt_acme,SHP-003711,export,INMUN,USNYC,4,18217.881,CUST-014,booked,EUR,false
tnt_demo,SHP-003712,import,AEJEA,DEHAM,6,15974.469,CUST-040,booked,EUR,true
tnt_demo,SHP-003713,export,INMUN,INNSA,4,19248.174,CUST-039,booked,USD,false
tnt_demo,SHP-003714,import,USNYC,INNSA,6,14859.282,CUST-023,delivered,USD,false
tnt_demo,SHP-003715,import,SGSIN,CNSHA,2,15336.158,CUST-035,in_transit,USD,false
tnt_demo,SHP-003716,import,SGSIN,INNSA,2,8077.855,CUST-046,delivered,USD,false
tnt_demo,SHP-003717,import,CNSHA,INMAA,4,3787.655,CUST-024,arrived,INR,false
tnt_demo,SHP-003718,export,INMAA,SGSIN,2,6906.633,CUST-043,delivered,USD,false
tnt_demo,SHP-003719,import,CNSHA,DEHAM,4,16768.249,CUST-040,booked,USD,false
tnt_demo,SHP-003720,export,INMAA,AEJEA,2,9351.184,CUST-026,in_transit,USD,false
tnt_demo,SHP-003721,import,AEJEA,INNSA,3,4915.695,CUST-020,booked,USD,false
tnt_demo,SHP-003722,import,CNSHA,USNYC,3,18568.663,CUST-021,in_transit,INR,false
tnt_acme,SHP-003723,import,CNSHA,SGSIN,1,5341.223,CUST-006,booked,EUR,false
tnt_demo,SHP-003724,export,INMAA,SGSIN,4,8370.387,CUST-034,in_transit,INR,false
tnt_demo,SHP-003725,import,AEJEA,INMUN,2,2982.242,CUST-046,arrived,USD,false
tnt_demo,SHP-003726,export,INMAA,SGSIN,1,2902.327,CUST-015,arrived,INR,false
tnt_demo,SHP-003727,export,INNSA,NLRTM,1,12545.205,CUST-025,in_transit,USD,false
tnt_demo,SHP-003728,export,INNSA,INMAA,3,20078.313,CUST-042,arrived,AED,false
tnt_demo,SHP-003729,import,NLRTM,AEJEA,6,1317.511,CUST-027,booked,INR,false
tnt_demo,SHP-003730,export,INNSA,INMAA,2,16922.982,CUST-021,arrived,INR,false
tnt_demo,SHP-003731,export,INMAA,AEJEA,3,20616.949,CUST-047,arrived,USD,false
tnt_demo,SHP-003732,export,INNSA,AEJEA,5,23774.859,CUST-043,arrived,AED,false
tnt_demo,SHP-003733,export,INMAA,USNYC,2,23357.998,CUST-010,booked,USD,false
tnt_demo,SHP-003734,export,INMAA,NLRTM,5,19542.896,CUST-022,arrived,USD,false
tnt_demo,SHP-003735,export,INMUN,INMAA,2,16515.917,CUST-005,in_transit,INR,false
tnt_demo,SHP-003736,import,CNSHA,NLRTM,5,24367.203,CUST-033,booked,INR,false
tnt_demo,SHP-003737,import,SGSIN,INNSA,4,8784.838,CUST-024,in_transit,AED,false
tnt_demo,SHP-003738,export,INNSA,INMAA,5,13669.596,CUST-015,arrived,USD,false
tnt_demo,SHP-003739,export,INNSA,NLRTM,1,5312.021,CUST-020,in_transit,USD,false
tnt_demo,SHP-003740,import,DEHAM,SGSIN,5,1082.004,CUST-039,in_transit,USD,false
tnt_demo,SHP-003741,import,CNSHA,AEJEA,5,20282.300,CUST-018,in_transit,INR,false
tnt_demo,SHP-003742,export,INMAA,USNYC,1,2445.573,CUST-025,arrived,USD,false
tnt_demo,SHP-003743,import,AEJEA,DEHAM,3,1848.022,CUST-038,in_transit,INR,false
tnt_demo,SHP-003744,import,USNYC,CNSHA,5,12597.881,CUST-028,in_transit,USD,false
tnt_demo,SHP-003745,import,CNSHA,SGSIN,2,7493.771,CUST-042,in_transit,EUR,false
tnt_demo,SHP-003746,export,INMAA,INNSA,6,6223.188,CUST-028,in_transit,USD,false
tnt_demo,SHP-003747,export,INMAA,CNSHA,5,11154.662,CUST-001,booked,EUR,true
tnt_demo,SHP-003748,import,SGSIN,INMUN,5,18475.887,CUST-033,in_transit,INR,false
tnt_demo,SHP-003749,import,USNYC,AEJEA,4,18506.282,CUST-036,booked,USD,false
tnt_demo,SHP-003750,import,CNSHA,NLRTM,1,17260.425,CUST-029,booked,USD,false
tnt_demo,SHP-003751,export,INNSA,AEJEA,1,14849.360,CUST-001,in_transit,INR,false
tnt_demo,SHP-003752,export,INNSA,DEHAM,5,10800.386,CUST-004,booked,USD,false
tnt_acme,SHP-003753,import,CNSHA,AEJEA,5,2141.625,CUST-015,booked,INR,false
tnt_demo,SHP-003754,import,SGSIN,INMAA,6,3988.463,CUST-016,in_transit,AED,false
tnt_demo,SHP-003755,import,SGSIN,INMUN,4,7171.300,CUST-005,in_transit,USD,false
tnt_demo,SHP-003756,export,INNSA,SGSIN,2,24634.769,CUST-005,in_transit,USD,false
tnt_demo,SHP-003757,export,INMAA,NLRTM,6,17807.331,CUST-049,booked,USD,false
tnt_demo,SHP-003758,export,INNSA,CNSHA,4,10755.032,CUST-028,booked,INR,false
tnt_demo,SHP-003759,import,AEJEA,USNYC,5,4394.137,CUST-003,in_transit,USD,false
tnt_demo,SHP-003760,export,INMUN,CNSHA,3,,CUST-002,booked,INR,false
tnt_demo,SHP-003761,import,DEHAM,CNSHA,6,19824.031,CUST-044,in_transit,USD,false
tnt_demo,SHP-003762,export,INNSA,DEHAM,2,4311.135,CUST-020,booked,EUR,false
tnt_demo,SHP-003763,export,INNSA,INMAA,3,7923.437,CUST-018,in_transit,USD,false
tnt_demo,SHP-003764,import,CNSHA,DEHAM,4,1581.558,CUST-010,in_transit,USD,false
tnt_demo,SHP-003765,import,SGSIN,DEHAM,3,18935.589,CUST-014,in_transit,INR,false
tnt_demo,SHP-003766,import,SGSIN,USNYC,3,21836.004,CUST-049,booked,EUR,false
tnt_demo,SHP-003767,export,INMAA,INMUN,5,5041.662,CUST-007,in_transit,USD,false
tnt_demo,SHP-003768,export,INNSA,DEHAM,3,8541.408,CUST-040,in_transit,USD,false
tnt_demo,SHP-003769,export,INNSA,INMAA,2,13951.736,CUST-030,arrived,EUR,false
tnt_demo,SHP-003770,export,INNSA,CNSHA,4,20757.379,CUST-040,booked,INR,false
tnt_demo,SHP-003771,export,INMUN,AEJEA,3,7347.984,CUST-035,booked,INR,false
tnt_acme,SHP-003772,export,INNSA,SGSIN,6,9376.394,CUST-007,arrived,INR,false
tnt_demo,SHP-003773,import,SGSIN,INMAA,6,4300.753,CUST-036,in_transit,USD,false
tnt_demo,SHP-003774,export,INNSA,INMAA,2,19337.741,CUST-018,in_transit,INR,false
tnt_demo,SHP-003775,export,INNSA,SGSIN,1,24901.382,CUST-048,in_transit,INR,false
tnt_acme,SHP-003776,export,INNSA,SGSIN,3,,CUST-012,booked,INR,false
tnt_demo,SHP-003777,import,DEHAM,CNSHA,3,12203.282,CUST-010,booked,USD,false
tnt_demo,SHP-003778,export,INNSA,SGSIN,1,12099.463,CUST-049,in_transit,EUR,false
tnt_demo,SHP-003779,import,CNSHA,NLRTM,4,9034.947,CUST-025,in_transit,USD,false
tnt_demo,SHP-003780,import,CNSHA,NLRTM,2,,CUST-034,in_transit,USD,false
tnt_demo,SHP-003781,import,AEJEA,INMUN,6,18851.626,CUST-008,arrived,USD,false
tnt_demo,SHP-003782,import,CNSHA,DEHAM,5,24920.454,CUST-026,delivered,EUR,false
tnt_demo,SHP-003783,export,INNSA,INMAA,3,23009.030,CUST-044,arrived,EUR,false
tnt_demo,SHP-003784,export,INNSA,AEJEA,4,24852.903,CUST-025,delivered,EUR,true
tnt_demo,SHP-003785,import,SGSIN,CNSHA,2,14168.675,CUST-013,delivered,INR,true
tnt_demo,SHP-003786,export,INNSA,NLRTM,3,,CUST-005,in_transit,USD,false
tnt_demo,SHP-003787,import,NLRTM,SGSIN,5,1754.710,CUST-031,in_transit,INR,true
tnt_demo,SHP-003788,export,INNSA,INMUN,4,,CUST-019,booked,USD,false
tnt_demo,SHP-003789,export,INMAA,NLRTM,1,6310.947,CUST-012,booked,USD,false
tnt_demo,SHP-003790,import,CNSHA,INMUN,4,5548.152,CUST-024,delivered,INR,false
tnt_demo,SHP-003791,import,SGSIN,INNSA,3,15504.348,CUST-001,in_transit,USD,false
tnt_demo,SHP-003792,export,INNSA,AEJEA,6,1289.574,CUST-033,in_transit,INR,false
tnt_demo,SHP-003793,export,INNSA,SGSIN,6,10664.803,CUST-033,in_transit,INR,false
tnt_acme,SHP-003794,export,INNSA,DEHAM,5,,CUST-002,in_transit,USD,false
tnt_demo,SHP-003795,import,SGSIN,DEHAM,4,13969.668,CUST-023,booked,INR,false
tnt_demo,SHP-003796,export,INNSA,INMAA,2,3972.612,CUST-018,delivered,INR,false
tnt_demo,SHP-003797,export,INMAA,USNYC,2,23336.211,CUST-037,booked,INR,false
tnt_acme,SHP-003798,export,INNSA,AEJEA,3,19211.935,CUST-011,in_transit,INR,true
tnt_demo,SHP-003799,import,CNSHA,SGSIN,3,5190.755,CUST-049,booked,EUR,false
tnt_demo,SHP-003800,import,USNYC,INMUN,3,2432.699,CUST-045,in_transit,INR,false
tnt_demo,SHP-003801,import,CNSHA,INMUN,2,16365.575,CUST-001,arrived,INR,false
tnt_demo,SHP-003802,export,INNSA,NLRTM,4,3782.895,CUST-007,booked,INR,false
tnt_demo,SHP-003803,export,INNSA,CNSHA,4,15291.524,CUST-032,arrived,INR,false
tnt_demo,SHP-003804,export,INNSA,AEJEA,2,12169.693,CUST-026,booked,USD,false
tnt_demo,SHP-003805,export,INMUN,SGSIN,4,6649.822,CUST-050,in_transit,INR,false
tnt_demo,SHP-003806,export,INMAA,NLRTM,6,4359.188,CUST-019,booked,USD,false
tnt_demo,SHP-003807,export,INNSA,INMUN,6,22826.386,CUST-011,in_transit,INR,false
tnt_demo,SHP-003808,import,CNSHA,SGSIN,6,16336.722,CUST-049,booked,EUR,false
tnt_demo,SHP-003809,import,AEJEA,SGSIN,2,24386.327,CUST-026,in_transit,INR,false
tnt_demo,SHP-003810,import,USNYC,AEJEA,2,4959.102,CUST-010,arrived,INR,false
tnt_demo,SHP-003811,export,INMAA,INNSA,3,2697.017,CUST-009,booked,USD,false
tnt_demo,SHP-003812,export,INNSA,SGSIN,4,9448.413,CUST-040,arrived,INR,false
tnt_acme,SHP-003813,import,CNSHA,DEHAM,4,16449.184,CUST-003,in_transit,USD,false
tnt_demo,SHP-003814,import,CNSHA,INNSA,1,18508.087,CUST-008,delivered,USD,false
tnt_demo,SHP-003815,import,DEHAM,INMAA,1,9266.699,CUST-019,delivered,INR,false
tnt_demo,SHP-003816,import,USNYC,CNSHA,2,18302.011,CUST-045,in_transit,INR,false
tnt_demo,SHP-003817,import,CNSHA,SGSIN,5,21443.028,CUST-007,in_transit,INR,false
tnt_demo,SHP-003818,export,INNSA,USNYC,1,21100.001,CUST-005,in_transit,INR,false
tnt_demo,SHP-003819,import,DEHAM,CNSHA,1,9718.715,CUST-003,in_transit,EUR,false
tnt_demo,SHP-003820,import,CNSHA,INMAA,5,7069.651,CUST-028,in_transit,INR,false
tnt_demo,SHP-003821,export,INMAA,USNYC,1,20852.118,CUST-015,in_transit,INR,false
tnt_demo,SHP-003822,export,INNSA,CNSHA,4,1506.957,CUST-028,delivered,INR,true
tnt_demo,SHP-003823,import,DEHAM,SGSIN,1,1597.652,CUST-025,booked,USD,false
tnt_demo,SHP-003824,import,CNSHA,INMUN,2,13088.261,CUST-008,booked,USD,false
tnt_demo,SHP-003825,import,AEJEA,INMUN,5,11716.159,CUST-045,booked,AED,false
tnt_demo,SHP-003826,import,DEHAM,NLRTM,1,2717.069,CUST-032,booked,EUR,false
tnt_demo,SHP-003827,export,INMUN,DEHAM,1,14982.742,CUST-037,arrived,EUR,false
tnt_demo,SHP-003828,export,INNSA,CNSHA,2,10768.458,CUST-020,in_transit,INR,false
tnt_demo,SHP-003829,export,INNSA,CNSHA,3,9971.543,CUST-001,booked,USD,false
tnt_demo,SHP-003830,export,INMAA,USNYC,2,3677.081,CUST-040,in_transit,INR,false
tnt_demo,SHP-003831,export,INNSA,CNSHA,2,19443.372,CUST-044,in_transit,USD,false
tnt_demo,SHP-003832,import,SGSIN,USNYC,3,1868.108,CUST-034,in_transit,INR,false
tnt_demo,SHP-003833,import,CNSHA,DEHAM,2,3404.016,CUST-033,booked,USD,false
tnt_demo,SHP-003834,import,AEJEA,SGSIN,2,,CUST-014,arrived,USD,false
tnt_demo,SHP-003835,import,CNSHA,INMUN,6,14816.753,CUST-016,arrived,EUR,false
tnt_demo,SHP-003836,export,INNSA,NLRTM,6,6831.821,CUST-015,booked,USD,false
tnt_demo,SHP-003837,import,USNYC,INMUN,1,22455.357,CUST-004,in_transit,USD,false
tnt_demo,SHP-003838,export,INNSA,CNSHA,2,23155.490,CUST-015,booked,USD,false
tnt_demo,SHP-003839,export,INMAA,AEJEA,4,18916.800,CUST-013,arrived,INR,false
tnt_demo,SHP-003840,export,INMAA,AEJEA,6,14824.166,CUST-022,booked,INR,false
tnt_demo,SHP-003841,import,NLRTM,SGSIN,4,18664.452,CUST-019,in_transit,USD,false
tnt_demo,SHP-003842,import,CNSHA,DEHAM,4,21023.122,CUST-016,in_transit,EUR,false
tnt_acme,SHP-003843,export,INNSA,DEHAM,3,19491.710,CUST-049,in_transit,EUR,false
tnt_acme,SHP-003844,export,INMAA,USNYC,6,8167.794,CUST-025,booked,USD,false
tnt_demo,SHP-003845,export,INNSA,USNYC,2,2735.913,CUST-045,booked,INR,false
tnt_demo,SHP-003846,export,INNSA,DEHAM,1,5975.591,CUST-029,delivered,INR,false
tnt_acme,SHP-003847,import,SGSIN,USNYC,6,15058.797,CUST-043,delivered,EUR,false
tnt_demo,SHP-003848,import,DEHAM,NLRTM,4,11406.761,CUST-024,arrived,INR,false
tnt_demo,SHP-003849,import,NLRTM,AEJEA,6,20631.303,CUST-044,in_transit,USD,false
tnt_demo,SHP-003850,import,SGSIN,INNSA,4,20003.483,CUST-026,in_transit,USD,false
tnt_demo,SHP-003851,export,INMAA,AEJEA,1,9635.533,CUST-006,booked,INR,false
tnt_demo,SHP-003852,export,INNSA,SGSIN,5,,CUST-045,in_transit,INR,false
tnt_acme,SHP-003853,export,INNSA,USNYC,3,5210.236,CUST-027,delivered,INR,false
tnt_demo,SHP-003854,import,CNSHA,INNSA,3,11051.939,CUST-045,arrived,INR,false
tnt_demo,SHP-003855,export,INMAA,NLRTM,2,17159.734,CUST-050,in_transit,USD,false
tnt_demo,SHP-003856,export,INNSA,INMAA,3,10583.856,CUST-042,arrived,INR,false
tnt_demo,SHP-003857,import,SGSIN,AEJEA,1,11556.735,CUST-015,in_transit,USD,false
tnt_demo,SHP-003858,import,USNYC,INNSA,6,19070.396,CUST-045,arrived,USD,false
tnt_demo,SHP-003859,import,CNSHA,NLRTM,4,20113.961,CUST-002,in_transit,USD,true
tnt_demo,SHP-003860,import,CNSHA,INMUN,1,16487.675,CUST-002,arrived,USD,false
tnt_demo,SHP-003861,export,INNSA,INMUN,2,2081.846,CUST-039,booked,INR,false
tnt_demo,SHP-003862,export,INNSA,USNYC,3,12774.239,CUST-039,in_transit,EUR,false
tnt_acme,SHP-003863,import,CNSHA,NLRTM,2,8826.144,CUST-049,in_transit,EUR,false
tnt_demo,SHP-003864,import,CNSHA,DEHAM,4,11259.633,CUST-016,booked,USD,false
tnt_demo,SHP-003865,export,INNSA,CNSHA,5,15243.767,CUST-050,in_transit,USD,false
tnt_demo,SHP-003866,import,SGSIN,DEHAM,5,7643.264,CUST-015,in_transit,USD,false
tnt_demo,SHP-003867,export,INNSA,USNYC,4,24866.550,CUST-005,booked,EUR,false
tnt_demo,SHP-003868,export,INNSA,INMUN,2,17132.551,CUST-003,booked,USD,false
tnt_demo,SHP-003869,export,INMAA,CNSHA,3,3858.426,CUST-022,arrived,INR,false
tnt_demo,SHP-003870,export,INNSA,CNSHA,5,5365.024,CUST-024,in_transit,INR,false
tnt_demo,SHP-003871,export,INNSA,DEHAM,3,2428.712,CUST-020,in_transit,USD,false
tnt_acme,SHP-003872,export,INMAA,CNSHA,4,24655.367,CUST-022,booked,USD,false
tnt_demo,SHP-003873,import,CNSHA,SGSIN,5,18674.299,CUST-040,in_transit,AED,false
tnt_demo,SHP-003874,export,INNSA,INMAA,3,10914.282,CUST-047,arrived,USD,false
tnt_demo,SHP-003875,export,INNSA,INMAA,4,20609.987,CUST-034,arrived,USD,false
tnt_demo,SHP-003876,export,INMAA,CNSHA,5,19261.851,CUST-028,booked,AED,false
tnt_demo,SHP-003877,import,NLRTM,INMUN,2,1295.411,CUST-016,arrived,USD,false
tnt_demo,SHP-003878,export,INNSA,SGSIN,5,,CUST-011,booked,INR,true
tnt_demo,SHP-003879,export,INMAA,AEJEA,3,4341.151,CUST-044,delivered,INR,false
tnt_demo,SHP-003880,export,INNSA,AEJEA,2,801.430,CUST-032,in_transit,AED,true
tnt_demo,SHP-003881,export,INMUN,DEHAM,6,1114.102,CUST-040,booked,USD,true
tnt_demo,SHP-003882,import,CNSHA,DEHAM,2,8604.104,CUST-023,booked,INR,false
tnt_demo,SHP-003883,export,INMUN,CNSHA,6,3283.889,CUST-025,in_transit,EUR,false
tnt_demo,SHP-003884,export,INNSA,USNYC,2,24902.602,CUST-021,in_transit,USD,false
tnt_demo,SHP-003885,export,INMAA,SGSIN,1,,CUST-030,booked,EUR,false
tnt_demo,SHP-003886,import,CNSHA,USNYC,6,14520.351,CUST-044,delivered,INR,false
tnt_demo,SHP-003887,export,INNSA,SGSIN,6,8380.557,CUST-037,in_transit,USD,false
tnt_demo,SHP-003888,export,INMAA,AEJEA,2,,CUST-016,arrived,INR,false
tnt_demo,SHP-003889,import,NLRTM,CNSHA,3,16975.975,CUST-001,in_transit,USD,false
tnt_demo,SHP-003890,export,INNSA,AEJEA,2,18258.636,CUST-050,in_transit,INR,false
tnt_demo,SHP-003891,export,INNSA,DEHAM,1,4638.982,CUST-003,booked,EUR,false
tnt_demo,SHP-003892,export,INMAA,AEJEA,4,743.914,CUST-018,booked,INR,false
tnt_demo,SHP-003893,export,INNSA,USNYC,5,4445.438,CUST-048,arrived,USD,false
tnt_demo,SHP-003894,import,SGSIN,USNYC,1,7064.788,CUST-035,delivered,USD,false
tnt_demo,SHP-003895,export,INNSA,USNYC,1,5611.980,CUST-039,in_transit,INR,false
tnt_demo,SHP-003896,export,INMAA,CNSHA,3,5425.330,CUST-035,delivered,EUR,false
tnt_demo,SHP-003897,export,INMUN,SGSIN,5,10385.756,CUST-018,in_transit,USD,false
tnt_demo,SHP-003898,export,INNSA,INMAA,2,7696.289,CUST-007,delivered,USD,false
tnt_demo,SHP-003899,export,INNSA,INMUN,1,22765.642,CUST-004,booked,INR,false
tnt_demo,SHP-003900,import,DEHAM,INMAA,2,5830.373,CUST-045,arrived,INR,false
tnt_acme,SHP-003901,export,INNSA,INMUN,3,,CUST-025,in_transit,AED,false
tnt_demo,SHP-003902,export,INNSA,INMAA,5,11924.478,CUST-036,arrived,INR,false
tnt_demo,SHP-003903,import,SGSIN,NLRTM,4,13715.369,CUST-046,booked,USD,false
tnt_demo,SHP-003904,import,USNYC,INMAA,4,19572.185,CUST-003,booked,INR,false
tnt_demo,SHP-003905,export,INNSA,INMAA,5,18735.973,CUST-047,in_transit,USD,false
tnt_demo,SHP-003906,export,INNSA,USNYC,3,12245.022,CUST-010,in_transit,INR,false
tnt_demo,SHP-003907,export,INNSA,INMUN,2,18902.577,CUST-035,in_transit,EUR,false
tnt_demo,SHP-003908,import,NLRTM,DEHAM,3,19327.698,CUST-013,delivered,USD,false
tnt_demo,SHP-003909,export,INNSA,DEHAM,2,24117.579,CUST-013,booked,INR,false
tnt_demo,SHP-003910,export,INMAA,SGSIN,1,4966.791,CUST-034,delivered,USD,false
tnt_demo,SHP-003911,export,INNSA,DEHAM,5,12088.387,CUST-004,arrived,EUR,false
tnt_demo,SHP-003912,import,CNSHA,USNYC,2,6625.117,CUST-016,delivered,INR,false
tnt_demo,SHP-003913,import,SGSIN,USNYC,2,24000.488,CUST-020,booked,EUR,false
tnt_demo,SHP-003914,import,SGSIN,INNSA,6,18037.253,CUST-007,in_transit,INR,false
tnt_demo,SHP-003915,export,INNSA,USNYC,4,10124.253,CUST-033,in_transit,EUR,false
tnt_demo,SHP-003916,import,NLRTM,INNSA,1,18649.311,CUST-025,in_transit,USD,false
tnt_demo,SHP-003917,export,INMUN,INMAA,1,11090.404,CUST-012,booked,INR,false
tnt_demo,SHP-003918,export,INNSA,SGSIN,2,2460.056,CUST-034,in_transit,INR,false
tnt_demo,SHP-003919,import,CNSHA,AEJEA,4,22465.570,CUST-017,in_transit,USD,false
tnt_demo,SHP-003920,export,INMAA,USNYC,2,1304.523,CUST-011,in_transit,INR,false
tnt_demo,SHP-003921,import,AEJEA,INMUN,1,6834.159,CUST-016,booked,INR,false
tnt_demo,SHP-003922,export,INNSA,SGSIN,4,6178.521,CUST-010,booked,AED,false
tnt_demo,SHP-003923,import,CNSHA,AEJEA,1,10086.587,CUST-016,in_transit,INR,false
tnt_demo,SHP-003924,import,CNSHA,INMUN,2,1517.873,CUST-005,booked,USD,false
tnt_demo,SHP-003925,export,INNSA,CNSHA,1,3978.785,CUST-007,booked,EUR,false
tnt_demo,SHP-003926,import,CNSHA,NLRTM,2,15520.794,CUST-037,in_transit,USD,false
tnt_demo,SHP-003927,import,CNSHA,DEHAM,3,4604.199,CUST-035,in_transit,INR,false
tnt_demo,SHP-003928,import,CNSHA,AEJEA,1,853.409,CUST-040,booked,INR,false
tnt_demo,SHP-003929,import,CNSHA,SGSIN,3,17158.831,CUST-030,delivered,EUR,false
tnt_demo,SHP-003930,import,DEHAM,INMUN,2,635.955,CUST-028,in_transit,INR,false
tnt_demo,SHP-003931,import,NLRTM,INMUN,1,9736.480,CUST-018,in_transit,USD,false
tnt_demo,SHP-003932,import,DEHAM,AEJEA,4,5104.777,CUST-033,in_transit,USD,false
tnt_demo,SHP-003933,import,CNSHA,DEHAM,5,12313.947,CUST-003,arrived,USD,true
tnt_demo,SHP-003934,export,INNSA,DEHAM,1,21010.902,CUST-004,in_transit,INR,false
tnt_demo,SHP-003935,import,SGSIN,CNSHA,5,13609.847,CUST-045,in_transit,USD,false
tnt_demo,SHP-003936,import,CNSHA,AEJEA,4,10815.477,CUST-010,arrived,USD,true
tnt_acme,SHP-003937,export,INMAA,USNYC,6,4802.080,CUST-033,in_transit,INR,false
tnt_demo,SHP-003938,import,SGSIN,INNSA,2,2498.446,CUST-036,in_transit,EUR,false
tnt_demo,SHP-003939,export,INMAA,NLRTM,2,13116.832,CUST-027,in_transit,INR,false
tnt_demo,SHP-003940,export,INNSA,SGSIN,3,3413.720,CUST-023,in_transit,USD,false
tnt_demo,SHP-003941,export,INNSA,USNYC,4,21998.332,CUST-033,in_transit,USD,false
tnt_demo,SHP-003942,import,DEHAM,USNYC,4,9437.331,CUST-034,in_transit,INR,false
tnt_demo,SHP-003943,import,SGSIN,DEHAM,3,13309.465,CUST-003,in_transit,USD,false
tnt_demo,SHP-003944,export,INNSA,AEJEA,1,2385.824,CUST-025,arrived,USD,false
tnt_demo,SHP-003945,import,CNSHA,INMUN,2,3973.574,CUST-038,in_transit,USD,false
tnt_demo,SHP-003946,import,CNSHA,USNYC,2,7215.321,CUST-012,in_transit,INR,false
tnt_demo,SHP-003947,export,INNSA,INMUN,2,2329.462,CUST-005,booked,EUR,false
tnt_demo,SHP-003948,import,NLRTM,SGSIN,2,23164.524,CUST-028,arrived,INR,false
tnt_demo,SHP-003949,export,INMAA,INMUN,6,19141.182,CUST-006,arrived,AED,false
tnt_demo,SHP-003950,export,INNSA,INMUN,1,20547.548,CUST-001,in_transit,EUR,false
tnt_demo,SHP-003951,import,USNYC,DEHAM,1,14004.874,CUST-034,in_transit,INR,false
tnt_demo,SHP-003952,export,INNSA,CNSHA,4,16082.708,CUST-008,arrived,USD,false
tnt_demo,SHP-003953,export,INNSA,AEJEA,3,12792.344,CUST-049,arrived,INR,false
tnt_demo,SHP-003954,export,INNSA,SGSIN,4,3506.671,CUST-027,arrived,USD,false
tnt_acme,SHP-003955,export,INNSA,INMAA,4,12114.801,CUST-017,in_transit,USD,false
tnt_demo,SHP-003956,export,INNSA,INMAA,6,,CUST-035,in_transit,INR,false
tnt_acme,SHP-003957,import,USNYC,SGSIN,4,3551.739,CUST-001,arrived,USD,false
tnt_demo,SHP-003958,export,INMAA,DEHAM,1,16885.783,CUST-014,in_transit,EUR,false
tnt_demo,SHP-003959,export,INMUN,NLRTM,6,13483.522,CUST-008,booked,INR,false
tnt_demo,SHP-003960,import,CNSHA,INMUN,5,23388.967,CUST-009,booked,AED,false
tnt_acme,SHP-003961,export,INMAA,INNSA,2,11107.575,CUST-003,booked,EUR,false
tnt_demo,SHP-003962,import,CNSHA,USNYC,5,16484.781,CUST-024,booked,USD,false
tnt_demo,SHP-003963,export,INNSA,NLRTM,1,2597.158,CUST-050,in_transit,INR,false
tnt_demo,SHP-003964,import,NLRTM,SGSIN,4,1832.520,CUST-037,in_transit,USD,false
tnt_demo,SHP-003965,export,INNSA,INMUN,2,21956.249,CUST-045,delivered,EUR,false
tnt_acme,SHP-003966,export,INNSA,SGSIN,1,9607.474,CUST-008,in_transit,INR,false
tnt_demo,SHP-003967,import,CNSHA,USNYC,3,17653.574,CUST-009,arrived,USD,false
tnt_demo,SHP-003968,import,CNSHA,AEJEA,2,19319.780,CUST-006,in_transit,INR,false
tnt_demo,SHP-003969,import,CNSHA,AEJEA,1,23548.528,CUST-045,booked,INR,false
tnt_acme,SHP-003970,import,CNSHA,INMAA,2,18405.092,CUST-007,in_transit,USD,false
tnt_demo,SHP-003971,import,SGSIN,INNSA,4,21900.352,CUST-005,booked,USD,false
tnt_demo,SHP-003972,import,AEJEA,INMAA,3,15696.725,CUST-008,booked,INR,true
tnt_demo,SHP-003973,export,INMAA,AEJEA,5,2025.596,CUST-033,in_transit,INR,false
tnt_demo,SHP-003974,import,DEHAM,USNYC,4,,CUST-044,in_transit,USD,false
tnt_demo,SHP-003975,import,CNSHA,NLRTM,4,8398.480,CUST-015,in_transit,USD,false
tnt_demo,SHP-003976,export,INMAA,USNYC,2,7043.457,CUST-014,arrived,INR,false
tnt_demo,SHP-003977,import,CNSHA,INMUN,6,2859.911,CUST-043,in_transit,USD,false
tnt_acme,SHP-003978,export,INMAA,SGSIN,2,15178.837,CUST-037,delivered,INR,false
tnt_demo,SHP-003979,export,INMAA,INMUN,3,18046.911,CUST-028,in_transit,EUR,false
tnt_demo,SHP-003980,import,SGSIN,DEHAM,5,7097.411,CUST-039,in_transit,INR,false
tnt_demo,SHP-003981,import,CNSHA,AEJEA,5,11383.870,CUST-032,in_transit,EUR,false
tnt_demo,SHP-003982,import,NLRTM,AEJEA,2,13304.302,CUST-044,in_transit,USD,false
tnt_demo,SHP-003983,import,SGSIN,NLRTM,6,7219.731,CUST-050,in_transit,INR,false
tnt_demo,SHP-003984,import,SGSIN,CNSHA,6,17637.351,CUST-034,in_transit,USD,false
tnt_demo,SHP-003985,import,AEJEA,USNYC,6,14909.788,CUST-028,in_transit,USD,false
tnt_acme,SHP-003986,export,INMUN,INNSA,1,21797.037,CUST-010,delivered,USD,false
tnt_demo,SHP-003987,export,INMAA,SGSIN,6,10903.945,CUST-031,arrived,INR,true
tnt_demo,SHP-003988,export,INNSA,DEHAM,1,,CUST-035,in_transit,USD,false
tnt_demo,SHP-003989,export,INNSA,INMAA,6,18495.867,CUST-050,delivered,USD,false
tnt_demo,SHP-003990,import,SGSIN,NLRTM,2,,CUST-042,booked,INR,false
tnt_demo,SHP-003991,export,INNSA,AEJEA,6,3649.738,CUST-023,arrived,AED,false
tnt_demo,SHP-003992,import,SGSIN,USNYC,4,3929.256,CUST-028,in_transit,USD,false
tnt_demo,SHP-003993,export,INMAA,USNYC,5,23840.746,CUST-006,booked,USD,false
tnt_acme,SHP-003994,import,SGSIN,INMUN,6,12863.062,CUST-015,booked,USD,false
tnt_demo,SHP-003995,export,INNSA,INMAA,3,,CUST-046,arrived,EUR,false
tnt_demo,SHP-003996,export,INNSA,CNSHA,2,9282.188,CUST-001,booked,INR,true
tnt_demo,SHP-003997,import,AEJEA,INNSA,1,22318.903,CUST-012,booked,INR,false
tnt_demo,SHP-003998,import,DEHAM,NLRTM,1,14661.607,CUST-008,booked,EUR,false
tnt_demo,SHP-003999,import,CNSHA,NLRTM,5,9481.275,CUST-010,arrived,USD,false
tnt_demo,SHP-004000,import,CNSHA,AEJEA,2,11369.849,CUST-028,in_transit,USD,false
tnt_demo,SHP-004001,export,INNSA,SGSIN,4,20746.093,CUST-046,in_transit,USD,false
tnt_demo,SHP-004002,export,INNSA,AEJEA,4,18530.776,CUST-008,delivered,USD,false
tnt_demo,SHP-004003,import,DEHAM,USNYC,3,24186.908,CUST-045,in_transit,USD,false
tnt_demo,SHP-004004,import,CNSHA,DEHAM,5,1126.302,CUST-045,booked,USD,false
tnt_demo,SHP-004005,export,INMAA,DEHAM,4,18523.613,CUST-027,arrived,USD,false
tnt_demo,SHP-004006,import,SGSIN,INMAA,1,15279.872,CUST-009,booked,INR,false
tnt_demo,SHP-004007,import,CNSHA,SGSIN,4,18282.869,CUST-032,booked,USD,false
tnt_acme,SHP-004008,export,INNSA,NLRTM,3,13036.123,CUST-013,in_transit,INR,false
tnt_demo,SHP-004009,export,INNSA,INMUN,4,24944.804,CUST-032,in_transit,USD,false
tnt_demo,SHP-004010,import,USNYC,CNSHA,4,10118.511,CUST-041,arrived,INR,false
tnt_demo,SHP-004011,import,USNYC,NLRTM,5,22442.276,CUST-047,in_transit,USD,false
tnt_demo,SHP-004012,import,SGSIN,USNYC,4,17621.967,CUST-040,in_transit,USD,false
tnt_demo,SHP-004013,export,INNSA,INMUN,3,20867.637,CUST-025,delivered,INR,false
tnt_demo,SHP-004014,export,INNSA,USNYC,4,2856.783,CUST-042,booked,USD,true
tnt_demo,SHP-004015,export,INNSA,AEJEA,1,21521.934,CUST-014,in_transit,USD,false
tnt_demo,SHP-004016,export,INNSA,SGSIN,6,17713.765,CUST-010,in_transit,INR,false
tnt_demo,SHP-004017,export,INMAA,CNSHA,1,12496.701,CUST-048,in_transit,EUR,false
tnt_demo,SHP-004018,export,INMAA,NLRTM,2,17212.813,CUST-008,in_transit,USD,false
tnt_demo,SHP-004019,export,INNSA,AEJEA,1,20004.651,CUST-019,in_transit,USD,false
tnt_demo,SHP-004020,import,SGSIN,INNSA,6,7454.494,CUST-041,delivered,USD,false
tnt_demo,SHP-004021,import,CNSHA,INMUN,3,22240.386,CUST-010,booked,USD,false
tnt_demo,SHP-004022,import,SGSIN,AEJEA,2,9072.876,CUST-022,booked,USD,true
tnt_demo,SHP-004023,export,INNSA,AEJEA,3,2249.262,CUST-042,booked,USD,false
tnt_demo,SHP-004024,import,SGSIN,NLRTM,2,2354.863,CUST-014,booked,USD,false
tnt_demo,SHP-004025,export,INNSA,DEHAM,2,5018.626,CUST-021,booked,EUR,false
tnt_demo,SHP-004026,export,INNSA,CNSHA,5,10948.847,CUST-012,in_transit,EUR,false
tnt_demo,SHP-004027,import,AEJEA,INMUN,4,7648.154,CUST-022,arrived,USD,false
tnt_demo,SHP-004028,import,AEJEA,USNYC,5,4160.463,CUST-034,in_transit,USD,false
tnt_demo,SHP-004029,import,USNYC,AEJEA,6,5314.832,CUST-001,delivered,INR,false
tnt_acme,SHP-004030,import,NLRTM,INNSA,6,9999.511,CUST-013,booked,INR,false
tnt_demo,SHP-004031,import,USNYC,AEJEA,2,16882.032,CUST-011,in_transit,USD,false
tnt_demo,SHP-004032,export,INNSA,USNYC,2,1915.969,CUST-029,in_transit,USD,false
tnt_acme,SHP-004033,import,AEJEA,INMAA,1,3956.366,CUST-040,in_transit,INR,true
tnt_demo,SHP-004034,export,INNSA,NLRTM,4,12049.747,CUST-010,booked,USD,false
tnt_demo,SHP-004035,import,CNSHA,NLRTM,6,6352.120,CUST-016,booked,USD,false
tnt_demo,SHP-004036,import,NLRTM,INMAA,2,4281.083,CUST-047,in_transit,INR,false
tnt_demo,SHP-004037,export,INNSA,SGSIN,4,14970.146,CUST-014,booked,USD,false
tnt_demo,SHP-004038,export,INMUN,NLRTM,3,13884.670,CUST-005,in_transit,INR,false
tnt_demo,SHP-004039,export,INMAA,AEJEA,2,10104.787,CUST-009,booked,USD,false
tnt_demo,SHP-004040,export,INMAA,SGSIN,5,13813.395,CUST-030,booked,INR,false
tnt_acme,SHP-004041,export,INMAA,SGSIN,1,22079.930,CUST-037,delivered,USD,false
tnt_demo,SHP-004042,import,CNSHA,USNYC,1,21644.739,CUST-028,arrived,USD,false
tnt_demo,SHP-004043,import,CNSHA,DEHAM,1,11127.779,CUST-038,booked,USD,false
tnt_demo,SHP-004044,import,CNSHA,SGSIN,6,18417.120,CUST-039,arrived,USD,false
tnt_demo,SHP-004045,export,INMAA,INNSA,1,19438.112,CUST-031,booked,USD,false
tnt_acme,SHP-004046,import,USNYC,SGSIN,2,12168.188,CUST-047,booked,USD,false
tnt_demo,SHP-004047,import,DEHAM,NLRTM,3,18169.090,CUST-018,in_transit,USD,false
tnt_demo,SHP-004048,import,SGSIN,INMUN,2,5614.984,CUST-027,booked,USD,false
tnt_acme,SHP-004049,export,INNSA,INMUN,2,19423.147,CUST-042,in_transit,USD,false
tnt_demo,SHP-004050,export,INNSA,AEJEA,3,8831.123,CUST-039,booked,INR,false
tnt_acme,SHP-004051,import,CNSHA,INMAA,1,,CUST-041,booked,INR,false
tnt_demo,SHP-004052,import,AEJEA,NLRTM,5,5352.894,CUST-026,booked,USD,false
tnt_demo,SHP-004053,export,INMUN,NLRTM,1,19189.067,CUST-014,booked,EUR,false
tnt_demo,SHP-004054,import,SGSIN,INMAA,5,5590.634,CUST-046,booked,EUR,false
tnt_demo,SHP-004055,import,SGSIN,INMUN,4,1056.741,CUST-007,in_transit,USD,false
tnt_acme,SHP-004056,export,INMAA,INMUN,1,18817.833,CUST-009,in_transit,USD,false
tnt_demo,SHP-004057,import,SGSIN,CNSHA,4,16130.998,CUST-020,in_transit,INR,false
tnt_demo,SHP-004058,import,USNYC,NLRTM,2,9749.101,CUST-041,arrived,INR,false
tnt_acme,SHP-004059,import,AEJEA,SGSIN,4,8636.040,CUST-002,arrived,USD,false
tnt_demo,SHP-004060,import,SGSIN,INNSA,4,4636.888,CUST-015,booked,USD,false
tnt_demo,SHP-004061,export,INNSA,INMAA,5,6175.691,CUST-012,in_transit,INR,false
tnt_demo,SHP-004062,export,INNSA,INMAA,5,21678.715,CUST-045,booked,USD,false
tnt_acme,SHP-004063,import,CNSHA,AEJEA,6,24271.607,CUST-019,in_transit,EUR,false
tnt_demo,SHP-004064,import,CNSHA,SGSIN,5,17229.282,CUST-010,arrived,USD,false
tnt_demo,SHP-004065,import,AEJEA,USNYC,6,11794.246,CUST-010,in_transit,USD,false
tnt_demo,SHP-004066,import,DEHAM,AEJEA,5,16025.632,CUST-042,arrived,INR,false
tnt_demo,SHP-004067,export,INNSA,USNYC,3,4040.669,CUST-049,in_transit,INR,false
tnt_acme,SHP-004068,export,INNSA,INMUN,3,17317.367,CUST-018,in_transit,INR,false
tnt_demo,SHP-004069,export,INNSA,INMUN,1,9997.862,CUST-004,in_transit,INR,false
tnt_demo,SHP-004070,import,CNSHA,USNYC,5,7442.083,CUST-015,booked,INR,false
tnt_demo,SHP-004071,import,NLRTM,INNSA,1,12524.359,CUST-033,in_transit,INR,false
tnt_demo,SHP-004072,export,INMAA,CNSHA,5,7541.020,CUST-025,in_transit,USD,false
tnt_demo,SHP-004073,export,INMAA,NLRTM,3,15209.194,CUST-031,delivered,EUR,false
tnt_demo,SHP-004074,export,INNSA,INMAA,1,10476.280,CUST-042,booked,USD,false
tnt_demo,SHP-004075,export,INNSA,NLRTM,6,9265.338,CUST-033,arrived,USD,false
tnt_demo,SHP-004076,export,INNSA,AEJEA,6,3398.355,CUST-035,in_transit,USD,false
tnt_demo,SHP-004077,export,INNSA,AEJEA,3,8453.436,CUST-028,booked,USD,false
tnt_demo,SHP-004078,export,INNSA,NLRTM,3,14261.187,CUST-045,arrived,INR,false
tnt_demo,SHP-004079,import,DEHAM,INMAA,5,9477.040,CUST-034,in_transit,USD,false
tnt_acme,SHP-004080,export,INNSA,AEJEA,1,19797.531,CUST-018,arrived,USD,false
tnt_demo,SHP-004081,import,CNSHA,INMAA,2,1918.961,CUST-009,in_transit,INR,true
tnt_demo,SHP-004082,export,INNSA,INMUN,2,2965.474,CUST-030,in_transit,EUR,false
tnt_demo,SHP-004083,export,INMAA,AEJEA,2,15513.164,CUST-004,arrived,USD,true
tnt_demo,SHP-004084,export,INNSA,INMAA,1,3189.050,CUST-003,booked,INR,false
tnt_acme,SHP-004085,export,INNSA,SGSIN,2,19210.222,CUST-044,in_transit,USD,false
tnt_demo,SHP-004086,import,CNSHA,DEHAM,6,1443.519,CUST-026,in_transit,USD,false
tnt_demo,SHP-004087,import,CNSHA,AEJEA,2,12022.398,CUST-022,delivered,USD,true
tnt_demo,SHP-004088,export,INMUN,AEJEA,3,21784.493,CUST-039,in_transit,USD,false
tnt_demo,SHP-004089,export,INNSA,DEHAM,3,11837.609,CUST-024,delivered,INR,false
tnt_demo,SHP-004090,export,INNSA,SGSIN,3,16241.060,CUST-027,arrived,INR,false
tnt_demo,SHP-004091,import,USNYC,INMUN,1,4121.957,CUST-046,booked,USD,false
tnt_demo,SHP-004092,import,CNSHA,NLRTM,1,1521.672,CUST-047,arrived,USD,false
tnt_demo,SHP-004093,import,CNSHA,USNYC,4,6062.944,CUST-029,booked,INR,false
tnt_demo,SHP-004094,export,INMAA,AEJEA,2,8997.340,CUST-050,in_transit,AED,false
tnt_acme,SHP-004095,export,INMAA,NLRTM,3,18650.337,CUST-013,arrived,INR,false
tnt_demo,SHP-004096,export,INMAA,USNYC,4,17277.127,CUST-039,in_transit,USD,false
tnt_demo,SHP-004097,export,INMAA,USNYC,2,4856.328,CUST-024,delivered,USD,false
tnt_demo,SHP-004098,export,INNSA,SGSIN,6,17627.534,CUST-035,in_transit,USD,false
tnt_demo,SHP-004099,import,CNSHA,SGSIN,1,12308.878,CUST-005,in_transit,EUR,false
tnt_demo,SHP-004100,import,NLRTM,INMUN,3,12839.674,CUST-037,in_transit,INR,false
tnt_demo,SHP-004101,import,AEJEA,INMUN,6,18871.305,CUST-032,in_transit,USD,false
tnt_demo,SHP-004102,export,INMAA,AEJEA,5,24704.596,CUST-050,delivered,USD,false
tnt_demo,SHP-004103,export,INMUN,USNYC,3,3890.801,CUST-026,booked,USD,false
tnt_demo,SHP-004104,import,DEHAM,SGSIN,3,22274.308,CUST-019,arrived,USD,false
tnt_demo,SHP-004105,import,CNSHA,NLRTM,2,19151.425,CUST-021,booked,USD,false
tnt_demo,SHP-004106,export,INNSA,AEJEA,4,15507.949,CUST-018,in_transit,USD,false
tnt_demo,SHP-004107,import,AEJEA,INMUN,1,11677.194,CUST-018,arrived,USD,false
tnt_demo,SHP-004108,import,SGSIN,DEHAM,3,20161.105,CUST-020,in_transit,INR,false
tnt_demo,SHP-004109,import,AEJEA,NLRTM,6,1424.821,CUST-014,in_transit,INR,false
tnt_acme,SHP-004110,import,SGSIN,AEJEA,1,7416.478,CUST-025,in_transit,INR,false
tnt_demo,SHP-004111,export,INMAA,CNSHA,3,19739.788,CUST-010,in_transit,USD,false
tnt_demo,SHP-004112,import,CNSHA,AEJEA,4,8042.022,CUST-013,in_transit,INR,false
tnt_demo,SHP-004113,import,CNSHA,USNYC,1,7401.135,CUST-011,booked,INR,false
tnt_demo,SHP-004114,export,INNSA,INMAA,3,23533.833,CUST-045,in_transit,USD,false
tnt_demo,SHP-004115,import,CNSHA,INMUN,2,15732.868,CUST-003,in_transit,USD,false
tnt_demo,SHP-004116,import,CNSHA,NLRTM,1,17571.692,CUST-034,in_transit,INR,false
tnt_demo,SHP-004117,import,DEHAM,NLRTM,3,2271.000,CUST-047,arrived,INR,false
tnt_demo,SHP-004118,export,INNSA,DEHAM,5,4943.682,CUST-001,booked,USD,false
tnt_demo,SHP-004119,export,INNSA,INMUN,2,17570.803,CUST-034,arrived,EUR,false
tnt_demo,SHP-004120,export,INNSA,CNSHA,6,4085.413,CUST-046,in_transit,USD,false
tnt_demo,SHP-004121,import,NLRTM,DEHAM,3,17471.250,CUST-033,delivered,INR,false
tnt_demo,SHP-004122,import,DEHAM,INMUN,2,,CUST-018,in_transit,INR,false
tnt_demo,SHP-004123,import,CNSHA,INMAA,1,16040.151,CUST-040,booked,USD,false
tnt_demo,SHP-004124,import,SGSIN,DEHAM,1,17718.746,CUST-042,in_transit,USD,false
tnt_demo,SHP-004125,export,INMAA,NLRTM,1,20978.718,CUST-044,in_transit,USD,false
tnt_demo,SHP-004126,import,DEHAM,INNSA,3,,CUST-045,in_transit,EUR,false
tnt_demo,SHP-004127,export,INNSA,USNYC,2,,CUST-038,delivered,USD,false
tnt_demo,SHP-004128,export,INMAA,NLRTM,3,1317.475,CUST-026,booked,USD,false
tnt_demo,SHP-004129,import,SGSIN,DEHAM,6,16062.089,CUST-025,in_transit,INR,false
tnt_acme,SHP-004130,import,SGSIN,NLRTM,3,19522.922,CUST-011,arrived,AED,false
tnt_demo,SHP-004131,export,INNSA,CNSHA,2,3007.117,CUST-024,in_transit,USD,false
tnt_demo,SHP-004132,export,INMAA,AEJEA,6,23433.228,CUST-042,booked,USD,false
tnt_acme,SHP-004133,export,INMAA,INMUN,2,14787.225,CUST-042,arrived,USD,false
tnt_demo,SHP-004134,import,SGSIN,NLRTM,3,15855.050,CUST-031,in_transit,EUR,false
tnt_demo,SHP-004135,import,SGSIN,INMUN,5,21299.449,CUST-029,in_transit,USD,false
tnt_demo,SHP-004136,export,INMAA,INMUN,4,19772.290,CUST-017,in_transit,USD,false
tnt_demo,SHP-004137,import,SGSIN,INMUN,6,17288.618,CUST-020,in_transit,INR,false
tnt_demo,SHP-004138,import,CNSHA,DEHAM,4,10769.481,CUST-048,booked,EUR,false
tnt_demo,SHP-004139,export,INNSA,INMAA,6,,CUST-040,delivered,USD,false
tnt_demo,SHP-004140,export,INNSA,DEHAM,1,22265.469,CUST-022,in_transit,USD,false
tnt_demo,SHP-004141,import,CNSHA,NLRTM,6,10068.625,CUST-048,in_transit,INR,false
tnt_demo,SHP-004142,export,INMAA,INNSA,1,3883.441,CUST-025,arrived,USD,false
tnt_demo,SHP-004143,import,CNSHA,AEJEA,2,1902.397,CUST-021,in_transit,INR,false
tnt_demo,SHP-004144,export,INNSA,INMUN,2,23663.354,CUST-034,booked,USD,false
tnt_demo,SHP-004145,export,INMAA,SGSIN,2,17993.838,CUST-006,booked,INR,false
tnt_demo,SHP-004146,import,CNSHA,AEJEA,5,3165.090,CUST-022,in_transit,USD,false
tnt_demo,SHP-004147,export,INMAA,INMUN,6,10265.956,CUST-007,in_transit,USD,false
tnt_demo,SHP-004148,export,INMAA,INNSA,1,4618.503,CUST-001,booked,EUR,false
tnt_acme,SHP-004149,import,CNSHA,INMAA,3,16298.201,CUST-049,delivered,USD,false
tnt_demo,SHP-004150,import,SGSIN,INMAA,5,22083.511,CUST-049,in_transit,INR,false
tnt_demo,SHP-004151,import,CNSHA,INMUN,5,3019.721,CUST-017,delivered,USD,false
tnt_demo,SHP-004152,import,SGSIN,NLRTM,6,21403.432,CUST-047,booked,USD,false
tnt_demo,SHP-004153,export,INNSA,SGSIN,3,22301.435,CUST-038,booked,EUR,false
tnt_demo,SHP-004154,export,INNSA,AEJEA,6,24845.969,CUST-009,in_transit,INR,false
tnt_demo,SHP-004155,import,USNYC,SGSIN,2,11775.546,CUST-008,booked,USD,false
tnt_demo,SHP-004156,export,INNSA,SGSIN,5,3809.043,CUST-019,in_transit,USD,false
tnt_demo,SHP-004157,export,INNSA,USNYC,5,19869.436,CUST-048,in_transit,INR,false
tnt_demo,SHP-004158,export,INNSA,CNSHA,4,18204.187,CUST-012,delivered,INR,false
tnt_demo,SHP-004159,import,NLRTM,DEHAM,4,12035.457,CUST-041,booked,INR,false
tnt_demo,SHP-004160,export,INNSA,DEHAM,5,22803.577,CUST-037,arrived,AED,false
tnt_demo,SHP-004161,export,INMAA,DEHAM,5,1121.935,CUST-041,delivered,USD,false
tnt_demo,SHP-004162,import,CNSHA,INMUN,4,5177.924,CUST-041,in_transit,USD,false
tnt_demo,SHP-004163,import,SGSIN,CNSHA,4,4136.941,CUST-042,in_transit,EUR,false
tnt_demo,SHP-004164,export,INNSA,INMUN,2,20157.678,CUST-038,in_transit,USD,false
tnt_acme,SHP-004165,export,INNSA,DEHAM,2,2501.698,CUST-048,booked,USD,false
tnt_demo,SHP-004166,export,INNSA,SGSIN,1,16434.127,CUST-020,booked,USD,false
tnt_acme,SHP-004167,import,DEHAM,AEJEA,1,21303.165,CUST-024,arrived,INR,false
tnt_demo,SHP-004168,export,INMAA,NLRTM,4,22913.135,CUST-041,delivered,USD,false
tnt_demo,SHP-004169,export,INMAA,AEJEA,6,19051.549,CUST-010,delivered,INR,false
tnt_demo,SHP-004170,export,INNSA,DEHAM,4,,CUST-025,booked,USD,false
tnt_demo,SHP-004171,export,INMAA,AEJEA,6,7800.852,CUST-030,booked,USD,false
tnt_demo,SHP-004172,import,CNSHA,INMAA,5,,CUST-032,arrived,USD,false
tnt_demo,SHP-004173,export,INMAA,CNSHA,2,5717.324,CUST-020,in_transit,USD,false
tnt_demo,SHP-004174,import,CNSHA,NLRTM,3,7829.629,CUST-005,in_transit,USD,false
tnt_demo,SHP-004175,export,INNSA,CNSHA,1,16354.361,CUST-018,booked,AED,false
tnt_acme,SHP-004176,export,INNSA,DEHAM,1,9143.294,CUST-037,arrived,USD,false
tnt_demo,SHP-004177,import,CNSHA,SGSIN,3,,CUST-011,in_transit,INR,false
tnt_demo,SHP-004178,import,CNSHA,INMAA,4,19462.803,CUST-033,arrived,INR,false
tnt_demo,SHP-004179,export,INMAA,AEJEA,2,3690.661,CUST-016,in_transit,USD,false
tnt_demo,SHP-004180,import,SGSIN,INMUN,5,22458.619,CUST-033,in_transit,USD,false
tnt_demo,SHP-004181,export,INNSA,INMUN,3,5312.914,CUST-025,arrived,USD,false
tnt_demo,SHP-004182,export,INNSA,NLRTM,4,4176.734,CUST-012,in_transit,EUR,false
tnt_demo,SHP-004183,export,INNSA,INMAA,4,13283.678,CUST-015,in_transit,INR,false
tnt_demo,SHP-004184,export,INNSA,INMUN,1,2506.388,CUST-027,arrived,USD,false
tnt_demo,SHP-004185,import,CNSHA,DEHAM,4,2938.231,CUST-035,arrived,INR,false
tnt_acme,SHP-004186,export,INMUN,INMAA,5,12071.862,CUST-020,in_transit,USD,false
tnt_demo,SHP-004187,export,INMUN,DEHAM,3,5086.220,CUST-048,arrived,USD,false
tnt_demo,SHP-004188,import,SGSIN,INNSA,3,15785.486,CUST-037,arrived,USD,false
tnt_demo,SHP-004189,import,CNSHA,DEHAM,1,7208.248,CUST-014,in_transit,USD,false
tnt_demo,SHP-004190,import,NLRTM,CNSHA,4,20326.883,CUST-003,arrived,USD,false
tnt_demo,SHP-004191,import,CNSHA,NLRTM,6,16105.444,CUST-031,in_transit,USD,false
tnt_demo,SHP-004192,import,SGSIN,NLRTM,2,4871.561,CUST-007,booked,USD,false
tnt_demo,SHP-004193,export,INNSA,NLRTM,3,24207.190,CUST-048,booked,USD,false
tnt_demo,SHP-004194,import,CNSHA,USNYC,1,6422.448,CUST-001,in_transit,INR,false
tnt_demo,SHP-004195,import,AEJEA,SGSIN,3,21733.121,CUST-009,arrived,INR,false
tnt_demo,SHP-004196,export,INNSA,DEHAM,4,,CUST-046,delivered,USD,false
tnt_demo,SHP-004197,import,DEHAM,INMAA,5,,CUST-035,booked,INR,false
tnt_demo,SHP-004198,export,INNSA,CNSHA,6,15007.944,CUST-035,in_transit,USD,false
tnt_demo,SHP-004199,export,INNSA,INMUN,3,24056.596,CUST-019,in_transit,USD,false
tnt_acme,SHP-004200,import,CNSHA,INMUN,5,11536.377,CUST-007,booked,EUR,false
tnt_demo,SHP-004201,export,INMAA,AEJEA,2,15873.167,CUST-003,in_transit,AED,false
tnt_demo,SHP-004202,import,CNSHA,INMAA,2,4023.973,CUST-030,arrived,EUR,false
tnt_demo,SHP-004203,import,CNSHA,INMUN,6,4259.258,CUST-046,in_transit,INR,true
tnt_demo,SHP-004204,export,INMAA,INNSA,5,19255.250,CUST-048,in_transit,USD,false
tnt_demo,SHP-004205,import,CNSHA,INMUN,6,17618.313,CUST-039,booked,EUR,false
tnt_demo,SHP-004206,export,INMAA,SGSIN,3,24303.657,CUST-028,booked,INR,false
tnt_acme,SHP-004207,import,USNYC,CNSHA,5,10367.463,CUST-047,delivered,USD,false
tnt_demo,SHP-004208,import,NLRTM,USNYC,2,16250.907,CUST-031,in_transit,INR,false
tnt_demo,SHP-004209,export,INNSA,INMAA,2,6973.806,CUST-001,arrived,USD,false
tnt_demo,SHP-004210,export,INNSA,INMAA,6,11958.227,CUST-020,arrived,USD,false
tnt_demo,SHP-004211,export,INNSA,SGSIN,3,13720.151,CUST-044,arrived,USD,false
tnt_demo,SHP-004212,export,INMAA,INMUN,4,19145.465,CUST-048,booked,INR,false
tnt_demo,SHP-004213,import,CNSHA,INNSA,5,6494.088,CUST-043,arrived,INR,false
tnt_demo,SHP-004214,export,INMAA,INMUN,6,23206.010,CUST-018,arrived,INR,false
tnt_acme,SHP-004215,import,SGSIN,CNSHA,2,13128.707,CUST-016,in_transit,AED,false
tnt_demo,SHP-004216,import,USNYC,INNSA,2,14859.227,CUST-049,booked,USD,false
tnt_demo,SHP-004217,export,INNSA,INMAA,1,4985.173,CUST-047,arrived,USD,false
tnt_demo,SHP-004218,export,INNSA,USNYC,5,,CUST-015,arrived,USD,false
tnt_acme,SHP-004219,import,NLRTM,DEHAM,4,21286.205,CUST-031,booked,AED,false
tnt_demo,SHP-004220,import,SGSIN,INMUN,5,,CUST-006,in_transit,USD,false
tnt_demo,SHP-004221,export,INNSA,SGSIN,4,14314.972,CUST-042,in_transit,USD,false
tnt_demo,SHP-004222,export,INNSA,CNSHA,4,534.005,CUST-040,in_transit,USD,false
tnt_demo,SHP-004223,export,INNSA,NLRTM,5,638.095,CUST-048,arrived,EUR,false
tnt_demo,SHP-004224,export,INMAA,SGSIN,3,6482.231,CUST-046,booked,USD,false
tnt_demo,SHP-004225,export,INNSA,NLRTM,6,7057.426,CUST-010,arrived,INR,false
tnt_demo,SHP-004226,export,INNSA,CNSHA,4,10480.874,CUST-009,in_transit,EUR,false
tnt_demo,SHP-004227,export,INNSA,SGSIN,1,11338.135,CUST-002,in_transit,USD,false
tnt_demo,SHP-004228,import,CNSHA,DEHAM,3,22590.627,CUST-025,arrived,USD,false
tnt_demo,SHP-004229,import,USNYC,INMUN,1,24790.518,CUST-038,in_transit,INR,false
tnt_demo,SHP-004230,export,INMUN,CNSHA,1,2804.637,CUST-038,arrived,INR,true
tnt_demo,SHP-004231,export,INMAA,INMUN,6,16016.338,CUST-038,booked,USD,false
tnt_demo,SHP-004232,import,CNSHA,INMUN,1,14176.163,CUST-045,in_transit,INR,false
tnt_demo,SHP-004233,import,SGSIN,INNSA,4,11885.844,CUST-024,delivered,USD,false
tnt_demo,SHP-004234,export,INMAA,SGSIN,5,6415.837,CUST-029,arrived,INR,false
tnt_demo,SHP-004235,export,INNSA,INMAA,5,3700.439,CUST-039,arrived,EUR,false
tnt_demo,SHP-004236,import,AEJEA,INMAA,3,3794.643,CUST-017,booked,INR,false
tnt_demo,SHP-004237,import,CNSHA,USNYC,3,14374.583,CUST-035,in_transit,INR,false
tnt_demo,SHP-004238,export,INNSA,NLRTM,2,23575.344,CUST-021,delivered,USD,false
tnt_demo,SHP-004239,export,INNSA,INMAA,1,3679.403,CUST-005,in_transit,USD,false
tnt_demo,SHP-004240,export,INNSA,AEJEA,1,20437.378,CUST-032,arrived,USD,false
tnt_acme,SHP-004241,import,USNYC,AEJEA,1,20419.038,CUST-032,in_transit,USD,false
tnt_demo,SHP-004242,import,SGSIN,AEJEA,2,3749.759,CUST-034,in_transit,USD,false
tnt_demo,SHP-004243,import,CNSHA,DEHAM,5,15984.401,CUST-019,in_transit,EUR,false
tnt_demo,SHP-004244,export,INNSA,INMUN,4,18386.527,CUST-041,delivered,USD,false
tnt_demo,SHP-004245,export,INMUN,USNYC,5,18334.069,CUST-031,booked,EUR,false
tnt_demo,SHP-004246,export,INNSA,SGSIN,4,24635.060,CUST-013,booked,INR,false
tnt_demo,SHP-004247,export,INMAA,INMUN,5,16995.035,CUST-050,in_transit,USD,false
tnt_demo,SHP-004248,export,INNSA,SGSIN,1,17971.162,CUST-002,booked,USD,false
tnt_demo,SHP-004249,import,CNSHA,USNYC,5,23209.607,CUST-016,in_transit,USD,false
tnt_demo,SHP-004250,export,INNSA,CNSHA,5,18385.709,CUST-029,booked,INR,false
tnt_demo,SHP-004251,import,CNSHA,DEHAM,1,2482.372,CUST-017,in_transit,EUR,false
tnt_demo,SHP-004252,export,INNSA,CNSHA,6,10700.504,CUST-030,booked,USD,false
tnt_demo,SHP-004253,export,INNSA,DEHAM,3,24819.212,CUST-028,booked,INR,false
tnt_demo,SHP-004254,export,INNSA,INMUN,4,8513.769,CUST-035,in_transit,USD,false
tnt_demo,SHP-004255,export,INNSA,DEHAM,6,745.301,CUST-044,in_transit,INR,false
tnt_demo,SHP-004256,export,INNSA,AEJEA,4,9088.060,CUST-002,booked,AED,false
tnt_acme,SHP-004257,import,CNSHA,AEJEA,5,10981.318,CUST-013,booked,USD,false
tnt_demo,SHP-004258,export,INNSA,INMUN,5,22046.557,CUST-015,arrived,EUR,false
tnt_demo,SHP-004259,export,INMAA,INMUN,2,12510.164,CUST-030,arrived,USD,false
tnt_acme,SHP-004260,import,USNYC,SGSIN,2,5939.537,CUST-019,in_transit,EUR,false
tnt_demo,SHP-004261,import,CNSHA,INNSA,6,23569.277,CUST-014,in_transit,AED,false
tnt_demo,SHP-004262,export,INMAA,SGSIN,5,24480.097,CUST-033,in_transit,INR,false
tnt_demo,SHP-004263,export,INMUN,CNSHA,2,5854.841,CUST-048,arrived,USD,true
tnt_demo,SHP-004264,import,CNSHA,SGSIN,4,17813.081,CUST-037,booked,EUR,false
tnt_demo,SHP-004265,import,SGSIN,CNSHA,1,5361.350,CUST-015,delivered,INR,false
tnt_demo,SHP-004266,export,INMAA,INMUN,5,14055.013,CUST-012,in_transit,USD,false
tnt_demo,SHP-004267,import,NLRTM,INNSA,6,18872.575,CUST-041,arrived,USD,false
tnt_demo,SHP-004268,export,INMAA,INNSA,6,22586.121,CUST-007,delivered,USD,false
tnt_demo,SHP-004269,import,CNSHA,INMAA,3,6413.961,CUST-046,arrived,INR,false
tnt_demo,SHP-004270,export,INNSA,INMAA,5,17082.993,CUST-029,arrived,USD,false
tnt_acme,SHP-004271,import,DEHAM,NLRTM,5,4634.591,CUST-030,booked,EUR,true
tnt_demo,SHP-004272,export,INNSA,INMAA,1,,CUST-026,in_transit,USD,false
tnt_demo,SHP-004273,import,CNSHA,INNSA,3,18472.328,CUST-014,booked,USD,true
tnt_demo,SHP-004274,import,NLRTM,CNSHA,2,24589.115,CUST-050,arrived,INR,false
tnt_demo,SHP-004275,import,SGSIN,DEHAM,1,6213.231,CUST-009,arrived,INR,false
tnt_demo,SHP-004276,export,INMAA,CNSHA,6,16498.663,CUST-008,booked,EUR,false
tnt_demo,SHP-004277,export,INNSA,INMUN,5,5955.101,CUST-022,booked,INR,false
tnt_acme,SHP-004278,export,INNSA,INMUN,3,5646.922,CUST-004,in_transit,USD,false
tnt_demo,SHP-004279,export,INNSA,NLRTM,4,21815.812,CUST-012,arrived,INR,false
tnt_demo,SHP-004280,import,USNYC,INMUN,3,15096.862,CUST-013,in_transit,EUR,false
tnt_demo,SHP-004281,import,CNSHA,INNSA,5,14578.569,CUST-024,in_transit,EUR,false
tnt_demo,SHP-004282,export,INMAA,CNSHA,4,21215.261,CUST-002,in_transit,USD,false
tnt_demo,SHP-004283,export,INMAA,INMUN,1,,CUST-046,booked,INR,false
tnt_demo,SHP-004284,export,INMAA,INNSA,1,,CUST-035,in_transit,INR,true
tnt_acme,SHP-004285,import,SGSIN,CNSHA,2,21412.939,CUST-002,booked,INR,false
tnt_demo,SHP-004286,export,INNSA,SGSIN,3,10410.641,CUST-021,delivered,USD,false
tnt_demo,SHP-004287,export,INMAA,CNSHA,5,1192.503,CUST-005,in_transit,USD,false
tnt_demo,SHP-004288,export,INNSA,AEJEA,1,9613.500,CUST-028,delivered,INR,false
tnt_acme,SHP-004289,export,INNSA,SGSIN,5,21588.451,CUST-035,in_transit,INR,false
tnt_acme,SHP-004290,import,CNSHA,INMAA,3,9445.110,CUST-049,arrived,INR,false
tnt_demo,SHP-004291,export,INNSA,INMUN,1,22816.507,CUST-039,booked,USD,false
tnt_demo,SHP-004292,import,AEJEA,CNSHA,2,3365.224,CUST-009,in_transit,USD,false
tnt_demo,SHP-004293,export,INNSA,SGSIN,1,9073.654,CUST-045,booked,USD,true
tnt_demo,SHP-004294,export,INNSA,AEJEA,4,16215.966,CUST-004,in_transit,USD,false
tnt_acme,SHP-004295,export,INNSA,INMUN,3,5686.417,CUST-043,booked,EUR,false
tnt_demo,SHP-004296,import,SGSIN,NLRTM,4,18124.557,CUST-044,in_transit,USD,false
tnt_demo,SHP-004297,import,CNSHA,SGSIN,6,,CUST-028,in_transit,INR,false
tnt_demo,SHP-004298,export,INNSA,INMAA,5,15064.953,CUST-032,arrived,USD,false
tnt_demo,SHP-004299,export,INNSA,INMAA,4,17657.619,CUST-003,booked,USD,false
tnt_demo,SHP-004300,import,DEHAM,CNSHA,2,,CUST-032,arrived,INR,false
tnt_demo,SHP-004301,export,INNSA,AEJEA,1,6929.692,CUST-047,in_transit,USD,false
tnt_acme,SHP-004302,export,INNSA,DEHAM,6,20951.436,CUST-028,in_transit,INR,false
tnt_demo,SHP-004303,export,INNSA,INMAA,1,9925.006,CUST-002,booked,EUR,false
tnt_demo,SHP-004304,export,INNSA,INMAA,3,2539.323,CUST-022,in_transit,INR,false
tnt_demo,SHP-004305,import,CNSHA,INMAA,1,16223.691,CUST-050,booked,INR,false
tnt_demo,SHP-004306,export,INMAA,DEHAM,3,5351.784,CUST-006,in_transit,INR,false
tnt_demo,SHP-004307,export,INNSA,CNSHA,2,21047.474,CUST-038,in_transit,INR,false
tnt_demo,SHP-004308,import,SGSIN,USNYC,2,22512.389,CUST-003,in_transit,USD,false
tnt_demo,SHP-004309,export,INNSA,NLRTM,6,9563.959,CUST-040,booked,AED,false
tnt_demo,SHP-004310,import,SGSIN,AEJEA,1,1336.850,CUST-017,delivered,USD,true
tnt_demo,SHP-004311,import,NLRTM,SGSIN,1,788.073,CUST-050,booked,INR,false
tnt_demo,SHP-004312,export,INNSA,AEJEA,3,11569.120,CUST-040,delivered,USD,false
tnt_demo,SHP-004313,export,INMAA,SGSIN,2,20268.991,CUST-004,in_transit,EUR,false
tnt_demo,SHP-004314,export,INMAA,INMUN,4,16853.935,CUST-034,booked,USD,false
tnt_demo,SHP-004315,import,SGSIN,NLRTM,3,22998.176,CUST-012,in_transit,EUR,false
tnt_demo,SHP-004316,export,INNSA,NLRTM,5,14692.182,CUST-028,booked,INR,false
tnt_acme,SHP-004317,export,INNSA,DEHAM,6,12634.908,CUST-022,booked,INR,false
tnt_demo,SHP-004318,import,SGSIN,AEJEA,4,24810.521,CUST-048,in_transit,USD,false
tnt_demo,SHP-004319,export,INMAA,DEHAM,5,16218.466,CUST-018,arrived,EUR,false
tnt_demo,SHP-004320,export,INNSA,USNYC,6,20092.750,CUST-031,in_transit,EUR,true
tnt_demo,SHP-004321,export,INNSA,INMAA,2,3839.209,CUST-047,in_transit,USD,false
tnt_demo,SHP-004322,export,INNSA,NLRTM,6,,CUST-010,arrived,USD,false
tnt_demo,SHP-004323,export,INMAA,USNYC,4,3899.236,CUST-027,in_transit,EUR,false
tnt_demo,SHP-004324,import,CNSHA,DEHAM,1,1024.175,CUST-011,booked,INR,false
tnt_demo,SHP-004325,export,INMAA,DEHAM,2,9092.690,CUST-033,arrived,INR,false
tnt_demo,SHP-004326,export,INMAA,INMUN,1,22993.689,CUST-016,in_transit,INR,false
tnt_demo,SHP-004327,export,INMAA,SGSIN,6,24383.389,CUST-036,in_transit,USD,false
tnt_demo,SHP-004328,export,INMUN,SGSIN,6,2712.939,CUST-022,in_transit,EUR,false
tnt_demo,SHP-004329,export,INMAA,AEJEA,2,14518.229,CUST-045,in_transit,USD,false
tnt_demo,SHP-004330,import,DEHAM,CNSHA,4,16908.649,CUST-019,booked,USD,false
tnt_acme,SHP-004331,import,CNSHA,USNYC,4,2443.857,CUST-037,in_transit,INR,false
tnt_demo,SHP-004332,import,NLRTM,AEJEA,1,15592.577,CUST-033,arrived,USD,false
tnt_demo,SHP-004333,export,INNSA,DEHAM,2,16749.439,CUST-014,in_transit,USD,false
tnt_demo,SHP-004334,export,INNSA,SGSIN,2,15623.015,CUST-047,in_transit,INR,false
tnt_demo,SHP-004335,import,AEJEA,INMAA,1,6633.635,CUST-033,in_transit,INR,false
tnt_demo,SHP-004336,import,SGSIN,DEHAM,5,8306.121,CUST-046,arrived,INR,false
tnt_demo,SHP-004337,import,NLRTM,CNSHA,4,21708.983,CUST-013,arrived,USD,false
tnt_demo,SHP-004338,export,INMAA,NLRTM,2,5929.555,CUST-003,in_transit,INR,false
tnt_demo,SHP-004339,export,INMAA,SGSIN,6,2602.609,CUST-029,in_transit,AED,false
tnt_demo,SHP-004340,export,INNSA,SGSIN,1,3965.018,CUST-027,in_transit,USD,false
tnt_demo,SHP-004341,export,INNSA,DEHAM,3,21798.737,CUST-035,booked,INR,false
tnt_demo,SHP-004342,import,SGSIN,DEHAM,5,18327.352,CUST-046,arrived,USD,false
tnt_demo,SHP-004343,export,INMAA,AEJEA,4,9595.399,CUST-026,arrived,USD,false
tnt_demo,SHP-004344,export,INNSA,USNYC,4,8890.171,CUST-014,in_transit,USD,false
tnt_demo,SHP-004345,import,USNYC,AEJEA,6,3469.593,CUST-022,booked,INR,false
tnt_demo,SHP-004346,import,CNSHA,INMAA,1,7382.902,CUST-008,arrived,INR,false
tnt_demo,SHP-004347,export,INNSA,USNYC,5,,CUST-006,booked,INR,true
tnt_demo,SHP-004348,import,NLRTM,DEHAM,3,2668.042,CUST-033,booked,EUR,false
tnt_demo,SHP-004349,import,SGSIN,NLRTM,6,,CUST-030,booked,INR,true
tnt_demo,SHP-004350,export,INMAA,CNSHA,1,4216.384,CUST-030,booked,EUR,false
tnt_acme,SHP-004351,export,INMAA,INNSA,1,16999.504,CUST-044,booked,INR,false
tnt_demo,SHP-004352,import,NLRTM,AEJEA,5,15788.308,CUST-017,in_transit,INR,false
tnt_demo,SHP-004353,export,INNSA,AEJEA,6,8840.864,CUST-024,booked,INR,false
tnt_demo,SHP-004354,import,CNSHA,INMUN,4,14330.911,CUST-035,in_transit,USD,false
tnt_acme,SHP-004355,import,USNYC,INMAA,6,10740.078,CUST-038,in_transit,INR,false
tnt_demo,SHP-004356,export,INMAA,AEJEA,5,10797.816,CUST-020,booked,USD,false
tnt_demo,SHP-004357,import,DEHAM,INMUN,5,19564.258,CUST-032,arrived,INR,false
tnt_demo,SHP-004358,import,CNSHA,NLRTM,6,8758.304,CUST-024,arrived,USD,false
tnt_demo,SHP-004359,export,INNSA,DEHAM,1,9857.730,CUST-025,booked,USD,false
tnt_demo,SHP-004360,import,AEJEA,INMUN,3,23222.815,CUST-048,in_transit,USD,false
tnt_demo,SHP-004361,import,CNSHA,DEHAM,5,24256.584,CUST-009,delivered,INR,false
tnt_demo,SHP-004362,export,INMUN,CNSHA,3,8888.136,CUST-031,booked,INR,false
tnt_demo,SHP-004363,export,INNSA,USNYC,4,7414.926,CUST-023,in_transit,INR,false
tnt_demo,SHP-004364,import,NLRTM,DEHAM,4,21581.623,CUST-044,in_transit,INR,false
tnt_demo,SHP-004365,export,INNSA,SGSIN,3,16755.242,CUST-019,booked,INR,false
tnt_demo,SHP-004366,import,DEHAM,AEJEA,3,14244.844,CUST-010,in_transit,AED,false
tnt_demo,SHP-004367,export,INMUN,USNYC,2,6132.677,CUST-008,arrived,USD,false
tnt_acme,SHP-004368,export,INNSA,NLRTM,2,596.944,CUST-030,in_transit,USD,false
tnt_demo,SHP-004369,export,INNSA,INMUN,1,8347.628,CUST-009,booked,USD,false
tnt_demo,SHP-004370,import,SGSIN,NLRTM,2,13210.177,CUST-028,in_transit,INR,false
tnt_demo,SHP-004371,import,DEHAM,AEJEA,2,10294.476,CUST-021,in_transit,USD,false
tnt_demo,SHP-004372,export,INNSA,NLRTM,6,7748.470,CUST-045,arrived,USD,false
tnt_acme,SHP-004373,import,SGSIN,INMAA,5,13295.549,CUST-019,booked,INR,false
tnt_demo,SHP-004374,import,CNSHA,USNYC,6,11854.908,CUST-010,delivered,INR,true
tnt_demo,SHP-004375,import,SGSIN,INMUN,1,23870.092,CUST-006,in_transit,INR,false
tnt_demo,SHP-004376,export,INMUN,NLRTM,3,8555.534,CUST-049,in_transit,USD,false
tnt_demo,SHP-004377,import,SGSIN,INMUN,5,9604.671,CUST-045,delivered,USD,false
tnt_demo,SHP-004378,import,CNSHA,USNYC,1,2204.150,CUST-050,arrived,INR,false
tnt_demo,SHP-004379,import,CNSHA,INMUN,3,13286.655,CUST-041,booked,INR,false
tnt_demo,SHP-004380,export,INNSA,INMAA,5,3536.375,CUST-018,in_transit,INR,false
tnt_acme,SHP-004381,import,DEHAM,SGSIN,1,24311.315,CUST-026,in_transit,USD,false
tnt_demo,SHP-004382,export,INNSA,SGSIN,2,13949.160,CUST-018,arrived,INR,false
tnt_demo,SHP-004383,export,INNSA,DEHAM,2,7781.146,CUST-040,delivered,USD,false
tnt_demo,SHP-004384,import,SGSIN,INMUN,1,4973.741,CUST-044,arrived,EUR,false
tnt_acme,SHP-004385,export,INNSA,CNSHA,5,12905.276,CUST-026,in_transit,INR,false
tnt_demo,SHP-004386,import,SGSIN,INNSA,1,24466.334,CUST-023,in_transit,EUR,false
tnt_demo,SHP-004387,export,INNSA,DEHAM,4,,CUST-014,booked,INR,false
tnt_demo,SHP-004388,export,INMAA,SGSIN,3,20799.030,CUST-005,booked,EUR,false
tnt_demo,SHP-004389,export,INNSA,NLRTM,6,1214.857,CUST-024,arrived,EUR,false
tnt_demo,SHP-004390,import,SGSIN,NLRTM,1,2273.820,CUST-039,booked,USD,false
tnt_demo,SHP-004391,import,DEHAM,CNSHA,6,3296.007,CUST-044,in_transit,EUR,false
tnt_demo,SHP-004392,export,INMAA,USNYC,3,6833.704,CUST-018,booked,INR,false
tnt_demo,SHP-004393,export,INMAA,INMUN,5,9416.278,CUST-015,arrived,INR,false
tnt_acme,SHP-004394,import,AEJEA,USNYC,3,15542.323,CUST-021,arrived,INR,false
tnt_demo,SHP-004395,import,CNSHA,INMAA,5,13722.698,CUST-003,in_transit,AED,false
tnt_demo,SHP-004396,export,INNSA,DEHAM,5,20121.292,CUST-045,in_transit,USD,false
tnt_acme,SHP-004397,export,INMAA,DEHAM,1,14458.553,CUST-026,booked,INR,false
tnt_demo,SHP-004398,import,CNSHA,USNYC,1,11397.331,CUST-020,booked,EUR,false
tnt_demo,SHP-004399,import,NLRTM,CNSHA,4,19220.319,CUST-025,booked,INR,true
tnt_demo,SHP-004400,import,NLRTM,SGSIN,4,,CUST-017,arrived,INR,false
tnt_demo,SHP-004401,import,NLRTM,AEJEA,3,8149.915,CUST-020,booked,USD,false
tnt_demo,SHP-004402,export,INNSA,DEHAM,4,4361.815,CUST-029,in_transit,USD,false
tnt_demo,SHP-004403,export,INNSA,DEHAM,1,4834.373,CUST-012,arrived,INR,false
tnt_demo,SHP-004404,import,SGSIN,CNSHA,5,17222.540,CUST-011,in_transit,USD,false
tnt_demo,SHP-004405,import,DEHAM,INMAA,3,15309.626,CUST-046,in_transit,INR,false
tnt_demo,SHP-004406,import,USNYC,NLRTM,4,18321.537,CUST-014,delivered,INR,false
tnt_demo,SHP-004407,export,INMUN,DEHAM,1,16489.826,CUST-033,in_transit,USD,false
tnt_demo,SHP-004408,import,NLRTM,SGSIN,4,24729.256,CUST-005,delivered,INR,true
tnt_demo,SHP-004409,export,INNSA,SGSIN,3,5394.691,CUST-041,arrived,INR,false
tnt_demo,SHP-004410,export,INMAA,CNSHA,1,13098.825,CUST-029,in_transit,INR,false
tnt_acme,SHP-004411,import,CNSHA,INMUN,2,17466.739,CUST-011,booked,USD,false
tnt_acme,SHP-004412,export,INNSA,USNYC,4,1873.967,CUST-049,booked,USD,false
tnt_demo,SHP-004413,export,INNSA,NLRTM,3,24026.726,CUST-029,booked,USD,false
tnt_demo,SHP-004414,import,SGSIN,DEHAM,1,8120.689,CUST-018,arrived,INR,false
tnt_demo,SHP-004415,export,INNSA,NLRTM,1,19418.793,CUST-006,arrived,USD,false
tnt_demo,SHP-004416,import,AEJEA,SGSIN,2,21347.724,CUST-009,booked,INR,false
tnt_demo,SHP-004417,import,AEJEA,INMAA,6,18121.694,CUST-012,delivered,INR,false
tnt_demo,SHP-004418,export,INNSA,AEJEA,3,1069.740,CUST-030,in_transit,EUR,false
tnt_demo,SHP-004419,import,CNSHA,NLRTM,1,,CUST-014,arrived,EUR,false
tnt_demo,SHP-004420,export,INNSA,SGSIN,2,7549.978,CUST-046,arrived,INR,false
tnt_demo,SHP-004421,import,SGSIN,NLRTM,1,23813.970,CUST-021,in_transit,USD,false
tnt_demo,SHP-004422,export,INMAA,AEJEA,6,17314.079,CUST-009,arrived,USD,false
tnt_demo,SHP-004423,export,INNSA,NLRTM,5,24631.067,CUST-041,booked,USD,false
tnt_demo,SHP-004424,import,CNSHA,DEHAM,5,22528.568,CUST-012,delivered,INR,false
tnt_demo,SHP-004425,export,INMUN,USNYC,4,20196.581,CUST-022,arrived,USD,true
tnt_demo,SHP-004426,export,INNSA,USNYC,4,17142.656,CUST-030,booked,EUR,false
tnt_acme,SHP-004427,export,INNSA,INMAA,5,11698.841,CUST-009,booked,USD,false
tnt_demo,SHP-004428,export,INMAA,AEJEA,1,12468.173,CUST-018,booked,USD,false
tnt_demo,SHP-004429,export,INNSA,INMAA,4,24854.572,CUST-022,booked,INR,false
tnt_demo,SHP-004430,import,CNSHA,INMAA,1,10250.875,CUST-048,arrived,INR,false
tnt_demo,SHP-004431,export,INNSA,SGSIN,6,8163.629,CUST-024,arrived,INR,false
tnt_demo,SHP-004432,import,CNSHA,INNSA,5,7589.982,CUST-023,in_transit,INR,false
tnt_demo,SHP-004433,import,CNSHA,DEHAM,4,21839.783,CUST-032,in_transit,USD,false
tnt_demo,SHP-004434,export,INMAA,INMUN,6,3812.293,CUST-034,arrived,USD,false
tnt_demo,SHP-004435,import,AEJEA,CNSHA,2,15179.377,CUST-012,arrived,USD,false
tnt_demo,SHP-004436,import,SGSIN,USNYC,6,12458.469,CUST-003,arrived,USD,true
tnt_demo,SHP-004437,import,SGSIN,DEHAM,2,11103.116,CUST-045,in_transit,INR,false
tnt_demo,SHP-004438,export,INNSA,INMUN,5,,CUST-039,in_transit,USD,false
tnt_demo,SHP-004439,import,SGSIN,DEHAM,5,4719.258,CUST-002,in_transit,INR,false
tnt_demo,SHP-004440,import,SGSIN,INNSA,1,9621.042,CUST-011,arrived,USD,false
tnt_demo,SHP-004441,import,SGSIN,INMAA,1,18264.401,CUST-038,arrived,AED,false
tnt_demo,SHP-004442,import,SGSIN,INMAA,4,20621.404,CUST-030,arrived,INR,false
tnt_demo,SHP-004443,import,AEJEA,DEHAM,2,21439.790,CUST-034,booked,USD,false
tnt_acme,SHP-004444,import,CNSHA,AEJEA,4,16039.004,CUST-048,arrived,USD,false
tnt_demo,SHP-004445,export,INNSA,NLRTM,2,15932.388,CUST-013,booked,USD,false
tnt_demo,SHP-004446,import,SGSIN,DEHAM,3,23597.552,CUST-026,booked,EUR,false
tnt_acme,SHP-004447,import,SGSIN,INMAA,2,10757.607,CUST-045,booked,EUR,false
tnt_demo,SHP-004448,export,INNSA,DEHAM,3,19396.631,CUST-032,arrived,INR,false
tnt_demo,SHP-004449,import,CNSHA,INNSA,1,1154.439,CUST-004,arrived,EUR,false
tnt_demo,SHP-004450,export,INNSA,USNYC,5,9231.891,CUST-042,arrived,INR,false
tnt_demo,SHP-004451,import,SGSIN,CNSHA,3,3280.329,CUST-026,arrived,USD,false
tnt_demo,SHP-004452,export,INNSA,USNYC,4,6046.987,CUST-001,in_transit,EUR,false
tnt_acme,SHP-004453,import,AEJEA,NLRTM,5,24813.534,CUST-023,arrived,USD,false
tnt_demo,SHP-004454,export,INNSA,NLRTM,3,22973.160,CUST-035,in_transit,USD,false
tnt_demo,SHP-004455,import,SGSIN,INMAA,1,23759.306,CUST-027,in_transit,INR,false
tnt_acme,SHP-004456,export,INMAA,SGSIN,6,21900.153,CUST-021,arrived,USD,false
tnt_acme,SHP-004457,export,INNSA,USNYC,3,21389.714,CUST-049,booked,USD,false
tnt_demo,SHP-004458,export,INNSA,DEHAM,5,11253.454,CUST-035,booked,INR,false
tnt_demo,SHP-004459,export,INMAA,AEJEA,2,2013.421,CUST-009,arrived,USD,false
tnt_demo,SHP-004460,import,SGSIN,INNSA,6,17617.118,CUST-019,in_transit,EUR,false
tnt_demo,SHP-004461,import,NLRTM,INMUN,2,24996.581,CUST-031,in_transit,INR,false
tnt_demo,SHP-004462,import,CNSHA,AEJEA,6,24843.159,CUST-023,booked,USD,false
tnt_demo,SHP-004463,import,AEJEA,INMUN,4,2387.535,CUST-014,in_transit,EUR,false
tnt_demo,SHP-004464,export,INMAA,USNYC,2,11637.709,CUST-020,in_transit,EUR,false
tnt_demo,SHP-004465,import,CNSHA,DEHAM,6,22144.657,CUST-048,booked,USD,false
tnt_demo,SHP-004466,import,CNSHA,AEJEA,1,,CUST-006,delivered,USD,false
tnt_demo,SHP-004467,import,DEHAM,NLRTM,4,7553.588,CUST-040,in_transit,INR,false
tnt_demo,SHP-004468,export,INNSA,CNSHA,5,,CUST-020,booked,INR,false
tnt_demo,SHP-004469,import,CNSHA,INMUN,3,15247.866,CUST-021,booked,USD,false
tnt_acme,SHP-004470,export,INNSA,CNSHA,5,3498.342,CUST-010,booked,INR,false
tnt_demo,SHP-004471,import,SGSIN,AEJEA,1,5457.055,CUST-044,arrived,INR,false
tnt_demo,SHP-004472,import,CNSHA,INNSA,3,12385.879,CUST-048,in_transit,EUR,false
tnt_demo,SHP-004473,export,INNSA,INMAA,4,14877.901,CUST-010,booked,USD,false
tnt_demo,SHP-004474,import,DEHAM,INMAA,4,17366.281,CUST-023,in_transit,USD,false
tnt_demo,SHP-004475,export,INNSA,INMUN,4,6401.845,CUST-014,in_transit,EUR,false
tnt_demo,SHP-004476,export,INMAA,INNSA,4,23673.995,CUST-023,in_transit,EUR,false
tnt_demo,SHP-004477,import,NLRTM,INNSA,3,8983.024,CUST-042,booked,USD,false
tnt_demo,SHP-004478,import,CNSHA,INNSA,3,15933.497,CUST-045,delivered,INR,false
tnt_acme,SHP-004479,import,NLRTM,AEJEA,3,19694.662,CUST-033,booked,USD,false
tnt_demo,SHP-004480,import,SGSIN,NLRTM,2,8336.621,CUST-022,arrived,USD,false
tnt_demo,SHP-004481,export,INNSA,AEJEA,5,13457.880,CUST-014,arrived,USD,false
tnt_acme,SHP-004482,export,INNSA,DEHAM,6,4493.548,CUST-049,arrived,USD,false
tnt_demo,SHP-004483,import,AEJEA,INMUN,1,23077.830,CUST-005,booked,USD,false
tnt_demo,SHP-004484,export,INNSA,USNYC,1,4555.407,CUST-024,booked,USD,false
tnt_demo,SHP-004485,export,INNSA,NLRTM,2,2290.226,CUST-039,arrived,AED,false
tnt_demo,SHP-004486,export,INNSA,CNSHA,4,2169.226,CUST-007,in_transit,USD,false
tnt_demo,SHP-004487,export,INNSA,USNYC,1,8151.370,CUST-049,delivered,USD,false
tnt_demo,SHP-004488,export,INNSA,DEHAM,5,6250.181,CUST-022,arrived,USD,false
tnt_demo,SHP-004489,import,NLRTM,CNSHA,2,15977.978,CUST-017,in_transit,INR,false
tnt_demo,SHP-004490,import,NLRTM,DEHAM,3,24131.286,CUST-004,booked,INR,false
tnt_demo,SHP-004491,export,INNSA,SGSIN,6,11405.405,CUST-038,delivered,EUR,false
tnt_demo,SHP-004492,import,CNSHA,NLRTM,3,24499.114,CUST-007,booked,INR,false
tnt_demo,SHP-004493,import,SGSIN,NLRTM,3,12267.590,CUST-030,booked,INR,false
tnt_demo,SHP-004494,import,USNYC,SGSIN,3,12502.667,CUST-043,booked,USD,false
tnt_demo,SHP-004495,export,INMAA,CNSHA,4,3683.772,CUST-019,arrived,EUR,false
tnt_demo,SHP-004496,import,USNYC,INMAA,6,5761.511,CUST-045,arrived,USD,false
tnt_demo,SHP-004497,export,INNSA,INMAA,4,23430.320,CUST-046,arrived,USD,false
tnt_demo,SHP-004498,import,DEHAM,INNSA,2,1941.703,CUST-006,arrived,USD,false
tnt_demo,SHP-004499,import,SGSIN,USNYC,2,20681.416,CUST-004,in_transit,USD,false
tnt_demo,SHP-004500,export,INNSA,INMAA,4,5797.285,CUST-034,booked,USD,false
tnt_demo,SHP-004501,import,CNSHA,DEHAM,4,12249.268,CUST-043,in_transit,USD,false
tnt_demo,SHP-004502,import,CNSHA,NLRTM,4,22880.621,CUST-042,in_transit,INR,false
tnt_demo,SHP-004503,import,USNYC,AEJEA,6,17463.367,CUST-029,in_transit,USD,false
tnt_demo,SHP-004504,import,SGSIN,INMUN,1,3284.226,CUST-011,in_transit,EUR,false
tnt_demo,SHP-004505,import,SGSIN,DEHAM,2,3679.495,CUST-048,arrived,INR,false
tnt_demo,SHP-004506,export,INNSA,INMAA,1,7989.831,CUST-015,arrived,EUR,false
tnt_acme,SHP-004507,import,SGSIN,CNSHA,2,3232.464,CUST-014,in_transit,USD,true
tnt_demo,SHP-004508,import,CNSHA,INMUN,5,4361.179,CUST-046,arrived,USD,false
tnt_demo,SHP-004509,import,DEHAM,AEJEA,2,4697.383,CUST-004,in_transit,EUR,false
tnt_demo,SHP-004510,import,SGSIN,INMUN,6,5747.071,CUST-044,arrived,USD,false
tnt_demo,SHP-004511,import,SGSIN,NLRTM,1,15305.602,CUST-043,booked,EUR,false
tnt_demo,SHP-004512,import,CNSHA,INNSA,2,10058.366,CUST-042,arrived,EUR,false
tnt_demo,SHP-004513,export,INMAA,DEHAM,2,10950.133,CUST-022,delivered,INR,true
tnt_demo,SHP-004514,export,INMAA,NLRTM,6,5830.638,CUST-049,in_transit,EUR,false
tnt_demo,SHP-004515,export,INMAA,AEJEA,2,9217.595,CUST-025,arrived,INR,true
tnt_demo,SHP-004516,export,INNSA,DEHAM,3,4578.786,CUST-004,booked,INR,false
tnt_demo,SHP-004517,import,CNSHA,INNSA,5,12924.709,CUST-034,delivered,EUR,false
tnt_demo,SHP-004518,import,SGSIN,INMUN,5,23108.421,CUST-004,arrived,USD,false
tnt_demo,SHP-004519,export,INNSA,INMAA,6,8778.212,CUST-037,in_transit,USD,false
tnt_demo,SHP-004520,import,AEJEA,INMUN,6,7359.810,CUST-047,arrived,USD,false
tnt_demo,SHP-004521,export,INNSA,SGSIN,2,760.893,CUST-010,in_transit,USD,false
tnt_demo,SHP-004522,export,INMAA,DEHAM,4,12687.684,CUST-003,delivered,INR,false
tnt_acme,SHP-004523,import,DEHAM,SGSIN,4,16124.212,CUST-022,delivered,USD,false
tnt_demo,SHP-004524,export,INNSA,INMAA,2,15363.759,CUST-031,arrived,INR,false
tnt_demo,SHP-004525,export,INMAA,INMUN,3,14359.504,CUST-029,in_transit,USD,false
tnt_demo,SHP-004526,export,INNSA,USNYC,4,,CUST-043,delivered,EUR,false
tnt_demo,SHP-004527,import,CNSHA,AEJEA,3,11259.188,CUST-011,in_transit,INR,false
tnt_demo,SHP-004528,export,INMUN,CNSHA,1,19445.007,CUST-050,arrived,USD,false
tnt_demo,SHP-004529,import,DEHAM,SGSIN,1,22341.067,CUST-046,in_transit,INR,false
tnt_demo,SHP-004530,import,NLRTM,INNSA,5,24067.389,CUST-013,delivered,INR,false
tnt_demo,SHP-004531,export,INMAA,INNSA,6,21997.597,CUST-034,arrived,EUR,false
tnt_demo,SHP-004532,export,INMUN,AEJEA,2,6836.540,CUST-028,booked,INR,false
tnt_demo,SHP-004533,import,CNSHA,SGSIN,4,1191.009,CUST-042,booked,INR,false
tnt_demo,SHP-004534,import,SGSIN,INMUN,4,23138.370,CUST-018,booked,EUR,false
tnt_demo,SHP-004535,import,CNSHA,DEHAM,3,591.085,CUST-047,booked,INR,false
tnt_demo,SHP-004536,import,USNYC,AEJEA,2,5476.569,CUST-046,in_transit,INR,false
tnt_demo,SHP-004537,import,NLRTM,DEHAM,4,3128.026,CUST-024,booked,INR,false
tnt_demo,SHP-004538,export,INNSA,INMAA,3,3541.190,CUST-026,in_transit,INR,false
tnt_demo,SHP-004539,import,AEJEA,USNYC,6,2464.705,CUST-008,booked,USD,false
tnt_demo,SHP-004540,import,NLRTM,CNSHA,3,16782.090,CUST-006,delivered,INR,false
tnt_demo,SHP-004541,import,SGSIN,INMUN,2,6522.734,CUST-026,arrived,USD,false
tnt_demo,SHP-004542,import,CNSHA,INMAA,6,,CUST-005,booked,USD,false
tnt_acme,SHP-004543,export,INNSA,SGSIN,3,10848.114,CUST-031,booked,USD,false
tnt_demo,SHP-004544,export,INMAA,USNYC,1,22528.831,CUST-022,booked,INR,false
tnt_demo,SHP-004545,export,INNSA,INMUN,4,6833.470,CUST-041,in_transit,USD,false
tnt_acme,SHP-004546,import,DEHAM,INMAA,6,12693.068,CUST-006,booked,USD,true
tnt_demo,SHP-004547,export,INNSA,NLRTM,5,18965.559,CUST-010,in_transit,INR,false
tnt_demo,SHP-004548,export,INNSA,DEHAM,6,15574.309,CUST-024,in_transit,AED,false
tnt_demo,SHP-004549,import,NLRTM,SGSIN,4,22407.791,CUST-040,delivered,AED,false
tnt_demo,SHP-004550,import,CNSHA,INMUN,4,8711.439,CUST-006,booked,USD,false
tnt_acme,SHP-004551,export,INNSA,INMAA,5,7743.490,CUST-039,in_transit,INR,false
tnt_acme,SHP-004552,import,SGSIN,NLRTM,5,8774.002,CUST-008,booked,USD,false
tnt_demo,SHP-004553,import,NLRTM,DEHAM,3,7462.009,CUST-002,in_transit,AED,false
tnt_demo,SHP-004554,export,INMAA,CNSHA,3,12939.779,CUST-017,in_transit,USD,false
tnt_demo,SHP-004555,export,INMAA,USNYC,5,13013.854,CUST-012,arrived,INR,false
tnt_demo,SHP-004556,export,INNSA,SGSIN,4,926.049,CUST-014,in_transit,USD,false
tnt_demo,SHP-004557,import,CNSHA,SGSIN,1,23083.122,CUST-006,booked,EUR,false
tnt_demo,SHP-004558,export,INNSA,CNSHA,3,4012.820,CUST-023,in_transit,USD,false
tnt_demo,SHP-004559,import,SGSIN,AEJEA,6,19944.369,CUST-039,arrived,USD,false
tnt_demo,SHP-004560,export,INNSA,SGSIN,2,,CUST-050,in_transit,USD,false
tnt_demo,SHP-004561,export,INNSA,INMUN,6,5432.914,CUST-044,arrived,INR,false
tnt_demo,SHP-004562,export,INNSA,USNYC,6,8020.316,CUST-049,in_transit,USD,false
tnt_acme,SHP-004563,import,CNSHA,NLRTM,5,2303.597,CUST-001,booked,INR,false
tnt_demo,SHP-004564,export,INNSA,NLRTM,4,8864.308,CUST-009,booked,USD,false
tnt_demo,SHP-004565,export,INMAA,DEHAM,3,17253.677,CUST-020,arrived,INR,false
tnt_demo,SHP-004566,export,INMUN,CNSHA,2,16136.743,CUST-018,delivered,EUR,false
tnt_demo,SHP-004567,import,CNSHA,USNYC,3,4529.766,CUST-039,booked,USD,false
tnt_demo,SHP-004568,export,INNSA,NLRTM,3,10063.687,CUST-033,booked,INR,false
tnt_demo,SHP-004569,export,INNSA,INMAA,4,18103.658,CUST-036,booked,USD,false
tnt_demo,SHP-004570,import,CNSHA,INMAA,6,19470.560,CUST-005,booked,USD,false
tnt_demo,SHP-004571,import,NLRTM,AEJEA,3,11487.248,CUST-046,in_transit,INR,false
tnt_demo,SHP-004572,import,USNYC,DEHAM,4,20008.241,CUST-050,in_transit,INR,false
tnt_demo,SHP-004573,export,INMUN,SGSIN,6,16814.294,CUST-014,booked,INR,false
tnt_demo,SHP-004574,import,CNSHA,AEJEA,3,9694.471,CUST-039,booked,USD,false
tnt_demo,SHP-004575,import,CNSHA,AEJEA,4,19374.146,CUST-012,in_transit,USD,false
tnt_demo,SHP-004576,export,INMAA,INNSA,6,2113.843,CUST-027,booked,USD,false
tnt_acme,SHP-004577,export,INNSA,AEJEA,5,15030.482,CUST-006,in_transit,USD,false
tnt_acme,SHP-004578,export,INMAA,CNSHA,2,20866.094,CUST-004,delivered,USD,false
tnt_demo,SHP-004579,export,INNSA,CNSHA,3,4987.097,CUST-046,in_transit,EUR,false
tnt_demo,SHP-004580,export,INNSA,INMAA,5,24483.842,CUST-048,arrived,USD,false
tnt_demo,SHP-004581,export,INMAA,AEJEA,4,,CUST-010,booked,USD,false
tnt_acme,SHP-004582,import,CNSHA,AEJEA,4,17215.647,CUST-037,in_transit,AED,false
tnt_demo,SHP-004583,export,INNSA,INMAA,6,23522.692,CUST-025,booked,INR,false
tnt_demo,SHP-004584,import,CNSHA,INNSA,6,10980.411,CUST-038,delivered,INR,false
tnt_demo,SHP-004585,import,CNSHA,INMUN,5,23995.619,CUST-044,in_transit,USD,false
tnt_demo,SHP-004586,export,INNSA,NLRTM,6,21418.935,CUST-034,in_transit,USD,false
tnt_demo,SHP-004587,import,CNSHA,AEJEA,3,12480.459,CUST-040,in_transit,USD,false
tnt_demo,SHP-004588,export,INNSA,SGSIN,2,,CUST-012,in_transit,EUR,false
tnt_acme,SHP-004589,import,CNSHA,NLRTM,1,11176.129,CUST-037,in_transit,USD,false
tnt_demo,SHP-004590,import,CNSHA,INMUN,2,,CUST-044,in_transit,USD,false
tnt_demo,SHP-004591,import,USNYC,INMAA,2,16670.152,CUST-002,arrived,INR,false
tnt_demo,SHP-004592,export,INNSA,DEHAM,3,12172.064,CUST-010,booked,INR,false
tnt_demo,SHP-004593,import,SGSIN,NLRTM,4,5633.201,CUST-016,delivered,EUR,false
tnt_acme,SHP-004594,import,AEJEA,NLRTM,3,23668.170,CUST-010,in_transit,USD,false
tnt_demo,SHP-004595,import,CNSHA,INNSA,5,8887.429,CUST-025,in_transit,INR,false
tnt_acme,SHP-004596,import,SGSIN,INMUN,1,3409.805,CUST-002,arrived,INR,false
tnt_demo,SHP-004597,export,INNSA,NLRTM,4,14416.143,CUST-033,arrived,INR,false
tnt_demo,SHP-004598,export,INNSA,AEJEA,3,23955.650,CUST-047,arrived,INR,false
tnt_acme,SHP-004599,import,SGSIN,INMUN,4,21939.230,CUST-011,arrived,USD,false
tnt_demo,SHP-004600,export,INNSA,AEJEA,2,22498.185,CUST-044,in_transit,INR,false
tnt_demo,SHP-004601,import,CNSHA,INMUN,6,17624.948,CUST-015,in_transit,INR,false
tnt_demo,SHP-004602,import,CNSHA,DEHAM,5,13473.756,CUST-032,in_transit,USD,true
tnt_demo,SHP-004603,export,INNSA,DEHAM,1,24422.145,CUST-041,booked,USD,false
tnt_demo,SHP-004604,import,AEJEA,INMUN,5,24271.541,CUST-016,in_transit,USD,false
tnt_demo,SHP-004605,import,NLRTM,AEJEA,2,4884.909,CUST-032,in_transit,INR,false
tnt_acme,SHP-004606,import,CNSHA,INNSA,3,,CUST-038,in_transit,USD,false
tnt_demo,SHP-004607,export,INMAA,AEJEA,3,1605.292,CUST-005,booked,USD,false
tnt_demo,SHP-004608,export,INMAA,CNSHA,6,7929.866,CUST-044,arrived,EUR,false
tnt_acme,SHP-004609,import,SGSIN,INNSA,2,18119.970,CUST-003,in_transit,AED,false
tnt_demo,SHP-004610,export,INMAA,SGSIN,1,24244.020,CUST-049,in_transit,USD,false
tnt_demo,SHP-004611,import,CNSHA,USNYC,3,2205.041,CUST-010,booked,USD,false
tnt_demo,SHP-004612,import,DEHAM,INMAA,6,3986.333,CUST-003,in_transit,INR,false
tnt_demo,SHP-004613,import,CNSHA,AEJEA,1,17164.296,CUST-023,booked,INR,false
tnt_demo,SHP-004614,export,INNSA,CNSHA,1,14994.477,CUST-002,booked,INR,false
tnt_demo,SHP-004615,import,CNSHA,NLRTM,1,9958.994,CUST-041,in_transit,INR,false
tnt_demo,SHP-004616,import,CNSHA,SGSIN,3,24973.666,CUST-014,in_transit,EUR,false
tnt_demo,SHP-004617,import,CNSHA,AEJEA,6,5177.364,CUST-028,delivered,USD,false
tnt_demo,SHP-004618,export,INNSA,INMUN,4,13286.327,CUST-033,arrived,USD,false
tnt_acme,SHP-004619,export,INMAA,CNSHA,6,11544.570,CUST-032,in_transit,INR,false
tnt_demo,SHP-004620,export,INNSA,USNYC,2,10921.032,CUST-018,delivered,USD,false
tnt_demo,SHP-004621,import,CNSHA,SGSIN,6,22146.086,CUST-004,in_transit,USD,false
tnt_demo,SHP-004622,export,INNSA,DEHAM,6,20100.557,CUST-031,arrived,AED,false
tnt_demo,SHP-004623,export,INMAA,NLRTM,1,1644.309,CUST-026,in_transit,INR,false
tnt_demo,SHP-004624,export,INMAA,NLRTM,6,12277.658,CUST-047,arrived,INR,false
tnt_demo,SHP-004625,import,CNSHA,INMUN,1,6304.673,CUST-043,in_transit,INR,false
tnt_demo,SHP-004626,import,SGSIN,NLRTM,5,8651.533,CUST-034,in_transit,AED,false
tnt_demo,SHP-004627,export,INNSA,USNYC,3,15764.245,CUST-033,booked,EUR,false
tnt_demo,SHP-004628,export,INNSA,DEHAM,3,3584.209,CUST-038,in_transit,USD,true
tnt_demo,SHP-004629,export,INNSA,USNYC,6,16113.228,CUST-048,in_transit,USD,false
tnt_demo,SHP-004630,import,CNSHA,INMUN,1,19688.023,CUST-003,booked,EUR,false
tnt_demo,SHP-004631,export,INNSA,NLRTM,4,18813.133,CUST-033,delivered,EUR,false
tnt_demo,SHP-004632,import,CNSHA,INMAA,1,8117.245,CUST-013,booked,USD,false
tnt_demo,SHP-004633,import,CNSHA,INMUN,5,21548.772,CUST-034,in_transit,AED,false
tnt_demo,SHP-004634,import,CNSHA,INNSA,4,21413.532,CUST-044,arrived,USD,false
tnt_acme,SHP-004635,export,INNSA,USNYC,3,1152.167,CUST-014,booked,AED,false
tnt_demo,SHP-004636,export,INNSA,DEHAM,4,,CUST-013,booked,EUR,false
tnt_demo,SHP-004637,export,INNSA,INMAA,1,11384.562,CUST-011,arrived,EUR,false
tnt_acme,SHP-004638,export,INNSA,INMUN,2,5798.928,CUST-031,delivered,USD,false
tnt_demo,SHP-004639,import,CNSHA,USNYC,4,5265.195,CUST-002,arrived,INR,false
tnt_demo,SHP-004640,export,INNSA,SGSIN,5,21279.365,CUST-025,in_transit,INR,false
tnt_demo,SHP-004641,import,SGSIN,INMUN,1,5786.489,CUST-036,in_transit,EUR,false
tnt_demo,SHP-004642,import,NLRTM,SGSIN,6,5415.134,CUST-011,in_transit,AED,false
tnt_demo,SHP-004643,export,INMUN,AEJEA,1,16883.236,CUST-003,in_transit,INR,false
tnt_demo,SHP-004644,export,INNSA,USNYC,4,7918.534,CUST-018,booked,USD,false
tnt_demo,SHP-004645,export,INNSA,DEHAM,2,12626.159,CUST-045,delivered,EUR,false
tnt_demo,SHP-004646,import,NLRTM,DEHAM,4,7439.937,CUST-009,arrived,USD,false
tnt_acme,SHP-004647,import,DEHAM,INMAA,5,14268.908,CUST-016,booked,INR,false
tnt_demo,SHP-004648,export,INNSA,NLRTM,2,15624.470,CUST-033,booked,USD,false
tnt_demo,SHP-004649,export,INMAA,CNSHA,2,5584.923,CUST-020,booked,INR,false
tnt_demo,SHP-004650,export,INNSA,AEJEA,2,20745.160,CUST-040,arrived,INR,false
tnt_demo,SHP-004651,export,INNSA,INMAA,3,10931.903,CUST-026,booked,USD,false
tnt_demo,SHP-004652,export,INNSA,SGSIN,2,20218.650,CUST-004,arrived,INR,false
tnt_demo,SHP-004653,import,SGSIN,INNSA,1,13866.023,CUST-032,in_transit,USD,false
tnt_demo,SHP-004654,import,NLRTM,SGSIN,3,21171.771,CUST-025,in_transit,INR,false
tnt_demo,SHP-004655,import,USNYC,DEHAM,6,6524.109,CUST-029,arrived,USD,false
tnt_demo,SHP-004656,import,USNYC,INNSA,5,1106.472,CUST-029,booked,EUR,false
tnt_demo,SHP-004657,import,SGSIN,USNYC,3,21742.946,CUST-028,booked,USD,false
tnt_demo,SHP-004658,import,SGSIN,AEJEA,3,2460.286,CUST-016,booked,USD,false
tnt_demo,SHP-004659,export,INNSA,INMAA,5,19257.770,CUST-009,in_transit,EUR,false
tnt_demo,SHP-004660,import,DEHAM,INMUN,2,13351.486,CUST-008,delivered,EUR,false
tnt_demo,SHP-004661,export,INNSA,CNSHA,4,,CUST-035,booked,INR,false
tnt_demo,SHP-004662,export,INMUN,AEJEA,5,6936.854,CUST-005,booked,INR,false
tnt_demo,SHP-004663,import,DEHAM,USNYC,5,,CUST-014,delivered,INR,false
tnt_demo,SHP-004664,import,SGSIN,AEJEA,1,15036.489,CUST-016,in_transit,INR,false
tnt_acme,SHP-004665,import,CNSHA,INMUN,1,18226.993,CUST-032,in_transit,USD,false
tnt_acme,SHP-004666,export,INMUN,INNSA,5,19496.305,CUST-038,in_transit,AED,false
tnt_demo,SHP-004667,export,INMAA,DEHAM,5,5562.341,CUST-029,in_transit,INR,false
tnt_demo,SHP-004668,import,CNSHA,INMUN,5,2925.837,CUST-006,booked,EUR,false
tnt_demo,SHP-004669,import,DEHAM,CNSHA,2,9708.220,CUST-017,arrived,USD,false
tnt_demo,SHP-004670,import,CNSHA,NLRTM,1,4219.525,CUST-026,in_transit,USD,false
tnt_demo,SHP-004671,export,INMAA,CNSHA,4,4829.742,CUST-003,booked,USD,false
tnt_demo,SHP-004672,import,CNSHA,AEJEA,1,3127.211,CUST-002,in_transit,INR,false
tnt_demo,SHP-004673,import,CNSHA,INMUN,2,21401.345,CUST-038,in_transit,INR,false
tnt_demo,SHP-004674,import,DEHAM,NLRTM,3,1705.471,CUST-043,in_transit,INR,false
tnt_demo,SHP-004675,export,INMAA,USNYC,1,20798.959,CUST-024,delivered,USD,true
tnt_demo,SHP-004676,import,CNSHA,DEHAM,2,19126.005,CUST-036,in_transit,EUR,false
tnt_demo,SHP-004677,import,NLRTM,AEJEA,1,9030.897,CUST-046,arrived,USD,false
tnt_demo,SHP-004678,export,INNSA,INMUN,6,11284.293,CUST-047,arrived,INR,false
tnt_demo,SHP-004679,import,CNSHA,NLRTM,3,22601.960,CUST-036,in_transit,EUR,false
tnt_demo,SHP-004680,export,INMAA,USNYC,3,12647.337,CUST-016,in_transit,INR,false
tnt_demo,SHP-004681,export,INNSA,AEJEA,2,3277.051,CUST-050,in_transit,INR,true
tnt_demo,SHP-004682,export,INNSA,USNYC,6,8924.675,CUST-038,in_transit,EUR,false
tnt_demo,SHP-004683,import,CNSHA,INMUN,5,11421.706,CUST-032,arrived,USD,false
tnt_acme,SHP-004684,import,CNSHA,INNSA,5,14795.520,CUST-030,arrived,EUR,false
tnt_demo,SHP-004685,export,INNSA,NLRTM,1,22421.157,CUST-041,arrived,USD,true
tnt_demo,SHP-004686,import,SGSIN,CNSHA,5,17867.908,CUST-033,arrived,INR,false
tnt_demo,SHP-004687,import,SGSIN,INMAA,1,12802.379,CUST-010,in_transit,INR,false
tnt_demo,SHP-004688,export,INNSA,SGSIN,2,20651.963,CUST-010,in_transit,USD,false
tnt_demo,SHP-004689,import,CNSHA,INNSA,2,4099.715,CUST-050,arrived,EUR,false
tnt_demo,SHP-004690,export,INMUN,NLRTM,4,17900.227,CUST-005,in_transit,INR,false
tnt_demo,SHP-004691,import,CNSHA,NLRTM,1,1188.489,CUST-031,booked,AED,false
tnt_demo,SHP-004692,export,INNSA,SGSIN,5,9873.886,CUST-039,in_transit,USD,false
tnt_demo,SHP-004693,export,INMUN,AEJEA,1,14979.637,CUST-018,booked,INR,false
tnt_demo,SHP-004694,export,INNSA,USNYC,5,24760.322,CUST-034,delivered,USD,false
tnt_demo,SHP-004695,import,SGSIN,INMUN,4,14722.667,CUST-044,arrived,INR,false
tnt_demo,SHP-004696,export,INNSA,CNSHA,1,15590.911,CUST-023,booked,USD,true
tnt_demo,SHP-004697,export,INMAA,AEJEA,3,6141.393,CUST-009,in_transit,USD,false
tnt_demo,SHP-004698,export,INNSA,NLRTM,5,19384.522,CUST-004,booked,INR,false
tnt_demo,SHP-004699,import,SGSIN,NLRTM,4,9964.703,CUST-050,arrived,USD,false
tnt_demo,SHP-004700,import,USNYC,NLRTM,1,24573.322,CUST-033,booked,USD,false
tnt_acme,SHP-004701,import,AEJEA,INMUN,6,20745.235,CUST-026,arrived,USD,false
tnt_demo,SHP-004702,import,CNSHA,USNYC,1,8967.230,CUST-036,in_transit,INR,true
tnt_demo,SHP-004703,import,CNSHA,DEHAM,6,10593.242,CUST-028,in_transit,USD,false
tnt_demo,SHP-004704,export,INMAA,AEJEA,2,11996.771,CUST-030,booked,INR,false
tnt_demo,SHP-004705,export,INNSA,DEHAM,3,12048.340,CUST-048,in_transit,USD,false
tnt_demo,SHP-004706,import,USNYC,NLRTM,1,,CUST-014,in_transit,INR,false
tnt_demo,SHP-004707,export,INNSA,SGSIN,1,9632.013,CUST-031,in_transit,INR,false
tnt_demo,SHP-004708,import,USNYC,SGSIN,5,8960.786,CUST-041,booked,INR,false
tnt_demo,SHP-004709,export,INNSA,NLRTM,4,11545.001,CUST-026,booked,INR,false
tnt_demo,SHP-004710,export,INMAA,DEHAM,6,13307.345,CUST-012,in_transit,USD,false
tnt_demo,SHP-004711,export,INMAA,SGSIN,6,23032.169,CUST-042,booked,USD,false
tnt_demo,SHP-004712,import,SGSIN,INNSA,3,3694.401,CUST-039,in_transit,USD,false
tnt_demo,SHP-004713,import,NLRTM,USNYC,6,9918.004,CUST-044,arrived,USD,false
tnt_demo,SHP-004714,export,INMUN,CNSHA,3,18417.326,CUST-041,arrived,EUR,false
tnt_demo,SHP-004715,export,INNSA,DEHAM,3,5042.500,CUST-007,in_transit,INR,false
tnt_demo,SHP-004716,export,INNSA,INMAA,4,22183.852,CUST-028,arrived,USD,false
tnt_demo,SHP-004717,import,CNSHA,NLRTM,2,24474.883,CUST-018,delivered,USD,false
tnt_acme,SHP-004718,export,INNSA,INMAA,3,22837.055,CUST-038,booked,INR,false
tnt_demo,SHP-004719,import,CNSHA,INNSA,5,,CUST-026,arrived,USD,false
tnt_demo,SHP-004720,export,INNSA,INMAA,3,7393.731,CUST-021,in_transit,USD,false
tnt_demo,SHP-004721,import,CNSHA,INMAA,6,1258.155,CUST-006,arrived,EUR,false
tnt_demo,SHP-004722,export,INNSA,CNSHA,4,8844.518,CUST-045,booked,USD,false
tnt_demo,SHP-004723,import,AEJEA,INNSA,6,8850.895,CUST-033,in_transit,INR,false
tnt_demo,SHP-004724,import,SGSIN,INMUN,6,12447.557,CUST-042,in_transit,INR,false
tnt_demo,SHP-004725,import,CNSHA,DEHAM,6,22820.861,CUST-004,in_transit,AED,false
tnt_demo,SHP-004726,export,INNSA,AEJEA,3,7389.917,CUST-014,in_transit,INR,false
tnt_demo,SHP-004727,import,SGSIN,INMAA,6,938.210,CUST-012,booked,USD,false
tnt_demo,SHP-004728,import,SGSIN,NLRTM,4,16236.178,CUST-039,booked,INR,false
tnt_demo,SHP-004729,export,INMAA,INMUN,2,13142.981,CUST-030,in_transit,EUR,false
tnt_demo,SHP-004730,export,INMAA,AEJEA,2,23564.055,CUST-018,in_transit,EUR,false
tnt_demo,SHP-004731,export,INNSA,USNYC,1,6447.890,CUST-042,in_transit,USD,false
tnt_demo,SHP-004732,import,CNSHA,INMAA,3,15802.718,CUST-037,in_transit,USD,false
tnt_demo,SHP-004733,import,CNSHA,INMAA,2,3652.593,CUST-001,booked,EUR,false
tnt_demo,SHP-004734,import,DEHAM,INMAA,2,,CUST-033,arrived,USD,false
tnt_demo,SHP-004735,import,NLRTM,USNYC,6,21604.502,CUST-010,delivered,EUR,false
tnt_demo,SHP-004736,export,INNSA,DEHAM,3,10821.730,CUST-004,booked,USD,false
tnt_demo,SHP-004737,import,SGSIN,DEHAM,2,8689.269,CUST-033,in_transit,USD,false
tnt_demo,SHP-004738,import,CNSHA,NLRTM,6,7763.049,CUST-011,in_transit,INR,false
tnt_acme,SHP-004739,import,CNSHA,NLRTM,3,17609.827,CUST-006,delivered,AED,false
tnt_demo,SHP-004740,export,INNSA,SGSIN,3,,CUST-003,booked,USD,false
tnt_demo,SHP-004741,import,NLRTM,CNSHA,4,20603.456,CUST-001,delivered,INR,false
tnt_demo,SHP-004742,export,INNSA,AEJEA,3,23162.619,CUST-016,in_transit,AED,false
tnt_demo,SHP-004743,import,CNSHA,DEHAM,3,17106.952,CUST-040,in_transit,USD,false
tnt_demo,SHP-004744,import,SGSIN,CNSHA,5,21548.021,CUST-012,in_transit,USD,false
tnt_demo,SHP-004745,export,INNSA,SGSIN,6,10060.831,CUST-029,booked,USD,false
tnt_demo,SHP-004746,export,INNSA,CNSHA,2,3502.026,CUST-003,booked,INR,false
tnt_demo,SHP-004747,export,INNSA,USNYC,4,24735.833,CUST-018,in_transit,USD,false
tnt_demo,SHP-004748,export,INNSA,DEHAM,1,19831.581,CUST-043,in_transit,USD,false
tnt_demo,SHP-004749,export,INNSA,CNSHA,5,23295.728,CUST-023,arrived,USD,false
tnt_demo,SHP-004750,export,INNSA,CNSHA,3,5981.480,CUST-017,booked,EUR,false
tnt_demo,SHP-004751,import,DEHAM,INNSA,4,9781.528,CUST-025,in_transit,INR,false
tnt_demo,SHP-004752,export,INNSA,INMAA,5,5408.756,CUST-005,booked,USD,false
tnt_demo,SHP-004753,export,INMUN,INMAA,6,20495.897,CUST-015,booked,EUR,false
tnt_demo,SHP-004754,export,INNSA,SGSIN,5,4044.604,CUST-016,arrived,INR,false
tnt_demo,SHP-004755,import,SGSIN,INNSA,2,19619.850,CUST-044,booked,USD,false
tnt_demo,SHP-004756,export,INNSA,USNYC,5,15553.061,CUST-037,arrived,USD,false
tnt_demo,SHP-004757,export,INNSA,INMAA,2,9497.831,CUST-040,in_transit,AED,false
tnt_acme,SHP-004758,export,INMAA,SGSIN,5,17391.014,CUST-030,in_transit,USD,false
tnt_demo,SHP-004759,export,INNSA,AEJEA,6,23801.804,CUST-002,booked,USD,false
tnt_demo,SHP-004760,import,AEJEA,CNSHA,1,24679.222,CUST-037,delivered,INR,false
tnt_demo,SHP-004761,import,NLRTM,AEJEA,4,7692.687,CUST-030,arrived,INR,false
tnt_acme,SHP-004762,import,CNSHA,DEHAM,3,13850.957,CUST-036,in_transit,USD,false
tnt_demo,SHP-004763,import,AEJEA,INNSA,4,967.677,CUST-021,delivered,USD,false
tnt_demo,SHP-004764,export,INMAA,AEJEA,6,6743.082,CUST-033,delivered,INR,false
tnt_demo,SHP-004765,import,CNSHA,NLRTM,3,4310.026,CUST-034,booked,USD,false
tnt_demo,SHP-004766,import,AEJEA,DEHAM,1,22764.292,CUST-050,in_transit,INR,false
tnt_demo,SHP-004767,export,INMAA,INNSA,4,7898.055,CUST-023,arrived,INR,false
tnt_demo,SHP-004768,export,INNSA,DEHAM,1,1084.306,CUST-016,delivered,INR,false
tnt_demo,SHP-004769,import,CNSHA,INNSA,3,2636.309,CUST-043,in_transit,USD,true
tnt_demo,SHP-004770,import,CNSHA,SGSIN,5,4869.296,CUST-039,in_transit,USD,false
tnt_demo,SHP-004771,export,INMAA,INMUN,2,16304.833,CUST-015,in_transit,USD,false
tnt_demo,SHP-004772,export,INNSA,NLRTM,2,9472.538,CUST-020,in_transit,USD,false
tnt_demo,SHP-004773,export,INNSA,INMAA,6,19619.469,CUST-003,booked,INR,false
tnt_demo,SHP-004774,export,INMAA,INNSA,4,18119.431,CUST-028,in_transit,USD,false
tnt_demo,SHP-004775,export,INNSA,CNSHA,6,19941.914,CUST-004,in_transit,USD,false
tnt_demo,SHP-004776,export,INMAA,AEJEA,4,21247.419,CUST-026,arrived,USD,false
tnt_acme,SHP-004777,import,CNSHA,AEJEA,4,15426.338,CUST-017,booked,INR,true
tnt_demo,SHP-004778,import,DEHAM,CNSHA,5,20545.004,CUST-022,booked,INR,false
tnt_demo,SHP-004779,export,INNSA,INMUN,3,23561.486,CUST-034,booked,USD,false
tnt_demo,SHP-004780,import,CNSHA,INNSA,3,6521.993,CUST-019,in_transit,EUR,false
tnt_demo,SHP-004781,export,INMAA,USNYC,5,16472.514,CUST-010,arrived,AED,false
tnt_demo,SHP-004782,export,INMAA,AEJEA,4,21505.289,CUST-017,arrived,INR,false
tnt_demo,SHP-004783,export,INNSA,SGSIN,5,11191.800,CUST-049,in_transit,INR,false
tnt_demo,SHP-004784,import,CNSHA,USNYC,4,20851.607,CUST-023,in_transit,EUR,false
tnt_demo,SHP-004785,export,INMAA,AEJEA,1,22680.490,CUST-030,arrived,EUR,false
tnt_demo,SHP-004786,import,CNSHA,USNYC,6,4565.763,CUST-007,in_transit,EUR,false
tnt_demo,SHP-004787,export,INNSA,DEHAM,6,,CUST-005,booked,INR,false
tnt_demo,SHP-004788,export,INMAA,AEJEA,5,1660.651,CUST-012,delivered,EUR,false
tnt_demo,SHP-004789,export,INNSA,SGSIN,2,12220.410,CUST-025,in_transit,USD,false
tnt_demo,SHP-004790,export,INNSA,DEHAM,2,,CUST-033,booked,INR,false
tnt_demo,SHP-004791,import,CNSHA,INMAA,4,1773.119,CUST-023,in_transit,INR,false
tnt_demo,SHP-004792,import,CNSHA,INMUN,4,24998.916,CUST-011,arrived,INR,false
tnt_demo,SHP-004793,import,USNYC,NLRTM,6,14144.812,CUST-010,delivered,USD,false
tnt_demo,SHP-004794,export,INNSA,NLRTM,4,8950.454,CUST-014,in_transit,USD,false
tnt_demo,SHP-004795,export,INNSA,AEJEA,6,4813.765,CUST-026,in_transit,USD,false
tnt_demo,SHP-004796,import,CNSHA,USNYC,4,21770.100,CUST-043,in_transit,INR,false
tnt_demo,SHP-004797,export,INMUN,SGSIN,4,16482.304,CUST-019,booked,INR,false
tnt_demo,SHP-004798,import,SGSIN,CNSHA,1,4009.840,CUST-028,booked,USD,false
tnt_demo,SHP-004799,export,INNSA,AEJEA,3,9105.361,CUST-030,arrived,EUR,false
tnt_acme,SHP-004800,export,INNSA,USNYC,5,7943.225,CUST-006,in_transit,INR,false
tnt_demo,SHP-004801,import,USNYC,INMUN,5,15251.176,CUST-030,in_transit,INR,false
tnt_acme,SHP-004802,export,INNSA,SGSIN,5,3572.326,CUST-009,delivered,USD,false
tnt_demo,SHP-004803,import,CNSHA,NLRTM,1,9059.899,CUST-007,in_transit,USD,false
tnt_demo,SHP-004804,import,SGSIN,INNSA,3,5730.995,CUST-027,arrived,INR,false
tnt_demo,SHP-004805,export,INMUN,AEJEA,6,19903.746,CUST-023,delivered,USD,false
tnt_demo,SHP-004806,export,INNSA,USNYC,4,5800.622,CUST-038,booked,INR,false
tnt_demo,SHP-004807,export,INNSA,SGSIN,1,21307.917,CUST-010,in_transit,USD,false
tnt_demo,SHP-004808,export,INNSA,SGSIN,4,2544.469,CUST-046,booked,EUR,false
tnt_demo,SHP-004809,import,SGSIN,NLRTM,6,9932.829,CUST-016,booked,USD,false
tnt_demo,SHP-004810,import,USNYC,NLRTM,2,7934.210,CUST-026,in_transit,INR,false
tnt_demo,SHP-004811,export,INNSA,SGSIN,5,24338.987,CUST-004,booked,INR,false
tnt_demo,SHP-004812,export,INMAA,INMUN,1,10480.340,CUST-017,in_transit,AED,false
tnt_demo,SHP-004813,import,NLRTM,USNYC,3,8178.900,CUST-035,delivered,USD,false
tnt_demo,SHP-004814,export,INMAA,CNSHA,4,3760.141,CUST-024,arrived,USD,false
tnt_demo,SHP-004815,import,SGSIN,INNSA,6,18606.411,CUST-006,booked,INR,false
tnt_demo,SHP-004816,import,DEHAM,SGSIN,3,15080.109,CUST-007,booked,INR,false
tnt_demo,SHP-004817,export,INNSA,USNYC,2,5628.355,CUST-009,in_transit,USD,false
tnt_demo,SHP-004818,export,INMAA,NLRTM,4,6844.305,CUST-002,delivered,USD,false
tnt_demo,SHP-004819,export,INMAA,NLRTM,6,18251.594,CUST-010,booked,USD,false
tnt_demo,SHP-004820,import,CNSHA,AEJEA,1,5300.432,CUST-010,in_transit,USD,false
tnt_demo,SHP-004821,import,CNSHA,USNYC,3,21909.133,CUST-027,in_transit,USD,false
tnt_acme,SHP-004822,export,INMAA,AEJEA,5,5554.084,CUST-021,booked,USD,false
tnt_demo,SHP-004823,import,CNSHA,USNYC,5,3992.329,CUST-044,arrived,INR,false
tnt_demo,SHP-004824,import,CNSHA,INNSA,2,8978.670,CUST-027,arrived,USD,false
tnt_demo,SHP-004825,import,CNSHA,DEHAM,5,9187.949,CUST-012,arrived,USD,false
tnt_demo,SHP-004826,import,DEHAM,CNSHA,2,4295.748,CUST-009,arrived,INR,false
tnt_demo,SHP-004827,export,INNSA,USNYC,1,4189.818,CUST-028,booked,EUR,false
tnt_demo,SHP-004828,import,SGSIN,INMAA,5,21381.745,CUST-038,in_transit,INR,false
tnt_demo,SHP-004829,import,USNYC,CNSHA,4,18392.151,CUST-032,in_transit,EUR,false
tnt_demo,SHP-004830,import,CNSHA,INMAA,3,1884.440,CUST-041,in_transit,INR,false
tnt_demo,SHP-004831,export,INNSA,DEHAM,4,20848.946,CUST-017,in_transit,USD,false
tnt_demo,SHP-004832,export,INMAA,DEHAM,6,17838.609,CUST-046,arrived,INR,false
tnt_acme,SHP-004833,export,INMAA,INNSA,4,4589.084,CUST-017,booked,INR,false
tnt_demo,SHP-004834,export,INNSA,USNYC,4,17847.232,CUST-048,in_transit,USD,false
tnt_demo,SHP-004835,import,DEHAM,CNSHA,3,6982.537,CUST-008,arrived,INR,false
tnt_demo,SHP-004836,import,SGSIN,AEJEA,1,7899.505,CUST-003,booked,USD,false
tnt_demo,SHP-004837,export,INNSA,SGSIN,5,12079.351,CUST-010,booked,USD,false
tnt_acme,SHP-004838,import,CNSHA,USNYC,2,14750.142,CUST-050,arrived,USD,false
tnt_demo,SHP-004839,export,INMAA,DEHAM,4,15659.188,CUST-003,arrived,EUR,false
tnt_demo,SHP-004840,import,CNSHA,USNYC,6,14494.175,CUST-037,in_transit,INR,false
tnt_demo,SHP-004841,export,INMAA,SGSIN,1,21041.775,CUST-043,booked,USD,false
tnt_demo,SHP-004842,import,CNSHA,USNYC,6,5259.454,CUST-017,in_transit,INR,false
tnt_demo,SHP-004843,import,NLRTM,INNSA,2,3920.268,CUST-002,booked,USD,false
tnt_demo,SHP-004844,import,SGSIN,CNSHA,3,3931.973,CUST-023,arrived,EUR,true
tnt_demo,SHP-004845,export,INNSA,SGSIN,5,16963.960,CUST-040,in_transit,INR,false
tnt_demo,SHP-004846,import,SGSIN,INNSA,5,13162.175,CUST-026,in_transit,USD,false
tnt_demo,SHP-004847,import,SGSIN,INMUN,6,18377.456,CUST-041,booked,EUR,false
tnt_demo,SHP-004848,export,INMAA,SGSIN,1,2285.983,CUST-038,arrived,INR,true
tnt_demo,SHP-004849,export,INMAA,NLRTM,2,,CUST-020,in_transit,INR,false
tnt_demo,SHP-004850,import,CNSHA,DEHAM,4,17906.468,CUST-011,delivered,USD,false
tnt_demo,SHP-004851,export,INNSA,SGSIN,4,4084.859,CUST-043,in_transit,USD,false
tnt_demo,SHP-004852,import,CNSHA,USNYC,4,8160.062,CUST-036,booked,USD,false
tnt_demo,SHP-004853,export,INMUN,SGSIN,1,21988.383,CUST-033,booked,USD,false
tnt_demo,SHP-004854,export,INNSA,INMUN,4,13565.961,CUST-008,in_transit,INR,false
tnt_demo,SHP-004855,import,CNSHA,NLRTM,4,19874.922,CUST-023,arrived,EUR,false
tnt_demo,SHP-004856,export,INMUN,CNSHA,1,12302.169,CUST-030,in_transit,INR,false
tnt_demo,SHP-004857,export,INNSA,INMAA,6,3761.073,CUST-027,booked,USD,false
tnt_demo,SHP-004858,export,INNSA,USNYC,4,18496.955,CUST-025,booked,INR,false
tnt_demo,SHP-004859,export,INNSA,INMUN,6,2367.990,CUST-022,booked,EUR,false
tnt_demo,SHP-004860,export,INNSA,NLRTM,2,22907.437,CUST-020,in_transit,EUR,false
tnt_demo,SHP-004861,import,SGSIN,AEJEA,2,9661.895,CUST-043,booked,EUR,false
tnt_demo,SHP-004862,import,SGSIN,AEJEA,4,,CUST-001,arrived,USD,false
tnt_demo,SHP-004863,export,INMUN,DEHAM,1,17734.132,CUST-025,delivered,USD,false
tnt_demo,SHP-004864,export,INNSA,INMAA,5,11737.216,CUST-032,booked,INR,false
tnt_demo,SHP-004865,export,INMAA,NLRTM,2,6022.055,CUST-011,in_transit,EUR,false
tnt_demo,SHP-004866,export,INNSA,USNYC,1,10897.409,CUST-024,in_transit,INR,false
tnt_demo,SHP-004867,import,SGSIN,CNSHA,4,14653.480,CUST-046,delivered,USD,false
tnt_demo,SHP-004868,import,AEJEA,INMUN,5,6324.086,CUST-005,in_transit,INR,false
tnt_demo,SHP-004869,import,DEHAM,INMAA,6,,CUST-005,arrived,USD,false
tnt_demo,SHP-004870,import,CNSHA,USNYC,1,2174.163,CUST-016,in_transit,INR,false
tnt_demo,SHP-004871,import,USNYC,INMAA,1,14219.065,CUST-034,in_transit,INR,false
tnt_demo,SHP-004872,export,INNSA,DEHAM,5,19871.047,CUST-028,delivered,EUR,false
tnt_demo,SHP-004873,import,CNSHA,INMUN,5,15531.987,CUST-045,booked,INR,false
tnt_demo,SHP-004874,export,INMAA,NLRTM,1,11753.365,CUST-006,booked,USD,false
tnt_demo,SHP-004875,import,CNSHA,INMUN,3,,CUST-041,arrived,INR,false
tnt_demo,SHP-004876,export,INNSA,NLRTM,4,12975.231,CUST-026,booked,AED,false
tnt_demo,SHP-004877,export,INNSA,NLRTM,2,17289.286,CUST-016,booked,INR,false
tnt_demo,SHP-004878,export,INNSA,SGSIN,1,16990.484,CUST-003,in_transit,USD,false
tnt_demo,SHP-004879,export,INNSA,SGSIN,4,18917.843,CUST-001,booked,INR,false
tnt_acme,SHP-004880,export,INMUN,AEJEA,6,14840.246,CUST-031,booked,AED,false
tnt_demo,SHP-004881,export,INNSA,CNSHA,5,1501.982,CUST-033,in_transit,USD,false
tnt_demo,SHP-004882,import,CNSHA,INNSA,4,18754.605,CUST-008,booked,EUR,false
tnt_demo,SHP-004883,export,INNSA,CNSHA,4,3686.443,CUST-036,in_transit,USD,false
tnt_demo,SHP-004884,import,NLRTM,INMUN,1,24179.115,CUST-010,delivered,INR,false
tnt_demo,SHP-004885,import,SGSIN,USNYC,4,19325.121,CUST-005,in_transit,USD,false
tnt_demo,SHP-004886,export,INNSA,SGSIN,1,6523.842,CUST-019,booked,INR,false
tnt_demo,SHP-004887,export,INNSA,SGSIN,1,15003.760,CUST-011,arrived,USD,false
tnt_acme,SHP-004888,export,INNSA,INMUN,2,8082.221,CUST-010,in_transit,USD,false
tnt_acme,SHP-004889,export,INNSA,NLRTM,3,9407.208,CUST-029,in_transit,EUR,false
tnt_demo,SHP-004890,export,INMAA,DEHAM,6,18036.496,CUST-039,in_transit,INR,false
tnt_demo,SHP-004891,export,INNSA,NLRTM,4,1138.987,CUST-018,booked,INR,false
tnt_demo,SHP-004892,export,INMAA,USNYC,5,24386.203,CUST-023,booked,USD,false
tnt_demo,SHP-004893,import,CNSHA,AEJEA,2,12387.964,CUST-002,delivered,USD,false
tnt_demo,SHP-004894,import,CNSHA,SGSIN,5,17209.209,CUST-009,arrived,USD,false
tnt_demo,SHP-004895,import,SGSIN,CNSHA,1,6006.448,CUST-039,booked,INR,false
tnt_demo,SHP-004896,export,INNSA,NLRTM,4,11555.900,CUST-028,booked,USD,false
tnt_demo,SHP-004897,export,INNSA,CNSHA,4,5279.867,CUST-016,in_transit,USD,false
tnt_demo,SHP-004898,export,INNSA,USNYC,2,13125.363,CUST-023,booked,USD,false
tnt_acme,SHP-004899,import,SGSIN,INMUN,2,11896.284,CUST-003,arrived,USD,true
tnt_demo,SHP-004900,import,CNSHA,AEJEA,3,19523.861,CUST-048,booked,INR,false
tnt_demo,SHP-004901,export,INMAA,AEJEA,3,2455.702,CUST-013,in_transit,INR,false
tnt_demo,SHP-004902,import,CNSHA,INMUN,6,6632.688,CUST-021,in_transit,EUR,false
tnt_demo,SHP-004903,export,INMAA,AEJEA,2,23341.623,CUST-050,booked,USD,false
tnt_demo,SHP-004904,import,AEJEA,CNSHA,4,15675.224,CUST-015,booked,USD,false
tnt_acme,SHP-004905,export,INNSA,USNYC,2,3534.406,CUST-046,booked,AED,false
tnt_demo,SHP-004906,import,SGSIN,AEJEA,4,7461.065,CUST-045,in_transit,USD,false
tnt_demo,SHP-004907,import,CNSHA,INNSA,2,21974.079,CUST-001,in_transit,USD,true
tnt_demo,SHP-004908,import,SGSIN,NLRTM,3,3527.206,CUST-002,booked,USD,false
tnt_demo,SHP-004909,import,SGSIN,INNSA,2,15885.918,CUST-040,in_transit,INR,false
tnt_demo,SHP-004910,import,USNYC,DEHAM,2,14170.922,CUST-043,delivered,INR,false
tnt_demo,SHP-004911,import,CNSHA,INMAA,2,9201.652,CUST-039,booked,EUR,false
tnt_demo,SHP-004912,export,INNSA,CNSHA,6,20413.638,CUST-015,arrived,INR,false
tnt_demo,SHP-004913,import,SGSIN,INNSA,4,10172.476,CUST-022,in_transit,USD,false
tnt_demo,SHP-004914,import,DEHAM,AEJEA,6,17136.852,CUST-003,in_transit,EUR,false
tnt_demo,SHP-004915,import,CNSHA,DEHAM,2,9643.304,CUST-028,in_transit,USD,false
tnt_demo,SHP-004916,import,CNSHA,INNSA,4,24282.025,CUST-011,booked,USD,false
tnt_demo,SHP-004917,export,INMAA,SGSIN,3,22472.807,CUST-019,in_transit,USD,false
tnt_demo,SHP-004918,export,INNSA,DEHAM,5,1005.195,CUST-046,delivered,INR,false
tnt_demo,SHP-004919,import,CNSHA,INNSA,5,1975.725,CUST-050,arrived,AED,false
tnt_demo,SHP-004920,import,NLRTM,INMUN,2,18331.081,CUST-035,booked,USD,false
tnt_acme,SHP-004921,import,CNSHA,DEHAM,4,2549.961,CUST-001,in_transit,USD,false
tnt_demo,SHP-004922,import,NLRTM,DEHAM,5,1462.504,CUST-003,arrived,USD,false
tnt_demo,SHP-004923,import,CNSHA,NLRTM,4,4705.139,CUST-044,in_transit,EUR,false
tnt_demo,SHP-004924,import,CNSHA,SGSIN,1,8347.753,CUST-010,arrived,INR,false
tnt_acme,SHP-004925,import,CNSHA,NLRTM,4,5305.724,CUST-041,delivered,USD,false
tnt_demo,SHP-004926,import,AEJEA,INMUN,5,4489.544,CUST-007,in_transit,USD,false
tnt_demo,SHP-004927,import,CNSHA,INMUN,4,5145.540,CUST-006,delivered,USD,false
tnt_demo,SHP-004928,import,CNSHA,INMAA,3,16433.412,CUST-011,arrived,EUR,false
tnt_demo,SHP-004929,export,INMAA,CNSHA,3,19183.511,CUST-043,booked,INR,false
tnt_demo,SHP-004930,export,INNSA,AEJEA,2,15418.707,CUST-010,in_transit,USD,false
tnt_demo,SHP-004931,export,INMAA,SGSIN,1,23201.021,CUST-017,booked,EUR,false
tnt_demo,SHP-004932,export,INNSA,DEHAM,6,20640.845,CUST-035,in_transit,INR,false
tnt_demo,SHP-004933,import,NLRTM,DEHAM,3,,CUST-019,in_transit,EUR,false
tnt_demo,SHP-004934,import,AEJEA,INNSA,6,11605.037,CUST-013,booked,USD,false
tnt_demo,SHP-004935,import,CNSHA,SGSIN,4,21538.990,CUST-032,in_transit,USD,false
tnt_demo,SHP-004936,export,INMAA,INMUN,2,18677.372,CUST-041,in_transit,EUR,false
tnt_demo,SHP-004937,export,INNSA,NLRTM,6,13685.384,CUST-003,booked,EUR,false
tnt_demo,SHP-004938,export,INNSA,AEJEA,1,4306.347,CUST-006,in_transit,USD,false
tnt_demo,SHP-004939,import,SGSIN,USNYC,1,5024.399,CUST-018,in_transit,EUR,true
tnt_demo,SHP-004940,export,INMAA,AEJEA,3,4778.126,CUST-013,arrived,INR,false
tnt_demo,SHP-004941,export,INNSA,DEHAM,2,24673.528,CUST-027,in_transit,USD,false
tnt_demo,SHP-004942,import,CNSHA,SGSIN,2,16976.667,CUST-047,booked,INR,false
tnt_demo,SHP-004943,export,INMAA,INNSA,2,10376.471,CUST-021,booked,USD,false
tnt_demo,SHP-004944,export,INMAA,NLRTM,3,17948.984,CUST-034,booked,INR,false
tnt_demo,SHP-004945,import,USNYC,SGSIN,1,15645.904,CUST-032,in_transit,EUR,false
tnt_demo,SHP-004946,export,INNSA,NLRTM,1,13605.483,CUST-005,booked,INR,false
tnt_demo,SHP-004947,export,INNSA,INMUN,2,896.075,CUST-031,in_transit,EUR,false
tnt_demo,SHP-004948,export,INNSA,AEJEA,2,4996.754,CUST-050,arrived,INR,false
tnt_demo,SHP-004949,import,USNYC,SGSIN,4,1343.587,CUST-044,arrived,INR,false
tnt_demo,SHP-004950,import,SGSIN,NLRTM,1,13970.421,CUST-020,in_transit,INR,false
tnt_acme,SHP-004951,export,INMAA,NLRTM,1,6282.005,CUST-045,booked,INR,false
tnt_acme,SHP-004952,export,INNSA,CNSHA,4,,CUST-049,delivered,EUR,false
tnt_demo,SHP-004953,import,CNSHA,INMUN,3,8046.550,CUST-036,booked,USD,false
tnt_demo,SHP-004954,import,CNSHA,AEJEA,3,22987.534,CUST-033,in_transit,AED,false
tnt_demo,SHP-004955,import,SGSIN,CNSHA,5,,CUST-035,delivered,USD,false
tnt_demo,SHP-004956,import,USNYC,INNSA,5,12361.231,CUST-048,booked,INR,false
tnt_demo,SHP-004957,import,CNSHA,USNYC,2,2594.172,CUST-003,in_transit,INR,false
tnt_demo,SHP-004958,export,INNSA,DEHAM,1,11118.279,CUST-035,in_transit,USD,false
tnt_demo,SHP-004959,export,INNSA,DEHAM,6,2810.417,CUST-008,booked,INR,false
tnt_demo,SHP-004960,export,INNSA,AEJEA,4,,CUST-034,booked,EUR,false
tnt_demo,SHP-004961,export,INNSA,INMAA,4,18957.462,CUST-023,arrived,USD,false
tnt_acme,SHP-004962,import,SGSIN,AEJEA,3,15255.174,CUST-036,booked,EUR,false
tnt_demo,SHP-004963,import,CNSHA,SGSIN,5,5146.964,CUST-022,booked,USD,false
tnt_demo,SHP-004964,export,INMAA,CNSHA,5,18150.563,CUST-001,in_transit,EUR,false
tnt_demo,SHP-004965,import,AEJEA,NLRTM,6,13710.847,CUST-016,booked,USD,false
tnt_demo,SHP-004966,export,INMAA,CNSHA,2,10389.617,CUST-023,booked,INR,false
tnt_demo,SHP-004967,import,SGSIN,INNSA,6,17002.816,CUST-018,booked,USD,false
tnt_demo,SHP-004968,import,SGSIN,NLRTM,1,,CUST-027,in_transit,USD,false
tnt_demo,SHP-004969,export,INNSA,SGSIN,4,4684.567,CUST-046,delivered,INR,false
tnt_acme,SHP-004970,import,CNSHA,INMUN,1,2645.077,CUST-020,booked,USD,false
tnt_demo,SHP-004971,import,CNSHA,INMAA,2,6429.690,CUST-035,in_transit,EUR,false
tnt_demo,SHP-004972,import,SGSIN,INNSA,4,19976.077,CUST-026,in_transit,INR,false
tnt_demo,SHP-004973,export,INNSA,CNSHA,1,4782.265,CUST-030,booked,USD,false
tnt_demo,SHP-004974,export,INNSA,INMUN,2,16632.562,CUST-036,booked,USD,false
tnt_demo,SHP-004975,export,INMUN,AEJEA,6,6446.251,CUST-028,in_transit,USD,false
tnt_acme,SHP-004976,export,INNSA,INMUN,3,23852.389,CUST-046,arrived,USD,false
tnt_demo,SHP-004977,import,CNSHA,AEJEA,4,13952.054,CUST-035,booked,AED,false
tnt_demo,SHP-004978,export,INNSA,INMUN,1,20948.043,CUST-010,delivered,INR,false
tnt_demo,SHP-004979,import,CNSHA,DEHAM,6,663.074,CUST-004,in_transit,INR,false
tnt_demo,SHP-004980,import,SGSIN,CNSHA,4,4306.596,CUST-045,arrived,INR,false
tnt_demo,SHP-004981,export,INMAA,CNSHA,5,8697.986,CUST-047,in_transit,USD,false
tnt_acme,SHP-004982,export,INNSA,CNSHA,3,21561.272,CUST-024,booked,USD,false
tnt_demo,SHP-004983,import,SGSIN,INMUN,6,9784.793,CUST-037,arrived,USD,false
tnt_demo,SHP-004984,export,INNSA,AEJEA,5,11781.759,CUST-015,booked,USD,false
tnt_demo,SHP-004985,import,CNSHA,NLRTM,6,10500.959,CUST-044,in_transit,INR,false
tnt_acme,SHP-004986,export,INMAA,INNSA,1,22642.143,CUST-007,arrived,EUR,false
tnt_demo,SHP-004987,import,CNSHA,INNSA,1,6426.756,CUST-012,in_transit,USD,false
tnt_demo,SHP-004988,import,SGSIN,INMUN,5,19231.589,CUST-042,in_transit,INR,false
tnt_demo,SHP-004989,import,CNSHA,AEJEA,3,3745.399,CUST-009,delivered,USD,false
tnt_acme,SHP-004990,export,INNSA,AEJEA,1,24069.301,CUST-007,delivered,INR,false
tnt_demo,SHP-004991,export,INMAA,INNSA,5,577.925,CUST-005,in_transit,AED,false
tnt_demo,SHP-004992,import,CNSHA,INNSA,5,12730.123,CUST-014,in_transit,USD,false
tnt_demo,SHP-004993,export,INMAA,CNSHA,4,10624.646,CUST-042,in_transit,USD,false
tnt_demo,SHP-004994,import,CNSHA,INMUN,5,7648.400,CUST-023,in_transit,AED,false
tnt_demo,SHP-004995,export,INMAA,NLRTM,5,10835.186,CUST-010,in_transit,USD,false
tnt_demo,SHP-004996,import,DEHAM,AEJEA,3,18873.526,CUST-010,in_transit,USD,false
tnt_acme,SHP-004997,import,SGSIN,INNSA,2,10115.698,CUST-041,booked,INR,false
tnt_demo,SHP-004998,export,INNSA,INMAA,5,20707.613,CUST-012,booked,INR,false
tnt_demo,SHP-004999,export,INMAA,NLRTM,4,2963.644,CUST-028,booked,USD,false
tnt_demo,SHP-005000,import,SGSIN,INMAA,6,7649.517,CUST-040,in_transit,INR,false
